{"type": "FeatureCollection", "attribution": "Department of Defence \u2014 Australian Defence Airfields ANEF/ANEC, CC BY 3.0 AU", "source": "https://data.gov.au/data/dataset/ed102748-0701-4d38-b2eb-a8b1d009ee9f", "features": [{"type": "Feature", "properties": {"base": "RAAF Base Williamtown", "anef_band": "40+", "anef_min": 40}, "geometry": {"type": "Polygon", "coordinates": [[[151.8198891554113, -32.78255004461573], [151.8196018749101, -32.78248201054475], [151.8195705092048, -32.78247028048435], [151.8193151074003, -32.78237526638617], [151.8190342750549, -32.78225382246342], [151.8190285647021, -32.78225138295886], [151.8187422561195, -32.78211002480441], [151.818607172909, -32.78203838958854], [151.8184560834484, -32.78195845453001], [151.8182130789431, -32.7818232687074], [151.8181700092898, -32.78179932927935], [151.8178840265726, -32.78163354509513], [151.8178419011837, -32.78160836090103], [151.8175981264469, -32.78146142052259], [151.8174883218552, -32.78139362016168], [151.8173122914566, -32.78128463510916], [151.8171450799642, -32.78117897406145], [151.8170265071116, -32.78110401913523], [151.8168060293616, -32.78096436862131], [151.8167407280166, -32.78092309389928], [151.8164675543663, -32.78074976672445], [151.8164549552554, -32.78074177777268], [151.8161692073826, -32.78055875960962], [151.8161325988976, -32.78053519620079], [151.8158834733512, -32.78037460685596], [151.8157986114073, -32.78032063593145], [151.8155977189491, -32.78019225844605], [151.815459436557, -32.78010602373541], [151.8153799823009, -32.78005493739767], [151.8153119093685, -32.78001416045299], [151.8151033269544, -32.77989125243892], [151.8150259763345, -32.77984528367858], [151.8147399973421, -32.77968004307996], [151.8147334717978, -32.779676348073], [151.8144540193878, -32.77951498206522], [151.8143612814478, -32.77946142252051], [151.8141680574058, -32.77934844196386], [151.8139867571249, -32.77924647278684], [151.8138820510222, -32.77918568340755], [151.8137685804489, -32.77911691415125], [151.813609953047, -32.77903150035695], [151.8135960369372, -32.77902340604976], [151.8133100589395, -32.77885848881851], [151.8132345484984, -32.77881654007041], [151.8130240239446, -32.77869794446462], [151.8128450957737, -32.77860144652442], [151.8127379151238, -32.77854303534212], [151.8124517256365, -32.77839427316479], [151.8124356365722, -32.77838616011366], [151.8121655523946, -32.77824436047888], [151.8120206196548, -32.77817345127994], [151.8118288799676, -32.77808188549903], [151.8115929784659, -32.77796186193973], [151.8115790079345, -32.77795522755827], [151.8113066615552, -32.77782314443726], [151.8111470316843, -32.77773972435807], [151.8110204874238, -32.77767340540271], [151.8107507182876, -32.77752455828528], [151.8107344252455, -32.77751550016978], [151.8104482845516, -32.77736374888207], [151.8103440386004, -32.77730929252363], [151.8101621072879, -32.777214463912], [151.8099309500184, -32.77709396457146], [151.8098759428424, -32.77706464273706], [151.809589787043, -32.77691406826284], [151.8095050770643, -32.77687851376402], [151.8093032445603, -32.77679259734253], [151.8090165056456, -32.77668592974641], [151.8089466452941, -32.77666180116984], [151.8087295807724, -32.77659326903444], [151.8084420811352, -32.77654395236038], [151.8081541391488, -32.77652748645431], [151.8078647611646, -32.77661906596842], [151.8077828801366, -32.77665073008041], [151.8076633456791, -32.77686099623884], [151.8076741589203, -32.77707250309186], [151.807700900426, -32.77728416154383], [151.80773064009, -32.77749584852262], [151.8077613901989, -32.77762807149617], [151.8077819006176, -32.77783787439853], [151.8077962172629, -32.77791928048288], [151.8078198470838, -32.77801556411782], [151.8079157248652, -32.77828949450463], [151.8079361174761, -32.77834341973232], [151.8080616173662, -32.77855601891287], [151.8081261018161, -32.77863036898333], [151.8081970766618, -32.77871580599708], [151.8082476358414, -32.77876919178914], [151.8084105204905, -32.77891147257299], [151.8084913967674, -32.77898291467471], [151.8086957217442, -32.77913398889348], [151.8087865296363, -32.77919712566126], [151.8089258274483, -32.77928077159493], [151.8091754499445, -32.77944613869545], [151.8092671721597, -32.77950067711146], [151.8094634456889, -32.77962636821832], [151.8095529468716, -32.77968043626288], [151.8098111515445, -32.7798410775182], [151.8098387485011, -32.77985825941505], [151.8101243635757, -32.78005000580919], [151.8101318924325, -32.78005552771293], [151.8104097492882, -32.78025943276054], [151.8104224271672, -32.78026969222975], [151.8106949944557, -32.78047916805315], [151.8107006737528, -32.78048373741422], [151.8109792375028, -32.78069778698659], [151.8109802505319, -32.78069854237623], [151.8112605391181, -32.78091186094207], [151.8112655368581, -32.78091557051044], [151.8115445456501, -32.78112595894999], [151.8115508481993, -32.78113064370643], [151.8118237922628, -32.78134001316471], [151.8118361172126, -32.78134935908395], [151.812104454477, -32.78155407819077], [151.81212140359, -32.78156651673163], [151.8124011885079, -32.78176829699038], [151.8124068448604, -32.78177229950995], [151.8126923392801, -32.78197418005971], [151.8127038096135, -32.78198256891091], [151.8129777210619, -32.78218463871679], [151.8129935601282, -32.78219672012244], [151.8132629906573, -32.78240364662264], [151.8132720876216, -32.78241076235503], [151.813546889868, -32.78262476968303], [151.8135482199162, -32.78262579887746], [151.8138304005647, -32.78283885889169], [151.8138335395982, -32.78284124441552], [151.8141142850408, -32.78305295100864], [151.8141188614185, -32.78305645434892], [151.8143940530225, -32.78326700253422], [151.8144041450564, -32.78327500082042], [151.8146650703591, -32.78348097262449], [151.8146893302924, -32.78350071664886], [151.8149266593302, -32.78369485192815], [151.8149744088421, -32.78373476471768], [151.8151813207875, -32.78390866516213], [151.8152593973084, -32.78397580897905], [151.8154260033591, -32.78412238350882], [151.8155442368682, -32.78422802676232], [151.8156639114973, -32.78433603732697], [151.8158289739822, -32.78448809590651], [151.8158955319111, -32.78454963125603], [151.8161135935122, -32.78475734353657], [151.8161196624153, -32.78476315297445], [151.8163296074254, -32.78497654122782], [151.8163978560966, -32.78505349255965], [151.8165189589077, -32.78518973454248], [151.8166814340918, -32.78540157342246], [151.8166822869692, -32.78540268171713], [151.8168010050847, -32.78561520823735], [151.8168617889988, -32.78582718638143], [151.816827730654, -32.78603826855584], [151.8166708569941, -32.78620035866021], [151.8166192989651, -32.78624770224428], [151.8163798586725, -32.78641233638848], [151.8163258787548, -32.7864563338523], [151.8162660511257, -32.78666717178714], [151.8161923239154, -32.78687787880733], [151.8161177123974, -32.78708857740435], [151.8160812331737, -32.7871999932409], [151.8160463829385, -32.7872993069721], [151.8160160769271, -32.78748792581666], [151.8160101192992, -32.78753482400901], [151.8159911337198, -32.78772159234592], [151.8159740735733, -32.78814423821433], [151.8160299206122, -32.78856757382204], [151.8160613696364, -32.78869920245512], [151.8161297169202, -32.78899132533132], [151.8162828061901, -32.78941557948178], [151.8164772695657, -32.78984022493933], [151.81661916142, -32.79010396655099], [151.8166882867322, -32.7902390182324], [151.8167051152349, -32.79026518552092], [151.8167324388027, -32.7903079803304], [151.8168953014442, -32.79058617000624], [151.8169662458517, -32.79069045961711], [151.8170859811911, -32.79086650531445], [151.8171232255859, -32.79092588801319], [151.8171835162721, -32.7910143435617], [151.8172500186098, -32.79111594751288], [151.8173575104812, -32.79127936778627], [151.817543653564, -32.79154152789386], [151.8176508553133, -32.79168944685352], [151.8177493272808, -32.79181552685668], [151.8178692580138, -32.79196740913375], [151.8180331471435, -32.79214719780384], [151.8180661026748, -32.79218067086015], [151.8182839086805, -32.79239413008185], [151.8183176729765, -32.79242582818739], [151.8184546364762, -32.79255627996662], [151.8186798329979, -32.79274363356257], [151.8187708943569, -32.79282153188279], [151.818887609645, -32.79291618888442], [151.8193026548171, -32.79324935385461], [151.8194580582851, -32.79336845572368], [151.8199044584109, -32.79367783392479], [151.8200293518235, -32.79375718872024], [151.8203919576094, -32.79397121340355], [151.8206015336998, -32.79407891975342], [151.8206580585263, -32.79410774073619], [151.8208877731923, -32.7942287821661], [151.8210385660013, -32.79432272734743], [151.8211735824743, -32.79441114087496], [151.8213688506386, -32.79453724018765], [151.8214318328195, -32.79457855307186], [151.8215166725716, -32.79462323311003], [151.8217454709055, -32.79475575267219], [151.8218505660793, -32.79480937290305], [151.8221938103264, -32.79496780937933], [151.8222896803505, -32.79501105040794], [151.8223183898372, -32.79502271003713], [151.8223692313801, -32.79504446427677], [151.8228356903464, -32.79522665345706], [151.8228919208448, -32.79524329869167], [151.8231790492035, -32.79532617530384], [151.8233972363915, -32.79540192994921], [151.8234658859997, -32.79543123014503], [151.8237519307704, -32.79559639977629], [151.8237875595764, -32.79561700054097], [151.824037973116, -32.79576192344786], [151.8241582494528, -32.79583188558041], [151.8243239477877, -32.79593266908267], [151.8244896765274, -32.79604640092066], [151.8246095182432, -32.79613417458199], [151.8247836345265, -32.79626056387502], [151.8248571597618, -32.79631725207372], [151.8250019428035, -32.7964210046909], [151.8251804460276, -32.79655377275907], [151.8252396767829, -32.79659987281866], [151.8253655915514, -32.79668883185064], [151.8257515529318, -32.79696010828485], [151.8258955685698, -32.79706329709182], [151.8259762158921, -32.79711736569811], [151.8262389862316, -32.79730022575939], [151.8262967336168, -32.7973414049315], [151.8263227618294, -32.79735907536866], [151.8265928329863, -32.79754595301631], [151.8266083926574, -32.79755671904684], [151.8268940112883, -32.79775538677279], [151.826900927164, -32.7977602433034], [151.827179595626, -32.79795676379501], [151.8272048005349, -32.79797449380033], [151.8274651763153, -32.79815847195687], [151.8275075891423, -32.79818873317129], [151.827750730365, -32.79836235205534], [151.8278060472696, -32.7984029310403], [151.8280361481217, -32.79857667498311], [151.8280842656987, -32.79861693903291], [151.8281950260458, -32.79871155181416], [151.8283212825424, -32.79881274634891], [151.8283426102864, -32.79883076021838], [151.828606328215, -32.79905565362475], [151.8286910830652, -32.79913105115617], [151.8288403455751, -32.7992582242307], [151.8291763803639, -32.79954490249077], [151.82929594623, -32.79964098288821], [151.8293562075604, -32.79968585576546], [151.8295309587047, -32.79981883767641], [151.8296703671411, -32.79992860021156], [151.8297470811402, -32.79998505216361], [151.8299188383166, -32.8001139222597], [151.8300325688388, -32.8001948394022], [151.8302246024429, -32.80032818297479], [151.8303182376985, -32.80039087281176], [151.8305502943082, -32.80054262857607], [151.8305787682855, -32.80056157654417], [151.8306040368516, -32.80057707340035], [151.8308899405139, -32.80075533621994], [151.8308929349525, -32.8007572320883], [151.83117586116, -32.80093243261803], [151.8312417167173, -32.80097189199893], [151.8314616163942, -32.80112221434331], [151.831557157264, -32.8011862398314], [151.831747310448, -32.80131681097828], [151.8318706625535, -32.80140056882772], [151.8320330606251, -32.80150718829077], [151.8322067545308, -32.80161510721086], [151.8323190035903, -32.80168292469887], [151.8325763498354, -32.80182995857638], [151.8326051226345, -32.80184527661424], [151.8328913743995, -32.80199752939438], [151.8329789199041, -32.80204511470964], [151.8331775210158, -32.80215792823873], [151.8333474362994, -32.80225995277493], [151.8334634882879, -32.80233212495818], [151.8336896893436, -32.80247454513864], [151.8337493523602, -32.80251432141523], [151.8339932012236, -32.80268877581682], [151.8340348962878, -32.80272112061414], [151.8342712658996, -32.80290276885682], [151.8343202794804, -32.802940335362], [151.834566478409, -32.80311692040334], [151.8346058637751, -32.8031442521451], [151.8348851825615, -32.80333129036018], [151.8348916151315, -32.80333545941539], [151.8351771916958, -32.80354015894324], [151.8351839956364, -32.80354547447462], [151.8354377517269, -32.80375923883236], [151.8354623156898, -32.80377966775706], [151.8356870575865, -32.80397296129308], [151.8357243933051, -32.80400734199083], [151.8358372288195, -32.80410775260623], [151.8360321889679, -32.80428778985674], [151.8360782879781, -32.80433096217695], [151.836120253799, -32.80436712427445], [151.836161713787, -32.80440018208054], [151.8362675806027, -32.80448844290265], [151.8365035793878, -32.80468802581373], [151.8366023795855, -32.8047720318371], [151.8366701098063, -32.80482771359721], [151.8367722906139, -32.80491409673681], [151.8371584203931, -32.80524983616806], [151.8371644399953, -32.80525511444426], [151.8371667590883, -32.8052572647569], [151.8371694141752, -32.8052597328217], [151.8371724960324, -32.80526245278861], [151.837186060219, -32.80527545894387], [151.8373650669122, -32.80544633106547], [151.8375410183819, -32.80561914402568], [151.8375934289314, -32.80568190576088], [151.8377411884067, -32.80586277565817], [151.8377572598688, -32.80588285149781], [151.837777823129, -32.80590867431647], [151.8379352309206, -32.80610788645259], [151.8380210864435, -32.80621576526539], [151.8382812326544, -32.80652368548226], [151.8382895572514, -32.80653398144199], [151.8383086615041, -32.80655737808848], [151.838582360686, -32.80685770986713], [151.8386887853677, -32.80696049193659], [151.8388772782562, -32.80716472472352], [151.8388855653327, -32.8071737219289], [151.8390886214268, -32.80738700980243], [151.8391189660512, -32.8074190196769], [151.8392983573144, -32.80759191288587], [151.8394463184145, -32.8077400385655], [151.8394759696117, -32.80776935855624], [151.8395254480905, -32.80781386629423], [151.8400163818037, -32.80823721895462], [151.840021304717, -32.80824126920527], [151.8405563227179, -32.80866903286551], [151.8405870003271, -32.808692088285], [151.8411586246299, -32.80906991224958], [151.8412025421331, -32.80909782356053], [151.8414841315918, -32.80928249859733], [151.8417304397009, -32.80943344832372], [151.8418247213767, -32.80949154059488], [151.8418869062191, -32.8095269638257], [151.842162983129, -32.80968933976231], [151.8422708163741, -32.80975365261304], [151.8423025812305, -32.80977212158939], [151.8425888271362, -32.80992809676468], [151.842654597657, -32.80995686973534], [151.8428755145974, -32.81004998809379], [151.8430516984293, -32.81012353868385], [151.8433469318709, -32.81023541664047], [151.8434491203755, -32.81027631556123], [151.8437695637193, -32.81038997967721], [151.8440230456546, -32.81047814752782], [151.8445972108551, -32.81066173514324], [151.8451717483115, -32.81081659208837], [151.8452182757461, -32.81082615866757], [151.8457467434785, -32.81093620335258], [151.8460339944102, -32.81097933296962], [151.8463222418425, -32.81101708843056], [151.8466101069099, -32.81103408065439], [151.8468984244005, -32.81104508335227], [151.8470512746178, -32.81104173767454], [151.8473125959827, -32.81102982699883], [151.8474753125018, -32.81101845679734], [151.8476690339432, -32.81098799372643], [151.8478964247927, -32.81094758063944], [151.8480532100212, -32.81091339073112], [151.8482824686738, -32.81085438475748], [151.8483424419901, -32.81083904729388], [151.8486319970646, -32.81073943065968], [151.8488033331306, -32.81064777216733], [151.8489222795648, -32.81058352591555], [151.8491744100619, -32.81043977859605], [151.8491960847155, -32.81042789916324], [151.8492126741171, -32.81041866631546], [151.8495027444116, -32.81027897897098], [151.8495340461512, -32.81023168076518], [151.8496256913679, -32.8100211177229], [151.8497063933958, -32.80981045505871], [151.8497992522243, -32.80963951840329], [151.8498581990559, -32.80960044654228], [151.8500894309359, -32.80949114326319], [151.8503776249909, -32.80949674013169], [151.8506650187386, -32.80956469383017], [151.8507863998462, -32.80960897009265], [151.8509519474203, -32.80966863568972], [151.8512386199549, -32.80979253906582], [151.8513065729212, -32.80982514699923], [151.8515251285401, -32.80992943300271], [151.851742486135, -32.81004054999289], [151.8518115164951, -32.81007568363799], [151.8520977858233, -32.81023114365109], [151.8521410000218, -32.81025560960177], [151.8523839628015, -32.81039404891095], [151.8525133754491, -32.81047042638784], [151.852670047485, -32.8105640340047], [151.8528675629191, -32.8106850774351], [151.8529560617145, -32.81073958867017], [151.8532087189869, -32.81089960613451], [151.8532420066534, -32.81092080852039], [151.853527923925, -32.81110408954044], [151.8535432510391, -32.81111407524429], [151.8538137887067, -32.81129164292099], [151.8538693812519, -32.81132846457234], [151.8540996093727, -32.81148272696072], [151.8541880620854, -32.81154278587758], [151.8543853754438, -32.81167816001198], [151.8545000480427, -32.81175704512719], [151.8546711037931, -32.81187644770421], [151.8548075507792, -32.8119712626019], [151.8549568266338, -32.81207563182323], [151.8551196104712, -32.81218552101507], [151.8552426101837, -32.81226999672111], [151.8554333316405, -32.81239979384333], [151.8555283730464, -32.81246588818141], [151.8557410840707, -32.81261401134333], [151.8558140861705, -32.81266612571312], [151.8560385739396, -32.81282813432313], [151.8560997023916, -32.81287365810476], [151.8563310357787, -32.81304221067433], [151.8563853118225, -32.81308200825885], [151.8566342936535, -32.81325638495338], [151.8566710237299, -32.81328246090925], [151.8569519482676, -32.81347068797481], [151.8569552905504, -32.813473028479], [151.8569962277742, -32.81350021610405], [151.8572427129945, -32.81366292923474], [151.8572776355311, -32.81368506750158], [151.857528505053, -32.81385741453937], [151.8575909427711, -32.81389933122819], [151.857814205237, -32.81405917682855], [151.8578951663164, -32.81411351131231], [151.8580999303404, -32.81425909270814], [151.858204491593, -32.81432773719956], [151.8583857195243, -32.81445409779792], [151.8585317318871, -32.81454212568451], [151.8586717073212, -32.81463348172144], [151.8588913440973, -32.81475680840595], [151.8589578787414, -32.81479895891528], [151.8592441298317, -32.81495791643351], [151.859275558921, -32.81497171230893], [151.8595306981825, -32.815092306623], [151.8598178023664, -32.81518481446705], [151.8598365494053, -32.81518822916382], [151.8601053950724, -32.81523911363143], [151.8603938685372, -32.81522445088331], [151.8604270600878, -32.81521788278474], [151.8604912974724, -32.8151941906732], [151.8606835727173, -32.81511335639817], [151.8608058583477, -32.81498564721102], [151.8609175936457, -32.81477526157249], [151.8609161621264, -32.81456384418908], [151.860822045892, -32.81435158343328], [151.8606960037883, -32.81413936064087], [151.8606957910525, -32.81413903012765], [151.8605426584309, -32.81392623206131], [151.8604129870273, -32.81372685218355], [151.8604046339367, -32.81371357133872], [151.8602680979599, -32.81350092400788], [151.8601301122289, -32.81330342766677], [151.8601197328253, -32.81328816883308], [151.8599602790164, -32.81307531250752], [151.859846540965, -32.81293474106718], [151.8597889915202, -32.81286234820448], [151.859604748043, -32.81264926565319], [151.859562494353, -32.8126034455376], [151.8594117787802, -32.81243610333775], [151.8592781591301, -32.81229490019587], [151.8592112839856, -32.81222287215547], [151.8590150956661, -32.81200967989656], [151.8589938278895, -32.81198638014217], [151.8588245059402, -32.81179653837705], [151.8587572311129, -32.81172502619978], [151.8585732471208, -32.81152780183959], [151.8584249611426, -32.8113854026854], [151.8584095878221, -32.81136994683948], [151.8581821023621, -32.81115646891061], [151.8581400944959, -32.81111901235124], [151.8579438165895, -32.81094289006893], [151.8578550885551, -32.81086364236182], [151.8577062369236, -32.81072931920818], [151.8575700806605, -32.81060855250621], [151.8574677695074, -32.81051573780923], [151.8572850852127, -32.81035261579723], [151.8572295743802, -32.81030215945015], [151.8570000565633, -32.81009939935376], [151.8569879544185, -32.81008854937784], [151.8567410092344, -32.80987489021902], [151.8567149423656, -32.8098529900044], [151.8564825400895, -32.80966112631802], [151.8564296691378, -32.80961911825364], [151.8562086779066, -32.80944721928063], [151.8561442408306, -32.80939746751017], [151.8559297712441, -32.8092332675418], [151.8558587856604, -32.80917820751813], [151.8556595120981, -32.80901939223821], [151.8555734436532, -32.80894986027499], [151.855397532512, -32.80880559405682], [151.8552881912034, -32.80871500839783], [151.8551396332358, -32.80859183064524], [151.8550770484569, -32.8085363790334], [151.8550029724806, -32.80847745885922], [151.8548820346061, -32.80837807145434], [151.8548068584779, -32.80831136579184], [151.8547177540783, -32.80823981807964], [151.8546292589249, -32.80816435487168], [151.8544326796717, -32.80799143949253], [151.8543868398845, -32.8079507325524], [151.8541526341889, -32.80773718494055], [151.854147740246, -32.80773248232595], [151.8539302951411, -32.80752374651485], [151.8538630362395, -32.80745531156424], [151.853720561864, -32.80731042112797], [151.8535786601425, -32.80715273720648], [151.8535287085375, -32.80709726110615], [151.8533646435988, -32.80688435329574], [151.8532953256787, -32.80676929204617], [151.8532363772953, -32.80667177416558], [151.8531696702034, -32.80645975878218], [151.8532053451128, -32.80624868214767], [151.8533032886147, -32.80614920991121], [151.8534268018116, -32.80603930594702], [151.8535938308344, -32.80597108848559], [151.8538834992643, -32.80586104847788], [151.8539529916374, -32.80583271902594], [151.8540760903479, -32.80562244128868], [151.8541773778728, -32.80542284070481], [151.8541832231368, -32.80541201630484], [151.8543036706191, -32.80520171405306], [151.8544170986092, -32.80499134744662], [151.8544743631003, -32.80474222450721], [151.8545046935292, -32.80461136988475], [151.854514524297, -32.80456943083004], [151.8545625977603, -32.8041470616314], [151.8545344892275, -32.80372399545365], [151.8544903259948, -32.803497781293], [151.8544530314932, -32.80330044117608], [151.8543204438754, -32.80287641949792], [151.8542317858121, -32.80266337529292], [151.8541378776391, -32.80245193980966], [151.8539322100225, -32.80206551221244], [151.853911532933, -32.80202705864332], [151.8536503422378, -32.80160185905453], [151.8533669286305, -32.80119280960992], [151.8533579278285, -32.80117973444283], [151.853355283306, -32.80117634828764], [151.8533504736071, -32.80117016382866], [151.8531113167252, -32.80084667184832], [151.8530336592996, -32.80075059350224], [151.8528889301547, -32.80057104992943], [151.8528488276614, -32.80051925971583], [151.8527998490589, -32.80046085594768], [151.8526881453114, -32.80032461950572], [151.8525159389035, -32.80012406712473], [151.8525044332384, -32.80011153150559], [151.852280407413, -32.79989807374676], [151.852231144862, -32.79985604175528], [151.8520687583954, -32.79971420143784], [151.8517644786539, -32.7994705346398], [151.8516606933047, -32.79938782392765], [151.8512041431818, -32.79904258604944], [151.8510897593834, -32.79895747759599], [151.8506158702711, -32.79861437880288], [151.8505185266272, -32.79855077978101], [151.8499465492139, -32.79820232108688], [151.8499293298104, -32.79819163178433], [151.8499182252534, -32.79818516436166], [151.8493744812735, -32.797861329125], [151.8493244701206, -32.7978308378747], [151.8491884139107, -32.7977556502359], [151.8488019058864, -32.79755996007174], [151.8485226033671, -32.79742976497755], [151.8482773454557, -32.79732446494859], [151.848228760736, -32.79730307950399], [151.8480200842885, -32.7972072172725], [151.8477976385228, -32.79710671766003], [151.8476556778187, -32.79704181613573], [151.8475802931125, -32.7970064937283], [151.8473559836775, -32.79689317861278], [151.8470828124504, -32.79676377509065], [151.8465094102919, -32.79652758299557], [151.8464251949617, -32.79649284790776], [151.8463608369357, -32.79646120560778], [151.8459365839481, -32.79624705649388], [151.8459345621296, -32.79624587339947], [151.8456505884664, -32.79607466676532], [151.845579522809, -32.79603119636766], [151.8453645753266, -32.79590363701914], [151.8452150989556, -32.79581643180347], [151.8450785254687, -32.79573553225021], [151.8448595774726, -32.79560174844039], [151.8447925938548, -32.79555845879128], [151.8446715331096, -32.79547816617782], [151.8445276570188, -32.79538728172798], [151.8445067612629, -32.79537372594041], [151.8442209285573, -32.79518904786454], [151.8441966752526, -32.79517282288515], [151.8439352338755, -32.79499388709354], [151.8438831943865, -32.79495852473588], [151.8436495197753, -32.79480027666443], [151.843567326358, -32.79474420376948], [151.8433638210965, -32.79460557071928], [151.8432545127342, -32.79452991024192], [151.8430781564795, -32.79440833068247], [151.8429430231346, -32.79431562816956], [151.8427924650036, -32.79421335295046], [151.8426263210192, -32.79410129716928], [151.8425067486453, -32.79402030037721], [151.8423100323857, -32.79388696913981], [151.8422210484808, -32.79382609430598], [151.8420448739241, -32.79367311311933], [151.84193604283, -32.79357845034298], [151.8418042484445, -32.79345948368797], [151.8416510841612, -32.79332725867391], [151.8415585091574, -32.79324580612706], [151.8413660889707, -32.79307900678145], [151.841311816289, -32.79303211952185], [151.8410810328276, -32.79283557431444], [151.8410599819764, -32.79281838485787], [151.8407956678627, -32.79261610767628], [151.8407801473347, -32.792604390375], [151.840510182659, -32.79240596911797], [151.8404887682223, -32.79239028839726], [151.8402246728027, -32.79219787733678], [151.8401963461938, -32.7921761760939], [151.8400195382925, -32.79203912371565], [151.8396540341025, -32.79175257248943], [151.8396483347136, -32.79174829099509], [151.8392788103773, -32.79145537385119], [151.8390982505067, -32.79132038408085], [151.8390833804038, -32.79130892726107], [151.8388203102712, -32.79110640286098], [151.838798023161, -32.79108957170865], [151.8385341752249, -32.7908923450334], [151.8385125901607, -32.79087617425847], [151.8382265257077, -32.79071142161075], [151.8381650448249, -32.79067751662234], [151.8380366240078, -32.79060523056762], [151.8379403368131, -32.79055636441302], [151.8377617227036, -32.79046237032583], [151.8376540907707, -32.79040573088207], [151.8374019727798, -32.7902476267526], [151.8373682452533, -32.79022441382386], [151.8370871722699, -32.79003329954952], [151.8370825737134, -32.7900298187393], [151.8368095262905, -32.7898193161754], [151.8367972345732, -32.78980977433969], [151.8365335473497, -32.78960534867502], [151.8365119137795, -32.78958844005751], [151.8362589157545, -32.78939139260058], [151.836226602967, -32.78936643612315], [151.8359716461613, -32.78917731797412], [151.8359411542117, -32.78915513988284], [151.8356750216076, -32.78896315721619], [151.8356556398852, -32.78894897416978], [151.8353836163155, -32.78874904281372], [151.8353747370206, -32.78874220848229], [151.8353570602252, -32.78872936948932], [151.835084745852, -32.7885266224738], [151.8349936839076, -32.78845752352288], [151.8348991910631, -32.78839043523726], [151.8348023523286, -32.78832082738063], [151.8345201683425, -32.78810913516941], [151.8345159873866, -32.78810596930327], [151.8345138563835, -32.78810433197742], [151.834229625709, -32.78789268926749], [151.8342288250658, -32.78789209884025], [151.8342273598287, -32.78789108204353], [151.8339428420368, -32.78769202301174], [151.8338401051344, -32.78761838820554], [151.8337336051536, -32.78754271893968], [151.8336329886756, -32.78746432540783], [151.8333737331462, -32.78725106638069], [151.833372765343, -32.78725029615759], [151.8333722233957, -32.78724980621723], [151.8331334527173, -32.78703686347035], [151.8331043279399, -32.78701137880665], [151.8330273757585, -32.78694695772111], [151.8328023150012, -32.7867536431358], [151.8327422670023, -32.78669954289245], [151.8326916043276, -32.78665103475521], [151.8326492495225, -32.78660954297499], [151.8325580268878, -32.78651796413493], [151.8323804785775, -32.78634092561038], [151.8322333251921, -32.78618766646775], [151.8322288850293, -32.78618281589723], [151.832063486387, -32.78601102397494], [151.8318243935892, -32.78575623498875], [151.8316647501531, -32.7855905211382], [151.8314229834417, -32.78532968054481], [151.8310961296409, -32.78499740636971], [151.8310025571104, -32.78490294834984], [151.8307167837407, -32.78461848818932], [151.8305622385964, -32.78447603002769], [151.8305270348212, -32.78444113005156], [151.830340429727, -32.78426255439479], [151.8302423893615, -32.78417068470321], [151.8300963159768, -32.78404887003438], [151.8299572796614, -32.78393580731466], [151.8298708758391, -32.78386737998153], [151.829680613788, -32.78373112175763], [151.8295324359698, -32.78362079294982], [151.8293863531796, -32.78352044638848], [151.828851152333, -32.78319161562871], [151.828814593802, -32.78316898033574], [151.8282428181135, -32.78281914748231], [151.8281432181578, -32.78276218532494], [151.8279080764373, -32.78262832134283], [151.8276706742497, -32.7824977255259], [151.8272771844642, -32.78233127189031], [151.8270974185538, -32.78226134121314], [151.8267708057442, -32.78214444531449], [151.8265236260629, -32.78206603134316], [151.8259550452337, -32.7818960770943], [151.8259495262004, -32.78189435957484], [151.8253752692852, -32.78173480821664], [151.8248006867324, -32.78160013838465], [151.8242256780081, -32.78149804481598], [151.8238228187867, -32.78145326402824], [151.8236723062988, -32.78143559496647], [151.8236501782742, -32.78143340573553], [151.8233621496688, -32.78142519513347], [151.8230739211822, -32.78142626180932], [151.8228623481931, -32.78144424111053], [151.8225172955916, -32.78147079770417], [151.8224969461126, -32.78147371693029], [151.8224711249061, -32.78147835702339], [151.8220051318431, -32.78156191829731], [151.8219191583861, -32.78158260557035], [151.8217885562581, -32.7816249453694], [151.8215283257211, -32.78170627925027], [151.8213400688526, -32.78179028723741], [151.8212053244978, -32.78185146566057], [151.8210502145348, -32.78191756509057], [151.8207606916195, -32.7820194832521], [151.8207230127032, -32.78205832868201], [151.8205623741582, -32.78226822127232], [151.820467189322, -32.78242306322369], [151.8203684609396, -32.78247779827313], [151.8201772489207, -32.7825565233922], [151.8198891554113, -32.78255004461573]]]}}, {"type": "Feature", "properties": {"base": "RAAF Base Richmond", "anef_band": "35+", "anef_min": 35}, "geometry": {"type": "Polygon", "coordinates": [[[150.7787645803663, -33.60205993537447], [150.778567662506, -33.60200852157283], [150.7782689442557, -33.6019330734722], [150.7781481540109, -33.60189908212164], [150.7779702883185, -33.60185522909944], [150.7777179649414, -33.60178954512343], [150.7776716596275, -33.60177634524071], [150.7773730621684, -33.60169625485868], [150.7770742855175, -33.60162316694677], [150.7767754099136, -33.60155396531389], [150.7766033302463, -33.60151792318089], [150.7764764244516, -33.60148906134559], [150.7761774526696, -33.60142364299354], [150.7758784052207, -33.60136117726207], [150.7755792604943, -33.60130253905417], [150.775280006533, -33.6012481348039], [150.7752481440249, -33.60124196385385], [150.7749810083279, -33.6011838152823], [150.7746821252794, -33.60111501020847], [150.7743833572394, -33.60104177282608], [150.7740845264218, -33.60097099768038], [150.7740769360446, -33.60096930165193], [150.7737857558803, -33.60089789820171], [150.7734870820916, -33.60082103319994], [150.7731882528983, -33.60075027890318], [150.7729366191376, -33.60069718482082], [150.7728892615162, -33.60068580409028], [150.7725903864039, -33.60061687374849], [150.7722913190657, -33.60055538875723], [150.7719921619424, -33.60049743335738], [150.7716929337618, -33.60044223314001], [150.7716754633305, -33.60043759971677], [150.7716047306495, -33.60042160558748], [150.7713942656661, -33.60036530892539], [150.7710954466941, -33.60029426740176], [150.7707960766744, -33.60024462906429], [150.7704963537429, -33.60020873529983], [150.7701967305145, -33.60016898006784], [150.7700474725526, -33.60014194841779], [150.7698975302797, -33.60011281099862], [150.769598672057, -33.60004337957386], [150.7693002168804, -33.5999583212514], [150.7690222768385, -33.59987187178479], [150.7690076883957, -33.59986678874608], [150.7690019715893, -33.59986513970896], [150.7687040890416, -33.59975785928417], [150.7684060461498, -33.59965692272671], [150.7682538940078, -33.5996064217321], [150.7681080049174, -33.59955585703143], [150.7678099274283, -33.59945627199276], [150.7675116217538, -33.59936556554967], [150.7674233861837, -33.59933984549458], [150.7672133299643, -33.59927434554698], [150.7669149768188, -33.5991855296091], [150.7666165241226, -33.59910059862804], [150.766511552408, -33.59907179492092], [150.7663180520186, -33.5990163971671], [150.7660194512999, -33.59893725103431], [150.7657207528252, -33.59886196176329], [150.7654751327847, -33.59880148662518], [150.7654220054194, -33.59878849785943], [150.7651229254117, -33.59872798803107], [150.7648235546373, -33.59867876121019], [150.7645237909749, -33.59864476858625], [150.7642232137223, -33.59864225320362], [150.7639201723335, -33.5987352641859], [150.7638743121732, -33.59877255066018], [150.76390446368, -33.59902468102282], [150.7639120195813, -33.59905100561058], [150.7639800520018, -33.59927763294574], [150.7640463388794, -33.5995304166448], [150.7641967206089, -33.59966840861185], [150.7643054781049, -33.5997866869655], [150.7644915602675, -33.59989331874402], [150.7647122198628, -33.60004562494413], [150.764787358705, -33.6000810969739], [150.7650842119139, -33.60022805629406], [150.7652238057422, -33.60030645636353], [150.7653811752714, -33.60037078706347], [150.7656781764561, -33.60051213567736], [150.7657916904089, -33.60056830286828], [150.7659755698365, -33.60063822839258], [150.7662730248522, -33.6007620117987], [150.7664183806646, -33.60083120904378], [150.7665702855285, -33.60089340990982], [150.766867953369, -33.60100900880489], [150.767071641043, -33.60109459189344], [150.7671654030234, -33.60113310109715], [150.7674630153961, -33.60125091535109], [150.7677447675297, -33.60135832992056], [150.7677607266512, -33.60136492583879], [150.7680582156098, -33.60148759164869], [150.7683558639787, -33.60160415180476], [150.7684011072044, -33.60162176155008], [150.7686531834404, -33.60173341493003], [150.7689505655342, -33.60186037462321], [150.7689678750299, -33.60186890451792], [150.7690063178996, -33.60188426727868], [150.7692469729483, -33.60202515570318], [150.7694259708783, -33.60214342302324], [150.7695427687941, -33.60221372260855], [150.7698386260513, -33.60239995521736], [150.7698428300454, -33.60240252712111], [150.7701353283169, -33.60255342529778], [150.7704331305497, -33.60266421791432], [150.7704350653262, -33.6026647920324], [150.770731264164, -33.60276216958702], [150.7710293248795, -33.60286300301392], [150.7710817408555, -33.60288372764035], [150.7712336259677, -33.60293077322114], [150.7713273679652, -33.60296452643232], [150.7716253643678, -33.60306789120224], [150.7719236185709, -33.60316126585553], [150.7719522453232, -33.60317114166531], [150.7720458229946, -33.60319699478511], [150.7722219013505, -33.60325357902558], [150.7725201953242, -33.6033454821001], [150.7726191951919, -33.60337542331865], [150.7728187035557, -33.6034290348632], [150.7729379266299, -33.60346465025827], [150.7731170234479, -33.60351998022052], [150.773415377616, -33.60360957130207], [150.7737138792812, -33.60369349682158], [150.7738521559317, -33.60373269823064], [150.7740122212061, -33.60378363595083], [150.774310372427, -33.60388121915049], [150.7746086647429, -33.60397333920917], [150.7747013215307, -33.60399956818434], [150.7749070424786, -33.60406218389895], [150.7752055040944, -33.6041477661481], [150.7755041961967, -33.60422440063972], [150.7756829647285, -33.60426881549014], [150.7758028892829, -33.60430102996536], [150.7761016213568, -33.60437616277265], [150.7764004426352, -33.6044478314146], [150.7766993114164, -33.60451767023759], [150.776801909458, -33.60454052400011], [150.7769981788541, -33.60458758098999], [150.7772969291743, -33.60466208520041], [150.7775956269232, -33.60473865832951], [150.7778944286822, -33.6048111885044], [150.7778967515619, -33.60481178913864], [150.7781928370397, -33.60489906966288], [150.7784918802665, -33.60496224298031], [150.7786021407799, -33.6049833340419], [150.778791297258, -33.60501085981717], [150.7790905114316, -33.60506739727752], [150.7791070305589, -33.60507121352851], [150.7792013505275, -33.6050868120771], [150.7793897812037, -33.60512178057746], [150.7796890228037, -33.60517728342239], [150.7799880982343, -33.60523927673204], [150.7802871475355, -33.60530230801403], [150.7805546516127, -33.60536269557583], [150.780586064086, -33.60537053739208], [150.7808846812775, -33.6054504650253], [150.7811833677875, -33.60552770972067], [150.7814821613273, -33.60560079704965], [150.7816177387168, -33.60563335821808], [150.7817808785304, -33.60567688726454], [150.782079554931, -33.60575459447216], [150.7823782909542, -33.60582998685969], [150.7826770830173, -33.60590321812652], [150.7826802693401, -33.60590400186886], [150.7829756788269, -33.60598413425534], [150.7832742929894, -33.60606435574944], [150.7835729184281, -33.60614416464652], [150.7836783858515, -33.60617348249199], [150.7838713194434, -33.60623275230913], [150.7841695838096, -33.60632670324656], [150.7844681003291, -33.60641082689789], [150.7845837663861, -33.60644129319832], [150.7847666240006, -33.60649471805399], [150.7850650879583, -33.60658094303368], [150.7853637238396, -33.60666047115792], [150.7855568180098, -33.60671030980124], [150.7856623531277, -33.60674029108682], [150.7859609236616, -33.60682241896882], [150.7862596759686, -33.60689746149601], [150.786558409731, -33.60697324998183], [150.7865841125701, -33.606980289363], [150.7868568150753, -33.60706190676883], [150.7871555156047, -33.6071390628466], [150.7874543586137, -33.60721064280867], [150.787644123057, -33.60725084586049], [150.7877533521543, -33.60727635167484], [150.7880524579034, -33.6073377106428], [150.7883516082292, -33.60739731937326], [150.7886508772431, -33.60745229812837], [150.7889501592631, -33.60750680659262], [150.7890684422941, -33.60752790846247], [150.7892493684252, -33.60756413734754], [150.7895483481162, -33.60763051850805], [150.7898471313547, -33.60770456664045], [150.7901456941239, -33.60778731895378], [150.7901917825107, -33.60779957525548], [150.7904441993879, -33.60787234789596], [150.7907428247393, -33.60795267124763], [150.7910413851737, -33.60803556124092], [150.7911794769134, -33.6080688099328], [150.7913401514734, -33.60811040577105], [150.7916390185153, -33.60818132173299], [150.791938128064, -33.6082427964005], [150.7922374913752, -33.60829424519915], [150.7925369430029, -33.60834229224577], [150.7925549457586, -33.60834495919394], [150.79283630221, -33.60839402420625], [150.793135028381, -33.60847055683617], [150.793267947663, -33.60849748148456], [150.7934343600212, -33.6085233573742], [150.7936373595324, -33.60853436983623], [150.793734784431, -33.6085332948522], [150.794036397291, -33.60849664435284], [150.7943384569018, -33.60844235644063], [150.7946024519873, -33.60838149536909], [150.794640849377, -33.60837503556049], [150.794693918205, -33.60838312672193], [150.7949402078035, -33.6084268584932], [150.7952391838971, -33.60849366242888], [150.7955382215121, -33.60855806894921], [150.7958372581356, -33.6086224861704], [150.7960041404415, -33.60865807519227], [150.7961362399531, -33.60868916763532], [150.7964351771323, -33.60875757552429], [150.7967342228086, -33.60882173943526], [150.7970334638465, -33.60887829166253], [150.7973012839797, -33.60893277695801], [150.7973325822802, -33.60893963161865], [150.7976317658397, -33.60899838261089], [150.7979310010008, -33.60905516847464], [150.7982303312778, -33.60910827797331], [150.7985297530527, -33.60915775782954], [150.7988155027709, -33.60921132884639], [150.7988290080552, -33.60921381080459], [150.7991283477729, -33.60926659482748], [150.7994278006654, -33.60931484829933], [150.7995623778151, -33.60933771329226], [150.7997274988522, -33.6093535116815], [150.8000271576517, -33.60939373634181], [150.800326715288, -33.60943800112654], [150.8006260220851, -33.60949205801436], [150.8006461530671, -33.60949549273028], [150.8009258797842, -33.60952453769484], [150.8012261929296, -33.60953900284267], [150.8015268008378, -33.60954196021922], [150.8018280893058, -33.60951802448338], [150.8018351930785, -33.60951663683441], [150.8018282206515, -33.60951285196415], [150.8016162991162, -33.60926115704768], [150.8015346654566, -33.60923228455763], [150.8012370048808, -33.60911333059169], [150.8010675605611, -33.60899981294045], [150.8009403796364, -33.60895374650034], [150.8006423255933, -33.60885035100524], [150.8004106132128, -33.60873654057767], [150.8003451420724, -33.60871281764749], [150.8003006336628, -33.60869700792918], [150.8000470034984, -33.60861280993047], [150.799749167704, -33.6085009641459], [150.7996864466475, -33.60847206867366], [150.7995205758611, -33.60841071991022], [150.7994513431575, -33.60838870677825], [150.7991531413931, -33.60829136485995], [150.7989256470358, -33.60820694150821], [150.7988552211619, -33.60818288375091], [150.7985571582045, -33.6080800923319], [150.7982589346565, -33.6079836437281], [150.7981385450934, -33.60794134038101], [150.7979608118268, -33.60788321528818], [150.797662584795, -33.60778695781946], [150.7973642239432, -33.60769603334992], [150.7972998338744, -33.60767481598286], [150.7970659940005, -33.60759994312142], [150.7967676630274, -33.60750780244503], [150.7964691119632, -33.60742438142394], [150.7964123177068, -33.60740741525675], [150.7961707065591, -33.60733526138632], [150.7958722675257, -33.60724744097988], [150.7955737243319, -33.60716382885036], [150.7954909215883, -33.60713940473889], [150.7952758966933, -33.60705209556824], [150.7950101717293, -33.60687924595803], [150.7949802511245, -33.60685471937946], [150.7947097829409, -33.60662230167764], [150.7946859381512, -33.60660503550576], [150.7943903961655, -33.60640370576383], [150.7943071737389, -33.60636353384712], [150.7940930644357, -33.60627272043992], [150.7937945917159, -33.60618645224945], [150.7934967010281, -33.60609748737134], [150.7934961939376, -33.60609731459405], [150.7932923650041, -33.60601457394295], [150.7931983760599, -33.60598545069016], [150.7929002427737, -33.60588599052895], [150.7927237903633, -33.60583210569826], [150.7926019833519, -33.60579150518168], [150.7923036316354, -33.60570061866098], [150.7920051141266, -33.60561630527886], [150.7917360495721, -33.60556288344012], [150.7917059894149, -33.60555582155994], [150.7914073143783, -33.60547772739449], [150.7911085203542, -33.60540431851277], [150.7908095461492, -33.60533799211186], [150.790605165029, -33.60529109586125], [150.7905107141025, -33.60526611396783], [150.7902124290915, -33.60517279949058], [150.7900930529931, -33.60513113762613], [150.7899141839187, -33.60507795067891], [150.7897432867789, -33.6050241067059], [150.7896160038143, -33.60498062589176], [150.7893179265087, -33.60487925512749], [150.7890196653742, -33.60478515789325], [150.7889321923755, -33.6047580197165], [150.7887214555051, -33.60468903308124], [150.7884230539087, -33.60460046409955], [150.7881244039712, -33.60452164044735], [150.7879971350135, -33.60448970981179], [150.7878257326051, -33.60444365477531], [150.7875268778365, -33.60437289137839], [150.7872280763761, -33.60430006161801], [150.7869293282587, -33.60422514261072], [150.7869013781466, -33.60421851723159], [150.7866306304832, -33.60414829852787], [150.7863318477206, -33.60407480007774], [150.7860330156692, -33.60400324943546], [150.7857771958082, -33.60394680557748], [150.785734062365, -33.60393646065837], [150.7854352699354, -33.60386338914537], [150.7851363748454, -33.60379436318688], [150.7848372697854, -33.60373356381183], [150.7845482375456, -33.60367320720945], [150.7845382133068, -33.60367088262677], [150.7842394391663, -33.60359716360299], [150.7839406920934, -33.60352243083814], [150.783839886136, -33.60349389183074], [150.7836419399041, -33.6034479184805], [150.7834501674621, -33.60340194300591], [150.7833431916108, -33.60337326388887], [150.7830445962466, -33.60329266833801], [150.7827459198253, -33.60321524927566], [150.7824471562717, -33.60314125991143], [150.782408850649, -33.60313168696888], [150.7821485695537, -33.60306039338319], [150.7818499063624, -33.60298252575624], [150.7815511849319, -33.60290695887429], [150.7813706495204, -33.60286147793531], [150.781252556432, -33.60282778355246], [150.7809542394695, -33.60273647492738], [150.780655903441, -33.60264593503086], [150.7804926292035, -33.60259413568792], [150.7803577878395, -33.60254682094174], [150.7800597581378, -33.60244438533707], [150.7797614438443, -33.6023530723088], [150.7796777318595, -33.60232792047704], [150.7794633093516, -33.60225477916458], [150.7793965743966, -33.60207128595901], [150.7791719184445, -33.60189357605823], [150.7788789457884, -33.60206198961179], [150.7788663816601, -33.6020839500698], [150.7787645803663, -33.60205993537447]]]}}, {"type": "Feature", "properties": {"base": "RAAF Base Williamtown", "anef_band": "35-40", "anef_min": 35}, "geometry": {"type": "Polygon", "coordinates": [[[151.9197658564907, -32.74321467684803], [151.9197525628766, -32.74299550281842], [151.9197301215161, -32.74276112713994], [151.9197169247581, -32.74239022813339], [151.9196829885723, -32.74214927328825], [151.9196422293453, -32.74187857560293], [151.9196141787648, -32.74158497865386], [151.9195760478513, -32.74130271355671], [151.9195280486633, -32.74098610308738], [151.919491833475, -32.7406950882571], [151.9194454256321, -32.74045595745173], [151.919359000447, -32.74003239130167], [151.9192539103615, -32.73962710065263], [151.9192480731026, -32.73960861778937], [151.9190933056209, -32.73918447007838], [151.9189189846519, -32.73876014555077], [151.9187234234315, -32.73833564152869], [151.9186941049637, -32.73827922274972], [151.9184705566114, -32.73791064671718], [151.9181696959952, -32.73748523319404], [151.9181546574283, -32.73746543220534], [151.9181282370203, -32.73743364422376], [151.9177863507692, -32.73705910282411], [151.917559525852, -32.73682411683842], [151.9173466732545, -32.73663248873055], [151.917181697956, -32.73648854208739], [151.9169890494751, -32.73636194033406], [151.9166545358144, -32.7362036953603], [151.916416040772, -32.73610949905589], [151.9158419445986, -32.73594636072227], [151.9155561259606, -32.73586645409472], [151.9152677150312, -32.73579518703144], [151.9152166445788, -32.73578721751301], [151.9149886661146, -32.73576646925397], [151.9146923051662, -32.73574077527343], [151.9144041291827, -32.73575283302102], [151.9143397645951, -32.73576085058642], [151.9141156569862, -32.73578931024048], [151.9138269283877, -32.73584690550666], [151.913538005083, -32.73592051735704], [151.9134677312837, -32.73593899392841], [151.9129603538373, -32.73605075793375], [151.9125837570232, -32.73616844585752], [151.9123820452432, -32.7362353676674], [151.9120904486226, -32.73636552102801], [151.9118027342863, -32.73650264548326], [151.9116328457122, -32.73658300558498], [151.9113899470959, -32.73670252777293], [151.9112231779645, -32.73678943030495], [151.9109018555416, -32.73699947300997], [151.9106421912594, -32.73719308790578], [151.9105016034804, -32.73731673152764], [151.9103947333278, -32.73741788633765], [151.9100594454305, -32.73774159072923], [151.9099647321799, -32.73783696424897], [151.909571631452, -32.7382563576582], [151.9094757622565, -32.73836607084564], [151.909219342549, -32.73867610891421], [151.9088910722714, -32.73907248591252], [151.9088724879672, -32.73909591040626], [151.9085754603362, -32.739516136801], [151.9083045458603, -32.73992911810535], [151.908299940525, -32.73993655374449], [151.908072222484, -32.7403573864886], [151.9078707959129, -32.74077845183075], [151.9077138714739, -32.741124000041], [151.9076802902672, -32.74119960402123], [151.9075332602179, -32.74155679634606], [151.9074770583379, -32.74170495329042], [151.9073546369673, -32.74204240194626], [151.907268143503, -32.74230618680855], [151.9071676864802, -32.74265714926401], [151.9071068991029, -32.74288587032311], [151.9070623510177, -32.74307796755733], [151.9069574771254, -32.74357398139244], [151.9069198882197, -32.74372987566034], [151.9067009287796, -32.7445735939009], [151.9065111542329, -32.74526010951979], [151.9064697881483, -32.74541720929875], [151.9063346773776, -32.7462616621624], [151.9063078528341, -32.74653692351779], [151.9062384133895, -32.74710645377257], [151.9062016824887, -32.74752894901724], [151.9061866852763, -32.74795163390542], [151.906184887667, -32.74837443397109], [151.9062155264949, -32.74879751711705], [151.9062884149218, -32.74939094757229], [151.9063182380621, -32.74964404094783], [151.9064493868271, -32.75031537375253], [151.9064811463944, -32.7504787113167], [151.9064833372352, -32.75049111699497], [151.906486600181, -32.75050565486146], [151.9066890286172, -32.75124643634621], [151.9067141295122, -32.75133876190233], [151.9067517141708, -32.75145513307893], [151.9069399875038, -32.75199880063275], [151.9070056024032, -32.75218693561538], [151.9073894463568, -32.75303591403224], [151.9075645360764, -32.75335936740549], [151.9078288663187, -32.75388537566192], [151.9083603933905, -32.75473563419501], [151.908694494782, -32.75519559604675], [151.9089226591643, -32.75550108127396], [151.9089815841677, -32.7555866751909], [151.9090842214346, -32.7557329693509], [151.9093970845819, -32.75617376634756], [151.9095827140949, -32.75643753856167], [151.909827687457, -32.75677015596341], [151.9098952071029, -32.75686307693439], [151.9102097250088, -32.75728862418288], [151.910394449638, -32.75754464076732], [151.9104934052669, -32.75767701370296], [151.9105225538538, -32.75771415994257], [151.910579097164, -32.75778346261495], [151.9107529594598, -32.75800538297005], [151.9108657801257, -32.75813995915178], [151.9109619907913, -32.75825670320842], [151.9110453901408, -32.75835293189408], [151.9112205849422, -32.75856585805263], [151.911245935774, -32.75859829131832], [151.9113958370931, -32.75877878844545], [151.9115297538887, -32.7589508702506], [151.9115641382382, -32.75899165821551], [151.9117286932437, -32.7592044952259], [151.9118132428036, -32.75933030578193], [151.9118891297734, -32.75941729625748], [151.9120731892692, -32.75963030219907], [151.912097368441, -32.75965757932943], [151.9123629466525, -32.75984422542797], [151.9123735649441, -32.75985133132502], [151.9123944245898, -32.75986126629999], [151.9126696507475, -32.75998138694274], [151.9128306148883, -32.76003393892853], [151.9131770875117, -32.76008746267843], [151.9132444073416, -32.76010225726662], [151.9135323613198, -32.76011495445437], [151.9136583049927, -32.76006687067769], [151.9138217445229, -32.76000995134052], [151.9139912448838, -32.75985835311081], [151.9141129117282, -32.75975792550202], [151.9142829009375, -32.75964946894851], [151.9144031639439, -32.75958116223092], [151.9146927371664, -32.75946027126173], [151.9147126266973, -32.7594417840499], [151.9148614486478, -32.75923166522836], [151.914985977437, -32.75903774902679], [151.9149952916332, -32.75902141650823], [151.9151210274549, -32.75881109743716], [151.9152501843831, -32.75860080784281], [151.91527998782, -32.75855070316106], [151.9153676616356, -32.75839042097755], [151.9154829421421, -32.75818000701042], [151.9155745756187, -32.75801575222829], [151.9157085998265, -32.75775914426043], [151.9159252251968, -32.75733820290657], [151.9161212809156, -32.75691708717761], [151.9161653408573, -32.75681451647216], [151.9162929781726, -32.75649575246337], [151.9164482348772, -32.75607428326634], [151.9166023025025, -32.75565279559481], [151.9167605228361, -32.75524635083565], [151.9167664353093, -32.75523140265443], [151.9167691869739, -32.75522525306855], [151.9169524909672, -32.7548101909706], [151.9171413158907, -32.75438901085687], [151.9173307140094, -32.75396783138382], [151.9173527858561, -32.75391763942264], [151.9175130881822, -32.75354659089936], [151.9176943860655, -32.75312534079603], [151.9178673783256, -32.75270401469021], [151.9179462246865, -32.75249097343954], [151.9180285115218, -32.75228259386131], [151.9181759951572, -32.75186104697991], [151.9183222990731, -32.75143949766198], [151.9184580828828, -32.75101785335715], [151.9185436814375, -32.75073021989664], [151.9185862685318, -32.7505961432941], [151.9187130014313, -32.75017442051376], [151.9188093178449, -32.74975243116859], [151.9189067642187, -32.74933045943237], [151.9189955102479, -32.7489084085372], [151.9190887323067, -32.74848639615686], [151.9191509009486, -32.7481582976676], [151.9191677687078, -32.74806426132585], [151.9192297611679, -32.74766874001051], [151.9192422788703, -32.74761098152175], [151.9192941805593, -32.74721971837567], [151.9193389173181, -32.74686052284267], [151.9193628140775, -32.74672607758203], [151.9194371399238, -32.7463753178431], [151.9195006167221, -32.74607212695076], [151.9195403543757, -32.74582084263955], [151.9195760248368, -32.74553088186997], [151.9196049638754, -32.74526210345647], [151.9196557718116, -32.74493776193663], [151.9196964250358, -32.74468628626749], [151.9197209627166, -32.74445646170795], [151.9197568640656, -32.7440597909478], [151.9197646950499, -32.74384124509197], [151.9197610705556, -32.74362219425461], [151.9197658564907, -32.74321467684803]], [[151.9124394875366, -32.75521493245998], [151.9124113335126, -32.75519367875887], [151.9121537147666, -32.75502376201706], [151.9121070751028, -32.75497962580192], [151.9118795060407, -32.75476624206442], [151.9118688781629, -32.75475610113062], [151.9116982372104, -32.754553264023], [151.9115849439756, -32.75441439496637], [151.911528072785, -32.75434037820202], [151.9113375025843, -32.75412731089534], [151.9113008082123, -32.75408904383153], [151.9111472253819, -32.75391425380457], [151.9110167864281, -32.75375488305764], [151.9108196693264, -32.753488591478], [151.9105459175122, -32.75306339608107], [151.9105284943157, -32.75303421386752], [151.9104512776524, -32.75287813304362], [151.9103408143695, -32.75263879705653], [151.9101843344719, -32.75221462056606], [151.9100477625233, -32.75179061701829], [151.9099054376127, -32.7513665632751], [151.909894031798, -32.75132476795949], [151.9098054008132, -32.75094287725585], [151.9097872283616, -32.75051990336152], [151.9097990943137, -32.75009719075376], [151.909789844458, -32.74991906243605], [151.9097928590345, -32.74967431666744], [151.9097945245958, -32.74946292720585], [151.9098005116284, -32.74925157134459], [151.9098199954311, -32.749040332888], [151.9098461332613, -32.74882915229483], [151.9099098049956, -32.7484353952417], [151.909914063564, -32.74840692725587], [151.9099306431121, -32.74831916669012], [151.9099940336578, -32.74798480686354], [151.9100897143926, -32.74756282301763], [151.910194677743, -32.74714091977268], [151.9102491366705, -32.74693998615811], [151.9103201250249, -32.74671919849459], [151.9104775261546, -32.74629774689095], [151.9105329450865, -32.74617000975434], [151.9106886047406, -32.74587676558059], [151.9108914581772, -32.74545571239389], [151.911122713507, -32.74504942695239], [151.9111292043336, -32.74503964179661], [151.9111329133493, -32.74503499421286], [151.911269842381, -32.74482641659262], [151.9114003830368, -32.74461450146686], [151.9116983765977, -32.74419427316002], [151.9117094569011, -32.74417601653374], [151.9118900010286, -32.74397086375819], [151.9120869423717, -32.74377483429629], [151.9122925573723, -32.74360105216937], [151.9125751925114, -32.74346761484389], [151.9128714873143, -32.74336925258922], [151.9131620186598, -32.74340356324103], [151.9134462775316, -32.74347863879251], [151.9138479246238, -32.7437901079594], [151.9140168000479, -32.74393913099397], [151.9142740713648, -32.74421661289512], [151.9145860241784, -32.74450717747652], [151.9147025358692, -32.74464314045241], [151.9148620120457, -32.74485437232272], [151.9150153533986, -32.74506866544914], [151.9151524393748, -32.74530834757422], [151.9152311927777, -32.74549335030355], [151.9153833411241, -32.74591748359285], [151.9155182849224, -32.7462112335096], [151.915554811863, -32.74634178389607], [151.915614803704, -32.74655371120582], [151.9156665772255, -32.74676557135456], [151.9157087768745, -32.74694142359868], [151.9157153093745, -32.74697485218758], [151.9157159139518, -32.74698019041654], [151.9157504552012, -32.74718910947485], [151.91577589719, -32.74737418429982], [151.9157793355416, -32.74742882650759], [151.9157981323883, -32.74761233832896], [151.915805112099, -32.74778470751954], [151.9158015001342, -32.74786188725386], [151.9158025583716, -32.74803519296091], [151.9157981822912, -32.74820812505044], [151.9157916118302, -32.74828286160772], [151.9157821397649, -32.74845783262379], [151.9157622832493, -32.74864187825926], [151.915756904683, -32.74869447665537], [151.9157359808246, -32.74888024955129], [151.9156955236318, -32.74930271577159], [151.9157006201042, -32.74933331208234], [151.9157597521462, -32.74972608372519], [151.9157932897623, -32.74993778597684], [151.9158229537704, -32.75014945071536], [151.9158274146398, -32.75036089740058], [151.9158313099977, -32.75057233919551], [151.915832406035, -32.75078375675639], [151.9158249344017, -32.75099510018714], [151.9157984611207, -32.75120627921297], [151.9157699706602, -32.75141744077223], [151.9157492744949, -32.75155790700751], [151.9157286396626, -32.75165674135485], [151.9156910657249, -32.75183957016679], [151.9156477904737, -32.75197479476265], [151.9156231102359, -32.75205039416511], [151.9155437967238, -32.75226111583748], [151.9154711196422, -32.75243212643841], [151.915350416543, -32.75268225819332], [151.9151310010199, -32.75310317480546], [151.9150564138823, -32.7532294534966], [151.9149072478837, -32.75347039292183], [151.9148723068126, -32.75352374687475], [151.9148198862131, -32.7536083977709], [151.9146693817758, -32.75387797369854], [151.9146256654657, -32.75394443071394], [151.9144920087075, -32.75415467692204], [151.9144685888864, -32.75418918827256], [151.914312221727, -32.75436453126048], [151.9141762708256, -32.75453766127009], [151.9141437165623, -32.75457447910856], [151.9139666190619, -32.75478434826681], [151.9138840735952, -32.75487599035228], [151.9138095989024, -32.75494032047425], [151.9137345636392, -32.75499374472878], [151.913593136079, -32.75511039008177], [151.9133969851706, -32.75520222972744], [151.913303325681, -32.75525186386125], [151.9130141851078, -32.75533735235433], [151.9127260411623, -32.75534155955199], [151.9124394875366, -32.75521493245998]]]}}, {"type": "Feature", "properties": {"base": "RAAF Base Williamtown", "anef_band": "35-40", "anef_min": 35}, "geometry": {"type": "Polygon", "coordinates": [[[151.8122769388824, -32.77648201897824], [151.8121896016581, -32.77643444535789], [151.811903487732, -32.77628074608504], [151.8118772341586, -32.77626682431224], [151.8116173628205, -32.7761275917133], [151.8114716414499, -32.77605157252259], [151.811331202718, -32.77597751302142], [151.8110489654471, -32.77583615927591], [151.8110449527311, -32.77583408800581], [151.8108328476917, -32.77572465003664], [151.8105514498117, -32.77559084050029], [151.8104723776488, -32.77555309194145], [151.8101861273135, -32.77540989996396], [151.8101764894155, -32.77540506695937], [151.809899893468, -32.77526553856495], [151.8097416251586, -32.77518952961327], [151.8096135807176, -32.77512717378238], [151.8093273462104, -32.77498300026099], [151.8093103643104, -32.77497402901645], [151.8090413514653, -32.77482089806728], [151.8089318337613, -32.77475902435782], [151.8087553818852, -32.77465698531307], [151.8085523316145, -32.77454401331801], [151.8084693600772, -32.77449724732134], [151.8081832874551, -32.77434104488367], [151.8081701907901, -32.7743338130735], [151.8078627153956, -32.77416564722836], [151.8077613691422, -32.77411367968352], [151.807611110722, -32.77403157903694], [151.8073636729929, -32.77389848993738], [151.8073250253026, -32.77387691387122], [151.8070389834102, -32.77371888504945], [151.8069716234614, -32.77368335073129], [151.8067684628318, -32.77356997656267], [151.8064668973379, -32.77340304849736], [151.8062825547858, -32.77332200154365], [151.8061362429106, -32.77325258395331], [151.8058942354197, -32.77313098616867], [151.805729565232, -32.77306874525732], [151.8053663462124, -32.77288871698869], [151.8053214384214, -32.77286929501383], [151.8052977970856, -32.77285672105813], [151.8052672682247, -32.77284150058512], [151.8052273445737, -32.7728211125023], [151.8049664707776, -32.77268751820844], [151.8047822092457, -32.77259321727001], [151.8047490619822, -32.77257622128133], [151.8044627907341, -32.77243599928295], [151.8043715589233, -32.77239013950043], [151.8041765466019, -32.77229381738175], [151.8040065472903, -32.77221484364196], [151.8037826060655, -32.77210713684815], [151.8036039049695, -32.77202112162433], [151.8034768307734, -32.7719587887803], [151.8033176342602, -32.77188112804885], [151.8030312614669, -32.7717488275016], [151.8030156014197, -32.77174297857192], [151.8027446100056, -32.77163757842277], [151.8024578018146, -32.7715377337633], [151.8024212816368, -32.77152589641804], [151.8021709716641, -32.77143975216751], [151.8019512268617, -32.77135938795061], [151.8018841911295, -32.77133829147135], [151.8017913397201, -32.7713084667821], [151.8015973172363, -32.77124366958907], [151.8014459631744, -32.77119362616952], [151.8013102052823, -32.77116667637165], [151.8010222260233, -32.77115475219091], [151.8008579968906, -32.77129953601963], [151.8008335114636, -32.77137440816313], [151.8008779828453, -32.77151113319985], [151.8009409757104, -32.77172313805033], [151.8010125367553, -32.77187732577215], [151.8010396979279, -32.77193548681959], [151.8011684957918, -32.77214812333659], [151.8012944131513, -32.77234463790893], [151.8013048525465, -32.77236083205293], [151.8013928504158, -32.77257307792331], [151.8014801015746, -32.77278531658658], [151.8015738170222, -32.77299697979424], [151.8015740842334, -32.77299761959631], [151.8016677185378, -32.77320991719972], [151.8018559114472, -32.77344866846596], [151.8019251466214, -32.77353195857381], [151.8019904418766, -32.77358578847696], [151.80204198994, -32.77363630466562], [151.8021437363825, -32.77374431578227], [151.8022844389521, -32.77390200560836], [151.8024240000436, -32.77406136110881], [151.8024253364339, -32.77406277780267], [151.8025859416631, -32.77427571894526], [151.8027068140767, -32.77446005246571], [151.8027240301789, -32.77448844070642], [151.8028479922084, -32.77470102929681], [151.8029571535902, -32.77491347832353], [151.8029876879756, -32.7750034813244], [151.8030586047552, -32.77522877354653], [151.8031053768897, -32.77533770232685], [151.803274038237, -32.77576212140656], [151.8033373136453, -32.7758953551147], [151.8033888416942, -32.77603381344539], [151.80346088003, -32.77618671193454], [151.8035454298897, -32.77639075077207], [151.803548749838, -32.7763989550632], [151.8036239610001, -32.77661107722679], [151.8037030402309, -32.77682323628483], [151.8037613009992, -32.77703519648605], [151.8038022432179, -32.77724699126236], [151.8038201416306, -32.7773955072629], [151.8038270452286, -32.77745863189074], [151.8038279999552, -32.77747166455993], [151.8038391361985, -32.77788155489242], [151.8038496921686, -32.77824444135479], [151.80385272154, -32.77830449213764], [151.8038197779654, -32.77851558228673], [151.8038036615964, -32.77862741600296], [151.8037882696548, -32.7787266841317], [151.8037658496994, -32.77893787374836], [151.8037970254782, -32.77912296155966], [151.8038024251497, -32.77914962677113], [151.8039693333184, -32.77936262435094], [151.8040804483697, -32.77947774991549], [151.8041784279472, -32.77957602348255], [151.8043652723412, -32.77972778411134], [151.8044466656403, -32.77978998879496], [151.8046510281141, -32.77990808285028], [151.8048514630613, -32.78000525463045], [151.8049374493281, -32.78003887290333], [151.8052242442349, -32.78014194502907], [151.8054589309917, -32.78022245419231], [151.8055111250758, -32.78023828449977], [151.8057981556901, -32.78032363736332], [151.8062366312757, -32.78044127139987], [151.8063167842116, -32.78046252547881], [151.8063531218885, -32.78047086314422], [151.8063724819041, -32.78047480137076], [151.8063982090791, -32.78048068111326], [151.8068441725165, -32.78059818625547], [151.8069468367109, -32.78062361918688], [151.8070923988304, -32.78066378055092], [151.8073300984913, -32.78073284464313], [151.8075209280405, -32.78079233165016], [151.807772866781, -32.78087871200978], [151.8078077896154, -32.78089081740137], [151.8080945475394, -32.78099677013961], [151.8083423926101, -32.78109553457489], [151.8083811955959, -32.78111119248427], [151.8086677012795, -32.78123635127452], [151.8088240502817, -32.78131152096029], [151.8089540192093, -32.78137566130545], [151.8092401980114, -32.78152548179645], [151.8092427344318, -32.78152690484836], [151.8095261720135, -32.78169075074476], [151.8096096500012, -32.78174179736192], [151.8098120145685, -32.78186596967106], [151.8099548163138, -32.78195648017993], [151.8100977703109, -32.7820476172601], [151.8102863509466, -32.78217103456421], [151.8103834572474, -32.78223487622995], [151.8106102101896, -32.78238551321471], [151.8106691060671, -32.78242473492628], [151.8109260733753, -32.78259991612242], [151.8109546938775, -32.78261962459504], [151.8112286770619, -32.78281419239852], [151.8112401756647, -32.78282240242555], [151.8115235061371, -32.78302839418353], [151.8115255933382, -32.78302992145467], [151.8118109680997, -32.78324094524925], [151.8118130991458, -32.78324254462154], [151.8120946463358, -32.78345662008547], [151.8120962654833, -32.78345789100075], [151.812365597286, -32.78367059345027], [151.812381448456, -32.78368355124832], [151.8126246248498, -32.7838844532032], [151.8126664816278, -32.7839205951006], [151.8128714649276, -32.78409819691393], [151.8129513471462, -32.78417037452459], [151.8131082529972, -32.78431184489023], [151.813236035347, -32.78443362524467], [151.8133322641232, -32.78452537137019], [151.8135204205207, -32.78471982697863], [151.8135387179378, -32.78473873014457], [151.8137165403623, -32.78495181839321], [151.8137432189533, -32.78499733492839], [151.8138038099202, -32.78508118590548], [151.8138604888973, -32.78516458559398], [151.8139499027211, -32.78537683621613], [151.8139570375232, -32.78558830861419], [151.8138318852625, -32.78579852720969], [151.8137939205975, -32.78582622803799], [151.8135385498471, -32.7860071525381], [151.8135292761199, -32.78602628439268], [151.813473321903, -32.78633305849513], [151.813452226726, -32.78642914185366], [151.8134259129604, -32.78650864243195], [151.8133382767911, -32.78680183383466], [151.8133208188508, -32.7868507039056], [151.8132519088686, -32.78727285849101], [151.813207485024, -32.787695245039], [151.8132088641773, -32.78811806508861], [151.813238732975, -32.78854115558761], [151.8133027798953, -32.78896457040486], [151.8134003571885, -32.78938830187769], [151.8135303621073, -32.78981234097506], [151.813690110172, -32.79023666168598], [151.8137339921076, -32.79034053342752], [151.8138665729924, -32.79066113999261], [151.8140724166493, -32.79108589702633], [151.8142949595881, -32.79150402873142], [151.8142985352306, -32.79151084517974], [151.8145437668701, -32.79193597386245], [151.814827238185, -32.79236146421431], [151.8148593724111, -32.79240868894448], [151.8151076511244, -32.79278692487799], [151.8153970023053, -32.79321246934671], [151.8154246328609, -32.79325044398837], [151.8156367517594, -32.79355825349006], [151.8157008765152, -32.79363815074618], [151.8159914481691, -32.79397566845114], [151.8160252953744, -32.79401363347722], [151.8160872117738, -32.7940646109771], [151.816561735455, -32.79443939798415], [151.8166355140564, -32.79449260063933], [151.8171329737108, -32.79483184205509], [151.8172722142368, -32.79492142289632], [151.8177046028321, -32.79519513095175], [151.8179326681578, -32.79535046619515], [151.8182759997393, -32.79557614799035], [151.8186508198389, -32.79578005035575], [151.8188483407769, -32.79588630696611], [151.8194205836404, -32.79620419709801], [151.8194310314512, -32.79621021556676], [151.81971006698, -32.7963606889648], [151.8199930471396, -32.79650569341464], [151.8201653505241, -32.79657641146605], [151.8203648432302, -32.79664182315793], [151.8205667854759, -32.79671084181672], [151.8208538398594, -32.79679959544501], [151.8209952905479, -32.79685916414724], [151.8211403299323, -32.79693097345375], [151.8213686306736, -32.79707408228563], [151.8214082282113, -32.79710098274893], [151.8214680907661, -32.79713700248641], [151.821712005388, -32.79729292076513], [151.822056718536, -32.79750336434699], [151.8222838244288, -32.79764450850308], [151.8227374494107, -32.79793257351884], [151.8228554904481, -32.79800787068467], [151.8234116494784, -32.79836171743915], [151.8234271481167, -32.79837222017721], [151.8237155327378, -32.79857391508386], [151.8239986117403, -32.79875175245252], [151.8240567052577, -32.79879058409159], [151.8245699860155, -32.79913839772661], [151.8246896966564, -32.79921933448009], [151.8251413231776, -32.79952828502445], [151.8253276939487, -32.79964812868099], [151.8257130618582, -32.79988796794294], [151.8259998596792, -32.80007724005293], [151.8261523978618, -32.80017646925421], [151.8262846473843, -32.80025965529973], [151.8266396111381, -32.80050604362589], [151.8268558846031, -32.80065826711706], [151.8272518504264, -32.80093458680443], [151.8274270300933, -32.8010642097197], [151.8276193734858, -32.80122323187692], [151.8277363201297, -32.80132601108988], [151.8277848472923, -32.80136238521732], [151.827997463866, -32.80152478228911], [151.8280703791193, -32.80157646123541], [151.8282831898396, -32.8017164552499], [151.828401776678, -32.80179096627694], [151.8285686979256, -32.80192478780975], [151.8286713060946, -32.80200489171006], [151.8288540145536, -32.80214786751634], [151.8289492128356, -32.80221889542753], [151.8291395217032, -32.80235652338581], [151.8292656458598, -32.80245771177869], [151.8295400167436, -32.80264722712468], [151.8297109328186, -32.80274378963617], [151.8298067573816, -32.80279119017797], [151.8300855701033, -32.80294455073096], [151.8302833449339, -32.80305505509028], [151.8303222518952, -32.80307734402464], [151.8305693650361, -32.80322501474916], [151.8306784317808, -32.8032920746416], [151.8308552404242, -32.8034060668391], [151.8310260989916, -32.80350672478511], [151.8311778393848, -32.80360031390228], [151.8314267489491, -32.8037870161441], [151.8316140312924, -32.80393502005091], [151.8319972190927, -32.80424770853421], [151.832069570506, -32.80430843220068], [151.8321431816426, -32.8043627643263], [151.8325679486925, -32.80468902476713], [151.8326998323528, -32.80479076179904], [151.8331386203988, -32.80513517892678], [151.8332438106365, -32.805218640742], [151.8337087576765, -32.80562269824031], [151.8337348230676, -32.80564602300393], [151.8341913332561, -32.80607308211967], [151.8342783791302, -32.80615020288337], [151.8346963729923, -32.80650059029438], [151.8348486749891, -32.80662653603878], [151.8352071065223, -32.80692815143095], [151.8354185713838, -32.8071339591562], [151.8356254204458, -32.80735485005334], [151.8359870904977, -32.80774753481234], [151.8360083851423, -32.80777328605063], [151.8360155652259, -32.80778128442716], [151.8360306229916, -32.80779762619858], [151.8362907417963, -32.80809364977745], [151.8363963924763, -32.808207632002], [151.8365552915653, -32.80838609567519], [151.8366477707544, -32.80849504955887], [151.8367702103643, -32.80863391332309], [151.8371118182117, -32.80905989436411], [151.8371158780864, -32.80906513552566], [151.8371228608773, -32.80907379015184], [151.8373959577118, -32.80938372124865], [151.8375032099665, -32.80948633675479], [151.8376916300394, -32.80966999179321], [151.8377277007465, -32.80969982382794], [151.8379767891811, -32.80990876250587], [151.8379825791532, -32.80991359354454], [151.8382619796459, -32.81014528859788], [151.8383451177029, -32.81021646790072], [151.8384334965527, -32.8102770658432], [151.8385285897335, -32.81034146778626], [151.838762482445, -32.81052899115792], [151.8388080819119, -32.81056462449789], [151.8388327901474, -32.81058563560629], [151.8390494363307, -32.81076910634948], [151.8390939318546, -32.81080512265305], [151.8391961840019, -32.81088638669013], [151.8394031360164, -32.81106211013241], [151.8394604705525, -32.81111070732339], [151.8395886144398, -32.81119691268702], [151.8399742731383, -32.81147822405921], [151.8401539139103, -32.81162495874287], [151.8402595387751, -32.81170970821069], [151.8404306190962, -32.81183892576968], [151.8405451739721, -32.81191289478875], [151.8408317642975, -32.81204257616088], [151.8408609511165, -32.81205431470175], [151.8411185412515, -32.81215799044907], [151.84126310491, -32.81221615628021], [151.8416922572837, -32.81237649597381], [151.8417888308844, -32.81241452651528], [151.8420096418706, -32.81248775266249], [151.8422661878325, -32.81257863380768], [151.842840236809, -32.81277179303834], [151.8433370004666, -32.81292283106524], [151.8434145223641, -32.81294697774462], [151.8439890028975, -32.81310723631123], [151.8445638198966, -32.81324175292332], [151.8451389740844, -32.81335020498165], [151.8452323947886, -32.81336313642646], [151.8457144699011, -32.81343234755531], [151.8462903893158, -32.81348189067643], [151.8468667489207, -32.81349740864778], [151.8471552696927, -32.81349219400204], [151.8474435090776, -32.8134818303979], [151.8477325708108, -32.81345388391304], [151.8480208614204, -32.81342034983237], [151.8482117196251, -32.81339058251399], [151.8485985656324, -32.81333162189406], [151.8488892738543, -32.81326480633925], [151.8491769550068, -32.81318965824875], [151.8494606280188, -32.81308568338699], [151.849744978623, -32.81298187141357], [151.8497539697075, -32.81297863440494], [151.8497562473832, -32.81297747246339], [151.8497609979605, -32.81297509459455], [151.8502860434992, -32.81273889376934], [151.8503361465765, -32.81271786299817], [151.8504879503344, -32.81256588741309], [151.8506148253917, -32.81235564819849], [151.8506294901027, -32.81232448443109], [151.8507711347166, -32.81214567904061], [151.8509218535258, -32.8120068658688], [151.8512109857111, -32.81194019563407], [151.8514987726779, -32.81197824267798], [151.8517859144807, -32.81206638012856], [151.8520104487734, -32.81215704938006], [151.8520727043079, -32.81218184528439], [151.8523592253316, -32.81231846168117], [151.8524627707122, -32.81237260042087], [151.8526455797527, -32.81246792624421], [151.8528622256679, -32.81258766543851], [151.8529318231748, -32.81262610537709], [151.8530590175515, -32.81270683604157], [151.8532179574566, -32.81279304291689], [151.8532331576067, -32.81280246792903], [151.8535039351373, -32.81297207398785], [151.8535732673344, -32.81301698708893], [151.8537898174491, -32.81315871455882], [151.8538975852669, -32.81323136076833], [151.8540756046067, -32.81335286110186], [151.8542102400626, -32.81344562489124], [151.854361343048, -32.81355089968901], [151.8545162009329, -32.81365983097413], [151.8546470422726, -32.81375191039592], [151.8548167329333, -32.81387398466677], [151.8549326764572, -32.8139584598602], [151.855102981881, -32.81408800702695], [151.8552181607936, -32.81417661304425], [151.8553783384175, -32.81430192915252], [151.8555035660532, -32.81440104167638], [151.8556459644971, -32.81451578001804], [151.8557888442319, -32.81463549705506], [151.8558978924506, -32.81472948685553], [151.8559760421467, -32.81480275475207], [151.8560738888436, -32.81488811099024], [151.8561345867215, -32.81494305201778], [151.8563587689333, -32.81515387580697], [151.8563615270875, -32.81515653161205], [151.8565732406685, -32.81536986773807], [151.8566433277081, -32.81544485779585], [151.8567684680801, -32.81558305694455], [151.8569274548796, -32.81576968656003], [151.8569496474693, -32.81579611359552], [151.8571187428735, -32.81600906365514], [151.8572111007356, -32.81613227072705], [151.8572618770456, -32.81620282461188], [151.8572998020855, -32.81625521932654], [151.8574223368962, -32.81643464136363], [151.8574907633256, -32.8165422066092], [151.8576716080198, -32.8168203970065], [151.8576951849968, -32.81685993977646], [151.8577089974607, -32.81688538214104], [151.8577765650906, -32.81700076947806], [151.8579162311556, -32.8172324695546], [151.8579495509532, -32.81728506898821], [151.858000288041, -32.81736928901381], [151.8581132413353, -32.81758319520912], [151.8581892002834, -32.81771006346327], [151.8582998011502, -32.81790716672293], [151.8583118711138, -32.81793334785982], [151.8583405295906, -32.81798737232305], [151.8584280406668, -32.81813505208845], [151.8585570331372, -32.8183476305241], [151.858622866171, -32.81845313832412], [151.8587060887319, -32.81856039374179], [151.8588840975799, -32.81877342071903], [151.8589067705238, -32.81879687269975], [151.859175354542, -32.8189874815767], [151.8591924847229, -32.81899881327973], [151.8594792948804, -32.81911527554587], [151.8597669672578, -32.81916430716154], [151.8600551547295, -32.81917303543298], [151.8603438135202, -32.81914485721649], [151.8606328260108, -32.81908895964256], [151.8609396690869, -32.81900354819635], [151.8610930749163, -32.81896168738973], [151.8612114840085, -32.81892746952951], [151.8617905684463, -32.81873219294289], [151.8620365295301, -32.81865426436116], [151.8621092471606, -32.81863409760456], [151.8622797435005, -32.81859292435735], [151.8623692077141, -32.81857183232239], [151.8626578307351, -32.81854625909875], [151.8629461586399, -32.8185438382294], [151.8632133350708, -32.8185643305311], [151.8634803024031, -32.81858847454458], [151.863522138814, -32.81859205848446], [151.8635491575848, -32.81859453810586], [151.8636404825345, -32.81860528420452], [151.8640979293168, -32.8186550483901], [151.8643407977675, -32.81867784477754], [151.8644397940943, -32.81869178635185], [151.8646737455797, -32.81871645275214], [151.8648795634932, -32.81873710388675], [151.8650561927275, -32.81875696233982], [151.8652495696792, -32.81877693452384], [151.8654179913671, -32.81879684153154], [151.8656805644839, -32.818834129908], [151.8658252272892, -32.8188509554891], [151.8659585793705, -32.81885349386943], [151.8662346107701, -32.81890128206163], [151.8664006561236, -32.81894269497684], [151.8666885961117, -32.81897074397455], [151.8669778440589, -32.81889596154753], [151.8670136113212, -32.81884726358959], [151.8669809380442, -32.8186522352554], [151.8669784897347, -32.81863554129478], [151.8668587532587, -32.81842305307913], [151.8667351925058, -32.81821053212161], [151.8666989090744, -32.8181587325621], [151.86659467786, -32.81799785355565], [151.8664445948261, -32.81778509018329], [151.8664158447939, -32.81774680253415], [151.8662911380784, -32.81757229806374], [151.8661343548943, -32.81735947165089], [151.866132500791, -32.81735709507791], [151.865972924694, -32.81714660693439], [151.8658487934733, -32.81699598583361], [151.865796700943, -32.81693360399277], [151.8656637276458, -32.81678494575266], [151.8655312583969, -32.81662653817369], [151.8654357386899, -32.81650752419336], [151.865280747931, -32.81632448802134], [151.8652569943575, -32.81629449965249], [151.8650867444205, -32.81608155385362], [151.8650349501351, -32.81602436194305], [151.8647312217892, -32.81565552136823], [151.8647129292164, -32.81563582008016], [151.8644432921502, -32.8153303887039], [151.8643512618993, -32.81522926620585], [151.8641442445308, -32.81501551563599], [151.8640597695563, -32.81492931714035], [151.8639452003803, -32.81480277303575], [151.8635755182081, -32.81439946782456], [151.8635605316406, -32.81438204863468], [151.86355594798, -32.81437643117022], [151.8631809672912, -32.81395021771255], [151.8630808560073, -32.81383963954084], [151.8630070108993, -32.81376664809443], [151.8627749902333, -32.81352371959048], [151.8627225195291, -32.81346913327332], [151.8625737821737, -32.8133104892014], [151.8624380801957, -32.81316768134269], [151.8623743459116, -32.81309727261015], [151.8621774571558, -32.81288407885984], [151.8621537409872, -32.81285870825496], [151.8619818214053, -32.81267089619485], [151.8618693697197, -32.81255203228756], [151.8617809967913, -32.81245766605338], [151.8615848841397, -32.81225465834746], [151.8615749621415, -32.8122443882184], [151.8613699565278, -32.81203111939999], [151.8613003616516, -32.81196050947835], [151.8611599814185, -32.81181780505489], [151.8610157172814, -32.81167587464273], [151.8609431057457, -32.81160442758016], [151.8608525369124, -32.81151338723475], [151.8607309447902, -32.81140142091368], [151.8607203293078, -32.81139099603882], [151.8605032882932, -32.81117761730241], [151.8604462408223, -32.81112173482131], [151.8602849137776, -32.81096422407211], [151.8601614897952, -32.81084587409862], [151.8600621499179, -32.81075079248563], [151.8598766583945, -32.81057644315706], [151.85983484118, -32.81053731712575], [151.8596016105444, -32.81032378942109], [151.8595917282595, -32.8103148756154], [151.8593642689535, -32.81011022183304], [151.8593067254444, -32.81005912657264], [151.8591232643636, -32.80989662241655], [151.8590216713952, -32.80980751449749], [151.8588791108605, -32.8096829928507], [151.858736562794, -32.80956029426198], [151.8586309879386, -32.80946932563745], [151.85845142734, -32.80931548172038], [151.8583822413478, -32.80925565423814], [151.8581663274592, -32.80906763997911], [151.8581369219063, -32.80904201161616], [151.8578940887508, -32.80882839320446], [151.8578812702008, -32.80881695827748], [151.8576523955999, -32.80861478272874], [151.8575962402282, -32.80856408469134], [151.8574151810708, -32.80840121465974], [151.8573112963946, -32.80830460485561], [151.8571842300033, -32.80818770232872], [151.8570264598112, -32.80803687509427], [151.8569604807552, -32.80797425532865], [151.8567475171183, -32.80776090642229], [151.8567418119809, -32.8077545366836], [151.8565553996683, -32.80754774853716], [151.85645778976, -32.80742367154164], [151.8563875399946, -32.80733480995269], [151.8562606615715, -32.80712224750437], [151.8561953993456, -32.8069102458486], [151.8562299344558, -32.80669915687133], [151.8564187563585, -32.80648947718271], [151.8564701171756, -32.80646089908265], [151.8567603772619, -32.80630450452657], [151.8568034382395, -32.80628158665854], [151.8570101697137, -32.80607206955904], [151.8570530810575, -32.80595710781972], [151.8570893652242, -32.80586138798083], [151.8571451059977, -32.8057311589331], [151.8572750529063, -32.80544027276994], [151.8573519428159, -32.80512828453965], [151.8573793903611, -32.80501841587278], [151.8574438036642, -32.80459619552897], [151.8574666029472, -32.80417359440287], [151.8574539069765, -32.80375066934221], [151.8573979430028, -32.80332734943124], [151.8573762383963, -32.80322946385479], [151.8573078334417, -32.80290371835918], [151.8571930141334, -32.80247986118729], [151.857043158932, -32.80205568358548], [151.8568596900093, -32.80163119992426], [151.8568211909106, -32.80155395338318], [151.8566487517899, -32.80120646467043], [151.8564050895891, -32.80078143019529], [151.8562575773944, -32.80054893070309], [151.8561772878072, -32.80041667077501], [151.8561350788021, -32.80035615504994], [151.8558545675023, -32.79993078287674], [151.8558008557829, -32.79984903540191], [151.8556920210502, -32.79969652188356], [151.8555608635061, -32.79950528951582], [151.8552405524615, -32.79907955223371], [151.8551252980287, -32.79893614460724], [151.8549846244281, -32.79875924320447], [151.8548925644393, -32.79865356129028], [151.8547025051737, -32.7984358076103], [151.8545573706388, -32.79827024218173], [151.8545201485279, -32.79822734593785], [151.8542986083818, -32.79801391422296], [151.8542726974855, -32.7979928475774], [151.8539954752787, -32.79779973591178], [151.8539870173216, -32.79779407916271], [151.8537916461969, -32.79765875092482], [151.8534153846299, -32.79741815033447], [151.8533444937648, -32.79737096718674], [151.8528437340439, -32.7970438972531], [151.8526891606919, -32.79694215550296], [151.8522719599338, -32.79667963183306], [151.8519760754166, -32.7965128107524], [151.8516995159367, -32.79636793318599], [151.8511267109143, -32.79608452563366], [151.8511218536119, -32.7960821673351], [151.8505538322263, -32.79580712809104], [151.8501981090387, -32.79565087978443], [151.8499805833312, -32.79555885719668], [151.8495921074525, -32.79536588538178], [151.8494076647687, -32.79528509646047], [151.8492141169728, -32.79521903198292], [151.8491207304099, -32.79518528744171], [151.8488340759487, -32.79506362485398], [151.8487148648226, -32.79500303840825], [151.8485478262955, -32.79491079906836], [151.8483398016623, -32.79478818505902], [151.8482617959793, -32.79474085439455], [151.8476896929341, -32.79440478092772], [151.8476157044879, -32.79435871473129], [151.847117765775, -32.79405541229494], [151.84691292659, -32.7939294364665], [151.8467156018392, -32.79380219111874], [151.8465458972781, -32.79370175612303], [151.8462255741281, -32.79350029637266], [151.8459740135024, -32.79334963290535], [151.8455347264012, -32.79307112058422], [151.84540233671, -32.7929819347068], [151.8448924816573, -32.79264238922866], [151.8448308427226, -32.79260046226091], [151.8442592812819, -32.79222444437625], [151.84424192984, -32.79221357784803], [151.8436872770343, -32.79188310413554], [151.8435178824317, -32.79178408469909], [151.8431151903894, -32.79154841947422], [151.8428067620886, -32.79135470663192], [151.8425436302549, -32.79117351528191], [151.8422577661424, -32.79092682346482], [151.841974065966, -32.79064494471675], [151.8418626661185, -32.79054170915504], [151.8418170226058, -32.79049993959717], [151.8414041497354, -32.7901439865027], [151.8413736542406, -32.79011825756913], [151.8413169609095, -32.79007250490361], [151.8408331864557, -32.78972427218565], [151.8407225707274, -32.78964419512477], [151.8402619217452, -32.78932819513261], [151.840118994009, -32.78921579798634], [151.8396909606478, -32.78890908059691], [151.8394960136029, -32.788787217194], [151.8391196674115, -32.78851601210221], [151.8389025047148, -32.7883589070733], [151.8385487885712, -32.78809140197387], [151.8383572922161, -32.78793104266362], [151.8379784900776, -32.78762260255053], [151.8378193900628, -32.78750324326097], [151.8374075643011, -32.78720245303515], [151.8372349345348, -32.78707500938719], [151.8368368980196, -32.78676279037859], [151.8366756791619, -32.78664700739307], [151.8362659957791, -32.7863416875648], [151.836097390876, -32.78621882607865], [151.8356949842446, -32.78592936913054], [151.8354980736832, -32.78579044512838], [151.8351237656721, -32.78553334661399], [151.8349741096205, -32.78541820520496], [151.8349020636311, -32.78536209310482], [151.834553284171, -32.7850811924996], [151.8344888507852, -32.78503093395636], [151.8343568225044, -32.78493421080753], [151.8339826075619, -32.78464442336184], [151.8338655354722, -32.78455021962964], [151.8338094661149, -32.78450630747324], [151.83365690654, -32.78438417862043], [151.8335028765615, -32.7842584494116], [151.8334122507815, -32.7841835908597], [151.8333100117459, -32.78407884701386], [151.8331394312157, -32.78386585343588], [151.8331284088034, -32.78385098867039], [151.8329875555204, -32.78365303391416], [151.8328456424157, -32.7834361729445], [151.8327797965353, -32.78332698751245], [151.8327039860407, -32.7832275824091], [151.8325243840345, -32.7830126977538], [151.8323394369119, -32.78280137536291], [151.8322783491045, -32.78274189396967], [151.8318919076995, -32.78237439441017], [151.8317089448627, -32.78220976149834], [151.8313923903684, -32.78194692585311], [151.831138604637, -32.78174973843142], [151.830992529223, -32.7816287064008], [151.8308449849388, -32.78151900834251], [151.8305680393728, -32.78130736127804], [151.8302666856761, -32.78109079995988], [151.8299969942148, -32.78090205351918], [151.8299594110168, -32.78087652547771], [151.8297113194484, -32.78071118272209], [151.8296311323722, -32.78066205300371], [151.829425384561, -32.78054024551528], [151.8291772667357, -32.78044640780274], [151.8291386197311, -32.78043279393194], [151.8288517506659, -32.7803333062339], [151.8285617968918, -32.78022924770102], [151.8283706423676, -32.78015926911428], [151.8281923181667, -32.78009938408132], [151.827704359157, -32.77992947815875], [151.8273943577667, -32.77982947094978], [151.8268479598752, -32.77968290914555], [151.8265559211685, -32.77960612027823], [151.8259814667789, -32.77946262843261], [151.8254942019018, -32.77935490416627], [151.8254068064889, -32.77933494852914], [151.824831837746, -32.77923081510698], [151.8242565388184, -32.77915193457352], [151.8236808316643, -32.77910419963769], [151.8231047850534, -32.77908220934535], [151.8225282466705, -32.7790976665429], [151.8222394024748, -32.77911955638069], [151.8219512634395, -32.77914668749571], [151.8216619647242, -32.77919159100747], [151.8213736809048, -32.77924129464174], [151.8210228786525, -32.7793128977579], [151.8207957881541, -32.77935923807257], [151.8205063566021, -32.77945502621509], [151.8203182311944, -32.77951766753705], [151.8202169151292, -32.77955142990595], [151.8199277733208, -32.77962508927942], [151.8197622355957, -32.77972383308446], [151.8196368504993, -32.77983358401156], [151.8195217596426, -32.77993297214539], [151.8193457555897, -32.78005509304381], [151.8190570462534, -32.78009575340292], [151.818769489782, -32.78004933524915], [151.8184824938883, -32.7799605313707], [151.8183895186166, -32.77992229615825], [151.8181958607406, -32.77984415671159], [151.8179094410823, -32.779711873351], [151.8178986952505, -32.77970625981629], [151.8176232370288, -32.77956317748692], [151.8174915364677, -32.77949101344871], [151.8173371389898, -32.77940671960124], [151.8171039145476, -32.77927594928713], [151.8170510932962, -32.7792462927668], [151.8167651189081, -32.77908055696008], [151.8167319190921, -32.77906103156306], [151.8164791753945, -32.77891256955343], [151.8163660111893, -32.7788461702757], [151.8161932403752, -32.77874411162048], [151.8160028603847, -32.77863133498909], [151.8159073260688, -32.77857399342656], [151.8156436345683, -32.77841653378425], [151.8156214234648, -32.77840325239993], [151.8153355212802, -32.77823256151663], [151.8152835277749, -32.77820172523474], [151.8150496214125, -32.77806160118371], [151.8149228924319, -32.77798690866274], [151.8147637026638, -32.77789223610876], [151.8145583710156, -32.77777205529219], [151.8144777660061, -32.77772448123778], [151.8141948554401, -32.77755721039892], [151.8141932214236, -32.77755617734181], [151.814191843315, -32.77755539960697], [151.8139059392115, -32.77738535367968], [151.8138739598276, -32.7773664136061], [151.813831860126, -32.77734237138674], [151.8136199812878, -32.77721926744272], [151.8134557737892, -32.77712740334675], [151.813333954211, -32.77705847098616], [151.8130694554118, -32.77691233922405], [151.8130478937642, -32.77690026633809], [151.8127618099771, -32.77674389487589], [151.8126742391231, -32.7766971895955], [151.812475711889, -32.7765886756381], [151.8122769388824, -32.77648201897824]], [[151.8466101069099, -32.81103408065439], [151.8463222418425, -32.81101708843056], [151.8460339944102, -32.81097933296962], [151.8457467434785, -32.81093620335258], [151.8452182757461, -32.81082615866757], [151.8451717483115, -32.81081659208837], [151.8445972108551, -32.81066173514324], [151.8440230456546, -32.81047814752782], [151.8437695637193, -32.81038997967721], [151.8434491203755, -32.81027631556123], [151.8433469318709, -32.81023541664047], [151.8430516984293, -32.81012353868385], [151.8428755145974, -32.81004998809379], [151.842654597657, -32.80995686973534], [151.8425888271362, -32.80992809676468], [151.8423025812305, -32.80977212158939], [151.8422708163741, -32.80975365261304], [151.842162983129, -32.80968933976231], [151.8418869062191, -32.8095269638257], [151.8418247213767, -32.80949154059488], [151.8417304397009, -32.80943344832372], [151.8414841315918, -32.80928249859733], [151.8412025421331, -32.80909782356053], [151.8411586246299, -32.80906991224958], [151.8405870003271, -32.808692088285], [151.8405563227179, -32.80866903286551], [151.840021304717, -32.80824126920527], [151.8400163818037, -32.80823721895462], [151.8395254480905, -32.80781386629423], [151.8394759696117, -32.80776935855624], [151.8394463184145, -32.8077400385655], [151.8392983573144, -32.80759191288587], [151.8391189660512, -32.8074190196769], [151.8390886214268, -32.80738700980243], [151.8388855653327, -32.8071737219289], [151.8388772782562, -32.80716472472352], [151.8386887853677, -32.80696049193659], [151.838582360686, -32.80685770986713], [151.8383086615041, -32.80655737808848], [151.8382895572514, -32.80653398144199], [151.8382812326544, -32.80652368548226], [151.8380210864435, -32.80621576526539], [151.8379352309206, -32.80610788645259], [151.837777823129, -32.80590867431647], [151.8377572598688, -32.80588285149781], [151.8377411884067, -32.80586277565817], [151.8375934289314, -32.80568190576088], [151.8375410183819, -32.80561914402568], [151.8373650669122, -32.80544633106547], [151.837186060219, -32.80527545894387], [151.8371724960324, -32.80526245278861], [151.8371694141752, -32.8052597328217], [151.8371667590883, -32.8052572647569], [151.8371644399953, -32.80525511444426], [151.8371584203931, -32.80524983616806], [151.8367722906139, -32.80491409673681], [151.8366701098063, -32.80482771359721], [151.8366023795855, -32.8047720318371], [151.8365035793878, -32.80468802581373], [151.8362675806027, -32.80448844290265], [151.836161713787, -32.80440018208054], [151.836120253799, -32.80436712427445], [151.8360782879781, -32.80433096217695], [151.8360321889679, -32.80428778985674], [151.8358372288195, -32.80410775260623], [151.8357243933051, -32.80400734199083], [151.8356870575865, -32.80397296129308], [151.8354623156898, -32.80377966775706], [151.8354377517269, -32.80375923883236], [151.8351839956364, -32.80354547447462], [151.8351771916958, -32.80354015894324], [151.8348916151315, -32.80333545941539], [151.8348851825615, -32.80333129036018], [151.8346058637751, -32.8031442521451], [151.834566478409, -32.80311692040334], [151.8343202794804, -32.802940335362], [151.8342712658996, -32.80290276885682], [151.8340348962878, -32.80272112061414], [151.8339932012236, -32.80268877581682], [151.8337493523602, -32.80251432141523], [151.8336896893436, -32.80247454513864], [151.8334634882879, -32.80233212495818], [151.8333474362994, -32.80225995277493], [151.8331775210158, -32.80215792823873], [151.8329789199041, -32.80204511470964], [151.8328913743995, -32.80199752939438], [151.8326051226345, -32.80184527661424], [151.8325763498354, -32.80182995857638], [151.8323190035903, -32.80168292469887], [151.8322067545308, -32.80161510721086], [151.8320330606251, -32.80150718829077], [151.8318706625535, -32.80140056882772], [151.831747310448, -32.80131681097828], [151.831557157264, -32.8011862398314], [151.8314616163942, -32.80112221434331], [151.8312417167173, -32.80097189199893], [151.83117586116, -32.80093243261803], [151.8308929349525, -32.8007572320883], [151.8308899405139, -32.80075533621994], [151.8306040368516, -32.80057707340035], [151.8305787682855, -32.80056157654417], [151.8305502943082, -32.80054262857607], [151.8303182376985, -32.80039087281176], [151.8302246024429, -32.80032818297479], [151.8300325688388, -32.8001948394022], [151.8299188383166, -32.8001139222597], [151.8297470811402, -32.79998505216361], [151.8296703671411, -32.79992860021156], [151.8295309587047, -32.79981883767641], [151.8293562075604, -32.79968585576546], [151.82929594623, -32.79964098288821], [151.8291763803639, -32.79954490249077], [151.8288403455751, -32.7992582242307], [151.8286910830652, -32.79913105115617], [151.828606328215, -32.79905565362475], [151.8283426102864, -32.79883076021838], [151.8283212825424, -32.79881274634891], [151.8281950260458, -32.79871155181416], [151.8280842656987, -32.79861693903291], [151.8280361481217, -32.79857667498311], [151.8278060472696, -32.7984029310403], [151.827750730365, -32.79836235205534], [151.8275075891423, -32.79818873317129], [151.8274651763153, -32.79815847195687], [151.8272048005349, -32.79797449380033], [151.827179595626, -32.79795676379501], [151.826900927164, -32.7977602433034], [151.8268940112883, -32.79775538677279], [151.8266083926574, -32.79755671904684], [151.8265928329863, -32.79754595301631], [151.8263227618294, -32.79735907536866], [151.8262967336168, -32.7973414049315], [151.8262389862316, -32.79730022575939], [151.8259762158921, -32.79711736569811], [151.8258955685698, -32.79706329709182], [151.8257515529318, -32.79696010828485], [151.8253655915514, -32.79668883185064], [151.8252396767829, -32.79659987281866], [151.8251804460276, -32.79655377275907], [151.8250019428035, -32.7964210046909], [151.8248571597618, -32.79631725207372], [151.8247836345265, -32.79626056387502], [151.8246095182432, -32.79613417458199], [151.8244896765274, -32.79604640092066], [151.8243239477877, -32.79593266908267], [151.8241582494528, -32.79583188558041], [151.824037973116, -32.79576192344786], [151.8237875595764, -32.79561700054097], [151.8237519307704, -32.79559639977629], [151.8234658859997, -32.79543123014503], [151.8233972363915, -32.79540192994921], [151.8231790492035, -32.79532617530384], [151.8228919208448, -32.79524329869167], [151.8228356903464, -32.79522665345706], [151.8223692313801, -32.79504446427677], [151.8223183898372, -32.79502271003713], [151.8222896803505, -32.79501105040794], [151.8221938103264, -32.79496780937933], [151.8218505660793, -32.79480937290305], [151.8217454709055, -32.79475575267219], [151.8215166725716, -32.79462323311003], [151.8214318328195, -32.79457855307186], [151.8213688506386, -32.79453724018765], [151.8211735824743, -32.79441114087496], [151.8210385660013, -32.79432272734743], [151.8208877731923, -32.7942287821661], [151.8206580585263, -32.79410774073619], [151.8206015336998, -32.79407891975342], [151.8203919576094, -32.79397121340355], [151.8200293518235, -32.79375718872024], [151.8199044584109, -32.79367783392479], [151.8194580582851, -32.79336845572368], [151.8193026548171, -32.79324935385461], [151.818887609645, -32.79291618888442], [151.8187708943569, -32.79282153188279], [151.8186798329979, -32.79274363356257], [151.8184546364762, -32.79255627996662], [151.8183176729765, -32.79242582818739], [151.8182839086805, -32.79239413008185], [151.8180661026748, -32.79218067086015], [151.8180331471435, -32.79214719780384], [151.8178692580138, -32.79196740913375], [151.8177493272808, -32.79181552685668], [151.8176508553133, -32.79168944685352], [151.817543653564, -32.79154152789386], [151.8173575104812, -32.79127936778627], [151.8172500186098, -32.79111594751288], [151.8171835162721, -32.7910143435617], [151.8171232255859, -32.79092588801319], [151.8170859811911, -32.79086650531445], [151.8169662458517, -32.79069045961711], [151.8168953014442, -32.79058617000624], [151.8167324388027, -32.7903079803304], [151.8167051152349, -32.79026518552092], [151.8166882867322, -32.7902390182324], [151.81661916142, -32.79010396655099], [151.8164772695657, -32.78984022493933], [151.8162828061901, -32.78941557948178], [151.8161297169202, -32.78899132533132], [151.8160613696364, -32.78869920245512], [151.8160299206122, -32.78856757382204], [151.8159740735733, -32.78814423821433], [151.8159911337198, -32.78772159234592], [151.8160101192992, -32.78753482400901], [151.8160160769271, -32.78748792581666], [151.8160463829385, -32.7872993069721], [151.8160812331737, -32.7871999932409], [151.8161177123974, -32.78708857740435], [151.8161923239154, -32.78687787880733], [151.8162660511257, -32.78666717178714], [151.8163258787548, -32.7864563338523], [151.8163798586725, -32.78641233638848], [151.8166192989651, -32.78624770224428], [151.8166708569941, -32.78620035866021], [151.816827730654, -32.78603826855584], [151.8168617889988, -32.78582718638143], [151.8168010050847, -32.78561520823735], [151.8166822869692, -32.78540268171713], [151.8166814340918, -32.78540157342246], [151.8165189589077, -32.78518973454248], [151.8163978560966, -32.78505349255965], [151.8163296074254, -32.78497654122782], [151.8161196624153, -32.78476315297445], [151.8161135935122, -32.78475734353657], [151.8158955319111, -32.78454963125603], [151.8158289739822, -32.78448809590651], [151.8156639114973, -32.78433603732697], [151.8155442368682, -32.78422802676232], [151.8154260033591, -32.78412238350882], [151.8152593973084, -32.78397580897905], [151.8151813207875, -32.78390866516213], [151.8149744088421, -32.78373476471768], [151.8149266593302, -32.78369485192815], [151.8146893302924, -32.78350071664886], [151.8146650703591, -32.78348097262449], [151.8144041450564, -32.78327500082042], [151.8143940530225, -32.78326700253422], [151.8141188614185, -32.78305645434892], [151.8141142850408, -32.78305295100864], [151.8138335395982, -32.78284124441552], [151.8138304005647, -32.78283885889169], [151.8135482199162, -32.78262579887746], [151.813546889868, -32.78262476968303], [151.8132720876216, -32.78241076235503], [151.8132629906573, -32.78240364662264], [151.8129935601282, -32.78219672012244], [151.8129777210619, -32.78218463871679], [151.8127038096135, -32.78198256891091], [151.8126923392801, -32.78197418005971], [151.8124068448604, -32.78177229950995], [151.8124011885079, -32.78176829699038], [151.81212140359, -32.78156651673163], [151.812104454477, -32.78155407819077], [151.8118361172126, -32.78134935908395], [151.8118237922628, -32.78134001316471], [151.8115508481993, -32.78113064370643], [151.8115445456501, -32.78112595894999], [151.8112655368581, -32.78091557051044], [151.8112605391181, -32.78091186094207], [151.8109802505319, -32.78069854237623], [151.8109792375028, -32.78069778698659], [151.8107006737528, -32.78048373741422], [151.8106949944557, -32.78047916805315], [151.8104224271672, -32.78026969222975], [151.8104097492882, -32.78025943276054], [151.8101318924325, -32.78005552771293], [151.8101243635757, -32.78005000580919], [151.8098387485011, -32.77985825941505], [151.8098111515445, -32.7798410775182], [151.8095529468716, -32.77968043626288], [151.8094634456889, -32.77962636821832], [151.8092671721597, -32.77950067711146], [151.8091754499445, -32.77944613869545], [151.8089258274483, -32.77928077159493], [151.8087865296363, -32.77919712566126], [151.8086957217442, -32.77913398889348], [151.8084913967674, -32.77898291467471], [151.8084105204905, -32.77891147257299], [151.8082476358414, -32.77876919178914], [151.8081970766618, -32.77871580599708], [151.8081261018161, -32.77863036898333], [151.8080616173662, -32.77855601891287], [151.8079361174761, -32.77834341973232], [151.8079157248652, -32.77828949450463], [151.8078198470838, -32.77801556411782], [151.8077962172629, -32.77791928048288], [151.8077819006176, -32.77783787439853], [151.8077613901989, -32.77762807149617], [151.80773064009, -32.77749584852262], [151.807700900426, -32.77728416154383], [151.8076741589203, -32.77707250309186], [151.8076633456791, -32.77686099623884], [151.8077828801366, -32.77665073008041], [151.8078647611646, -32.77661906596842], [151.8081541391488, -32.77652748645431], [151.8084420811352, -32.77654395236038], [151.8087295807724, -32.77659326903444], [151.8089466452941, -32.77666180116984], [151.8090165056456, -32.77668592974641], [151.8093032445603, -32.77679259734253], [151.8095050770643, -32.77687851376402], [151.809589787043, -32.77691406826284], [151.8098759428424, -32.77706464273706], [151.8099309500184, -32.77709396457146], [151.8101621072879, -32.777214463912], [151.8103440386004, -32.77730929252363], [151.8104482845516, -32.77736374888207], [151.8107344252455, -32.77751550016978], [151.8107507182876, -32.77752455828528], [151.8110204874238, -32.77767340540271], [151.8111470316843, -32.77773972435807], [151.8113066615552, -32.77782314443726], [151.8115790079345, -32.77795522755827], [151.8115929784659, -32.77796186193973], [151.8118288799676, -32.77808188549903], [151.8120206196548, -32.77817345127994], [151.8121655523946, -32.77824436047888], [151.8124356365722, -32.77838616011366], [151.8124517256365, -32.77839427316479], [151.8127379151238, -32.77854303534212], [151.8128450957737, -32.77860144652442], [151.8130240239446, -32.77869794446462], [151.8132345484984, -32.77881654007041], [151.8133100589395, -32.77885848881851], [151.8135960369372, -32.77902340604976], [151.813609953047, -32.77903150035695], [151.8137685804489, -32.77911691415125], [151.8138820510222, -32.77918568340755], [151.8139867571249, -32.77924647278684], [151.8141680574058, -32.77934844196386], [151.8143612814478, -32.77946142252051], [151.8144540193878, -32.77951498206522], [151.8147334717978, -32.779676348073], [151.8147399973421, -32.77968004307996], [151.8150259763345, -32.77984528367858], [151.8151033269544, -32.77989125243892], [151.8153119093685, -32.78001416045299], [151.8153799823009, -32.78005493739767], [151.815459436557, -32.78010602373541], [151.8155977189491, -32.78019225844605], [151.8157986114073, -32.78032063593145], [151.8158834733512, -32.78037460685596], [151.8161325988976, -32.78053519620079], [151.8161692073826, -32.78055875960962], [151.8164549552554, -32.78074177777268], [151.8164675543663, -32.78074976672445], [151.8167407280166, -32.78092309389928], [151.8168060293616, -32.78096436862131], [151.8170265071116, -32.78110401913523], [151.8171450799642, -32.78117897406145], [151.8173122914566, -32.78128463510916], [151.8174883218552, -32.78139362016168], [151.8175981264469, -32.78146142052259], [151.8178419011837, -32.78160836090103], [151.8178840265726, -32.78163354509513], [151.8181700092898, -32.78179932927935], [151.8182130789431, -32.7818232687074], [151.8184560834484, -32.78195845453001], [151.818607172909, -32.78203838958854], [151.8187422561195, -32.78211002480441], [151.8190285647021, -32.78225138295886], [151.8190342750549, -32.78225382246342], [151.8193151074003, -32.78237526638617], [151.8195705092048, -32.78247028048435], [151.8196018749101, -32.78248201054475], [151.8198891554113, -32.78255004461573], [151.8201772489207, -32.7825565233922], [151.8203684609396, -32.78247779827313], [151.820467189322, -32.78242306322369], [151.8205623741582, -32.78226822127232], [151.8207230127032, -32.78205832868201], [151.8207606916195, -32.7820194832521], [151.8210502145348, -32.78191756509057], [151.8212053244978, -32.78185146566057], [151.8213400688526, -32.78179028723741], [151.8215283257211, -32.78170627925027], [151.8217885562581, -32.7816249453694], [151.8219191583861, -32.78158260557035], [151.8220051318431, -32.78156191829731], [151.8224711249061, -32.78147835702339], [151.8224969461126, -32.78147371693029], [151.8225172955916, -32.78147079770417], [151.8228623481931, -32.78144424111053], [151.8230739211822, -32.78142626180932], [151.8233621496688, -32.78142519513347], [151.8236501782742, -32.78143340573553], [151.8236723062988, -32.78143559496647], [151.8238228187867, -32.78145326402824], [151.8242256780081, -32.78149804481598], [151.8248006867324, -32.78160013838465], [151.8253752692852, -32.78173480821664], [151.8259495262004, -32.78189435957484], [151.8259550452337, -32.7818960770943], [151.8265236260629, -32.78206603134316], [151.8267708057442, -32.78214444531449], [151.8270974185538, -32.78226134121314], [151.8272771844642, -32.78233127189031], [151.8276706742497, -32.7824977255259], [151.8279080764373, -32.78262832134283], [151.8281432181578, -32.78276218532494], [151.8282428181135, -32.78281914748231], [151.828814593802, -32.78316898033574], [151.828851152333, -32.78319161562871], [151.8293863531796, -32.78352044638848], [151.8295324359698, -32.78362079294982], [151.829680613788, -32.78373112175763], [151.8298708758391, -32.78386737998153], [151.8299572796614, -32.78393580731466], [151.8300963159768, -32.78404887003438], [151.8302423893615, -32.78417068470321], [151.830340429727, -32.78426255439479], [151.8305270348212, -32.78444113005156], [151.8305622385964, -32.78447603002769], [151.8307167837407, -32.78461848818932], [151.8310025571104, -32.78490294834984], [151.8310961296409, -32.78499740636971], [151.8314229834417, -32.78532968054481], [151.8316647501531, -32.7855905211382], [151.8318243935892, -32.78575623498875], [151.832063486387, -32.78601102397494], [151.8322288850293, -32.78618281589723], [151.8322333251921, -32.78618766646775], [151.8323804785775, -32.78634092561038], [151.8325580268878, -32.78651796413493], [151.8326492495225, -32.78660954297499], [151.8326916043276, -32.78665103475521], [151.8327422670023, -32.78669954289245], [151.8328023150012, -32.7867536431358], [151.8330273757585, -32.78694695772111], [151.8331043279399, -32.78701137880665], [151.8331334527173, -32.78703686347035], [151.8333722233957, -32.78724980621723], [151.833372765343, -32.78725029615759], [151.8333737331462, -32.78725106638069], [151.8336329886756, -32.78746432540783], [151.8337336051536, -32.78754271893968], [151.8338401051344, -32.78761838820554], [151.8339428420368, -32.78769202301174], [151.8342273598287, -32.78789108204353], [151.8342288250658, -32.78789209884025], [151.834229625709, -32.78789268926749], [151.8345138563835, -32.78810433197742], [151.8345159873866, -32.78810596930327], [151.8345201683425, -32.78810913516941], [151.8348023523286, -32.78832082738063], [151.8348991910631, -32.78839043523726], [151.8349936839076, -32.78845752352288], [151.835084745852, -32.7885266224738], [151.8353570602252, -32.78872936948932], [151.8353747370206, -32.78874220848229], [151.8353836163155, -32.78874904281372], [151.8356556398852, -32.78894897416978], [151.8356750216076, -32.78896315721619], [151.8359411542117, -32.78915513988284], [151.8359716461613, -32.78917731797412], [151.836226602967, -32.78936643612315], [151.8362589157545, -32.78939139260058], [151.8365119137795, -32.78958844005751], [151.8365335473497, -32.78960534867502], [151.8367972345732, -32.78980977433969], [151.8368095262905, -32.7898193161754], [151.8370825737134, -32.7900298187393], [151.8370871722699, -32.79003329954952], [151.8373682452533, -32.79022441382386], [151.8374019727798, -32.7902476267526], [151.8376540907707, -32.79040573088207], [151.8377617227036, -32.79046237032583], [151.8379403368131, -32.79055636441302], [151.8380366240078, -32.79060523056762], [151.8381650448249, -32.79067751662234], [151.8382265257077, -32.79071142161075], [151.8385125901607, -32.79087617425847], [151.8385341752249, -32.7908923450334], [151.838798023161, -32.79108957170865], [151.8388203102712, -32.79110640286098], [151.8390833804038, -32.79130892726107], [151.8390982505067, -32.79132038408085], [151.8392788103773, -32.79145537385119], [151.8396483347136, -32.79174829099509], [151.8396540341025, -32.79175257248943], [151.8400195382925, -32.79203912371565], [151.8401963461938, -32.7921761760939], [151.8402246728027, -32.79219787733678], [151.8404887682223, -32.79239028839726], [151.840510182659, -32.79240596911797], [151.8407801473347, -32.792604390375], [151.8407956678627, -32.79261610767628], [151.8410599819764, -32.79281838485787], [151.8410810328276, -32.79283557431444], [151.841311816289, -32.79303211952185], [151.8413660889707, -32.79307900678145], [151.8415585091574, -32.79324580612706], [151.8416510841612, -32.79332725867391], [151.8418042484445, -32.79345948368797], [151.84193604283, -32.79357845034298], [151.8420448739241, -32.79367311311933], [151.8422210484808, -32.79382609430598], [151.8423100323857, -32.79388696913981], [151.8425067486453, -32.79402030037721], [151.8426263210192, -32.79410129716928], [151.8427924650036, -32.79421335295046], [151.8429430231346, -32.79431562816956], [151.8430781564795, -32.79440833068247], [151.8432545127342, -32.79452991024192], [151.8433638210965, -32.79460557071928], [151.843567326358, -32.79474420376948], [151.8436495197753, -32.79480027666443], [151.8438831943865, -32.79495852473588], [151.8439352338755, -32.79499388709354], [151.8441966752526, -32.79517282288515], [151.8442209285573, -32.79518904786454], [151.8445067612629, -32.79537372594041], [151.8445276570188, -32.79538728172798], [151.8446715331096, -32.79547816617782], [151.8447925938548, -32.79555845879128], [151.8448595774726, -32.79560174844039], [151.8450785254687, -32.79573553225021], [151.8452150989556, -32.79581643180347], [151.8453645753266, -32.79590363701914], [151.845579522809, -32.79603119636766], [151.8456505884664, -32.79607466676532], [151.8459345621296, -32.79624587339947], [151.8459365839481, -32.79624705649388], [151.8463608369357, -32.79646120560778], [151.8464251949617, -32.79649284790776], [151.8465094102919, -32.79652758299557], [151.8470828124504, -32.79676377509065], [151.8473559836775, -32.79689317861278], [151.8475802931125, -32.7970064937283], [151.8476556778187, -32.79704181613573], [151.8477976385228, -32.79710671766003], [151.8480200842885, -32.7972072172725], [151.848228760736, -32.79730307950399], [151.8482773454557, -32.79732446494859], [151.8485226033671, -32.79742976497755], [151.8488019058864, -32.79755996007174], [151.8491884139107, -32.7977556502359], [151.8493244701206, -32.7978308378747], [151.8493744812735, -32.797861329125], [151.8499182252534, -32.79818516436166], [151.8499293298104, -32.79819163178433], [151.8499465492139, -32.79820232108688], [151.8505185266272, -32.79855077978101], [151.8506158702711, -32.79861437880288], [151.8510897593834, -32.79895747759599], [151.8512041431818, -32.79904258604944], [151.8516606933047, -32.79938782392765], [151.8517644786539, -32.7994705346398], [151.8520687583954, -32.79971420143784], [151.852231144862, -32.79985604175528], [151.852280407413, -32.79989807374676], [151.8525044332384, -32.80011153150559], [151.8525159389035, -32.80012406712473], [151.8526881453114, -32.80032461950572], [151.8527998490589, -32.80046085594768], [151.8528488276614, -32.80051925971583], [151.8528889301547, -32.80057104992943], [151.8530336592996, -32.80075059350224], [151.8531113167252, -32.80084667184832], [151.8533504736071, -32.80117016382866], [151.853355283306, -32.80117634828764], [151.8533579278285, -32.80117973444283], [151.8533669286305, -32.80119280960992], [151.8536503422378, -32.80160185905453], [151.853911532933, -32.80202705864332], [151.8539322100225, -32.80206551221244], [151.8541378776391, -32.80245193980966], [151.8542317858121, -32.80266337529292], [151.8543204438754, -32.80287641949792], [151.8544530314932, -32.80330044117608], [151.8544903259948, -32.803497781293], [151.8545344892275, -32.80372399545365], [151.8545625977603, -32.8041470616314], [151.854514524297, -32.80456943083004], [151.8545046935292, -32.80461136988475], [151.8544743631003, -32.80474222450721], [151.8544170986092, -32.80499134744662], [151.8543036706191, -32.80520171405306], [151.8541832231368, -32.80541201630484], [151.8541773778728, -32.80542284070481], [151.8540760903479, -32.80562244128868], [151.8539529916374, -32.80583271902594], [151.8538834992643, -32.80586104847788], [151.8535938308344, -32.80597108848559], [151.8534268018116, -32.80603930594702], [151.8533032886147, -32.80614920991121], [151.8532053451128, -32.80624868214767], [151.8531696702034, -32.80645975878218], [151.8532363772953, -32.80667177416558], [151.8532953256787, -32.80676929204617], [151.8533646435988, -32.80688435329574], [151.8535287085375, -32.80709726110615], [151.8535786601425, -32.80715273720648], [151.853720561864, -32.80731042112797], [151.8538630362395, -32.80745531156424], [151.8539302951411, -32.80752374651485], [151.854147740246, -32.80773248232595], [151.8541526341889, -32.80773718494055], [151.8543868398845, -32.8079507325524], [151.8544326796717, -32.80799143949253], [151.8546292589249, -32.80816435487168], [151.8547177540783, -32.80823981807964], [151.8548068584779, -32.80831136579184], [151.8548820346061, -32.80837807145434], [151.8550029724806, -32.80847745885922], [151.8550770484569, -32.8085363790334], [151.8551396332358, -32.80859183064524], [151.8552881912034, -32.80871500839783], [151.855397532512, -32.80880559405682], [151.8555734436532, -32.80894986027499], [151.8556595120981, -32.80901939223821], [151.8558587856604, -32.80917820751813], [151.8559297712441, -32.8092332675418], [151.8561442408306, -32.80939746751017], [151.8562086779066, -32.80944721928063], [151.8564296691378, -32.80961911825364], [151.8564825400895, -32.80966112631802], [151.8567149423656, -32.8098529900044], [151.8567410092344, -32.80987489021902], [151.8569879544185, -32.81008854937784], [151.8570000565633, -32.81009939935376], [151.8572295743802, -32.81030215945015], [151.8572850852127, -32.81035261579723], [151.8574677695074, -32.81051573780923], [151.8575700806605, -32.81060855250621], [151.8577062369236, -32.81072931920818], [151.8578550885551, -32.81086364236182], [151.8579438165895, -32.81094289006893], [151.8581400944959, -32.81111901235124], [151.8581821023621, -32.81115646891061], [151.8584095878221, -32.81136994683948], [151.8584249611426, -32.8113854026854], [151.8585732471208, -32.81152780183959], [151.8587572311129, -32.81172502619978], [151.8588245059402, -32.81179653837705], [151.8589938278895, -32.81198638014217], [151.8590150956661, -32.81200967989656], [151.8592112839856, -32.81222287215547], [151.8592781591301, -32.81229490019587], [151.8594117787802, -32.81243610333775], [151.859562494353, -32.8126034455376], [151.859604748043, -32.81264926565319], [151.8597889915202, -32.81286234820448], [151.859846540965, -32.81293474106718], [151.8599602790164, -32.81307531250752], [151.8601197328253, -32.81328816883308], [151.8601301122289, -32.81330342766677], [151.8602680979599, -32.81350092400788], [151.8604046339367, -32.81371357133872], [151.8604129870273, -32.81372685218355], [151.8605426584309, -32.81392623206131], [151.8606957910525, -32.81413903012765], [151.8606960037883, -32.81413936064087], [151.860822045892, -32.81435158343328], [151.8609161621264, -32.81456384418908], [151.8609175936457, -32.81477526157249], [151.8608058583477, -32.81498564721102], [151.8606835727173, -32.81511335639817], [151.8604912974724, -32.8151941906732], [151.8604270600878, -32.81521788278474], [151.8603938685372, -32.81522445088331], [151.8601053950724, -32.81523911363143], [151.8598365494053, -32.81518822916382], [151.8598178023664, -32.81518481446705], [151.8595306981825, -32.815092306623], [151.859275558921, -32.81497171230893], [151.8592441298317, -32.81495791643351], [151.8589578787414, -32.81479895891528], [151.8588913440973, -32.81475680840595], [151.8586717073212, -32.81463348172144], [151.8585317318871, -32.81454212568451], [151.8583857195243, -32.81445409779792], [151.858204491593, -32.81432773719956], [151.8580999303404, -32.81425909270814], [151.8578951663164, -32.81411351131231], [151.857814205237, -32.81405917682855], [151.8575909427711, -32.81389933122819], [151.857528505053, -32.81385741453937], [151.8572776355311, -32.81368506750158], [151.8572427129945, -32.81366292923474], [151.8569962277742, -32.81350021610405], [151.8569552905504, -32.813473028479], [151.8569519482676, -32.81347068797481], [151.8566710237299, -32.81328246090925], [151.8566342936535, -32.81325638495338], [151.8563853118225, -32.81308200825885], [151.8563310357787, -32.81304221067433], [151.8560997023916, -32.81287365810476], [151.8560385739396, -32.81282813432313], [151.8558140861705, -32.81266612571312], [151.8557410840707, -32.81261401134333], [151.8555283730464, -32.81246588818141], [151.8554333316405, -32.81239979384333], [151.8552426101837, -32.81226999672111], [151.8551196104712, -32.81218552101507], [151.8549568266338, -32.81207563182323], [151.8548075507792, -32.8119712626019], [151.8546711037931, -32.81187644770421], [151.8545000480427, -32.81175704512719], [151.8543853754438, -32.81167816001198], [151.8541880620854, -32.81154278587758], [151.8540996093727, -32.81148272696072], [151.8538693812519, -32.81132846457234], [151.8538137887067, -32.81129164292099], [151.8535432510391, -32.81111407524429], [151.853527923925, -32.81110408954044], [151.8532420066534, -32.81092080852039], [151.8532087189869, -32.81089960613451], [151.8529560617145, -32.81073958867017], [151.8528675629191, -32.8106850774351], [151.852670047485, -32.8105640340047], [151.8525133754491, -32.81047042638784], [151.8523839628015, -32.81039404891095], [151.8521410000218, -32.81025560960177], [151.8520977858233, -32.81023114365109], [151.8518115164951, -32.81007568363799], [151.851742486135, -32.81004054999289], [151.8515251285401, -32.80992943300271], [151.8513065729212, -32.80982514699923], [151.8512386199549, -32.80979253906582], [151.8509519474203, -32.80966863568972], [151.8507863998462, -32.80960897009265], [151.8506650187386, -32.80956469383017], [151.8503776249909, -32.80949674013169], [151.8500894309359, -32.80949114326319], [151.8498581990559, -32.80960044654228], [151.8497992522243, -32.80963951840329], [151.8497063933958, -32.80981045505871], [151.8496256913679, -32.8100211177229], [151.8495340461512, -32.81023168076518], [151.8495027444116, -32.81027897897098], [151.8492126741171, -32.81041866631546], [151.8491960847155, -32.81042789916324], [151.8491744100619, -32.81043977859605], [151.8489222795648, -32.81058352591555], [151.8488033331306, -32.81064777216733], [151.8486319970646, -32.81073943065968], [151.8483424419901, -32.81083904729388], [151.8482824686738, -32.81085438475748], [151.8480532100212, -32.81091339073112], [151.8478964247927, -32.81094758063944], [151.8476690339432, -32.81098799372643], [151.8474753125018, -32.81101845679734], [151.8473125959827, -32.81102982699883], [151.8470512746178, -32.81104173767454], [151.8468984244005, -32.81104508335227], [151.8466101069099, -32.81103408065439]]]}}, {"type": "Feature", "properties": {"base": "HMAS Albatross", "anef_band": "35+", "anef_min": 35}, "geometry": {"type": "Polygon", "coordinates": [[[150.5352770028605, -34.95550382697127], [150.5353259883958, -34.95548096943361], [150.535597163571, -34.95539310639811], [150.5359181932519, -34.95525333759207], [150.5359631325155, -34.95523304413069], [150.5359372560192, -34.95521770226947], [150.5359194158518, -34.9552125113899], [150.5356072413335, -34.95505662346795], [150.5353944680487, -34.95496063866307], [150.5352952909045, -34.95489328647602], [150.5349795327976, -34.95485709941931], [150.5346638440012, -34.95481861426134], [150.5343484017992, -34.95477190528385], [150.5340330561585, -34.95472197680158], [150.5337177457731, -34.95467089589312], [150.5336814107015, -34.95466498611148], [150.5334035640414, -34.95458217740082], [150.5330885693623, -34.95452059845923], [150.5329341315532, -34.95464980117993], [150.5327624623974, -34.9548296415802], [150.5327002359302, -34.95490590731981], [150.5326459404581, -34.95516566462442], [150.5327476009497, -34.95532527470743], [150.532821271431, -34.95543008815781], [150.5330554814745, -34.95562423025729], [150.5333731894781, -34.95559543694918], [150.5336909343406, -34.95556541758231], [150.5340085336303, -34.95554022813832], [150.5343259056031, -34.95552263931478], [150.5346430276709, -34.95551337210566], [150.534959708017, -34.95551885299074], [150.5352770028605, -34.95550382697127]]]}}, {"type": "Feature", "properties": {"base": "HMAS Albatross", "anef_band": "35+", "anef_min": 35}, "geometry": {"type": "Polygon", "coordinates": [[[150.5500160837287, -34.93934449595747], [150.5500165185027, -34.93934405792731], [150.5502656372103, -34.93908822238592], [150.5501529514117, -34.93882508758134], [150.5503544743232, -34.93861831661945], [150.5504117284376, -34.93856944556558], [150.5506762397837, -34.93845071146154], [150.5509783194642, -34.93832001405042], [150.5509970747471, -34.93831442666192], [150.5513179314399, -34.93817733538748], [150.5514084044084, -34.93806782501304], [150.5516455732928, -34.93781202803802], [150.5516463642801, -34.93781176137782], [150.5519629016796, -34.93779346510615], [150.5522816377277, -34.93772758732689], [150.5524655735038, -34.93756741540187], [150.5523422740645, -34.93730406852501], [150.5523908337518, -34.93704418506474], [150.5524778997368, -34.9367850767789], [150.5526319689099, -34.93659875499128], [150.5526964597116, -34.93652861983213], [150.5529575267677, -34.93630315407307], [150.5529901966461, -34.93627367852878], [150.5532502815197, -34.93601805636325], [150.5532849394357, -34.93594501003599], [150.5533785512418, -34.93575977859433], [150.5533157848558, -34.93549765235645], [150.5532985913109, -34.93548555860895], [150.5529868927019, -34.93531498146046], [150.5527559911429, -34.93522550757348], [150.5526749985104, -34.93515098821774], [150.5525181957403, -34.93495985215236], [150.5523701151534, -34.93475112996589], [150.5522344099867, -34.93469327016476], [150.5520563068828, -34.93465163753575], [150.5519321856561, -34.93468717722226], [150.5517369595678, -34.9347385164329], [150.5514495155667, -34.93493830625937], [150.55141328501, -34.93497085811987], [150.5511548769712, -34.93519322668112], [150.5510882679038, -34.9352482811849], [150.5508058994374, -34.93544705126897], [150.5507649005777, -34.93547012284711], [150.5504439306247, -34.93561139706247], [150.5503159056292, -34.93569802786988], [150.5501189764035, -34.93588646919881], [150.5500295212012, -34.93595311192649], [150.5497938003169, -34.93616900422973], [150.5497574928428, -34.93620848595634], [150.5494684256223, -34.9364580960771], [150.5494192659055, -34.93646252129622], [150.5491498907669, -34.93651727350334], [150.5490476858855, -34.93671588337395], [150.5489315805194, -34.93697440275787], [150.548813812868, -34.93716582201699], [150.5487679197597, -34.93723196096028], [150.5485684043882, -34.93748879401892], [150.5484845264888, -34.93758600048136], [150.5483330907962, -34.93774490487147], [150.548158355021, -34.93790149958227], [150.5480503824697, -34.93800005812659], [150.5478319308387, -34.93822539832769], [150.547799781216, -34.93825586012468], [150.5475069662732, -34.9385002070029], [150.5474941740503, -34.93851054851899], [150.547182815605, -34.93874764180077], [150.547156419059, -34.93876458863076], [150.5468591389509, -34.93897906101273], [150.5468075747626, -34.93901840170645], [150.5465349627129, -34.93922722387697], [150.5464580604428, -34.93927220117547], [150.5462126217762, -34.9394137002808], [150.5459096920221, -34.93952198140255], [150.5458924385164, -34.93952778144131], [150.5455748445612, -34.93955495749356], [150.5452585734663, -34.93953773878576], [150.5449858149892, -34.93950330404289], [150.5449430017277, -34.93949711252111], [150.5446272335732, -34.93946304322299], [150.5443109882623, -34.93944502151447], [150.5439952813673, -34.93940891582128], [150.5436837207442, -34.93923386361416], [150.5436781344156, -34.93921599289183], [150.5436846421852, -34.9392029781651], [150.5438318007898, -34.93895823987458], [150.5440148245884, -34.93875376450427], [150.5440453315072, -34.93870169756229], [150.5441581238664, -34.93844311727935], [150.5442794948535, -34.93818471136694], [150.5443534165839, -34.93802248022359], [150.544418097502, -34.93792665182519], [150.5443594580051, -34.93781991467017], [150.5440415638549, -34.93785734432174], [150.5439182881834, -34.93791654346023], [150.5437208314215, -34.9379899267044], [150.5434003670719, -34.93811350989483], [150.5433083555262, -34.93816506562803], [150.5430759988733, -34.9383678649944], [150.5430028369453, -34.9384197442028], [150.5427530622813, -34.93857416352148], [150.5425757967138, -34.93867196443443], [150.5424311772312, -34.93874519888533], [150.5421110929324, -34.93885586874535], [150.5418377210664, -34.93891788432006], [150.5417922407212, -34.93892524381528], [150.5417244816402, -34.93891559163313], [150.541476929148, -34.93887604002003], [150.5411661303726, -34.93867572913439], [150.5411327472269, -34.93864274889177], [150.5408572883082, -34.93840995613255], [150.5408203436084, -34.93837555928104], [150.5405889072978, -34.93811001098214], [150.5405506147597, -34.93807165308937], [150.5402397628038, -34.93787329820395], [150.5401644528486, -34.93784054999793], [150.5399279542004, -34.93770700146223], [150.5396659753903, -34.93756958862843], [150.5396162162262, -34.93753839373659], [150.5394854564686, -34.93756593055565], [150.5396077856595, -34.9378205279437], [150.5396096561003, -34.93782930886806], [150.5398154536691, -34.93809434144714], [150.5399118786975, -34.93824502995506], [150.5400048303524, -34.93835903901214], [150.5402206579467, -34.9385127912559], [150.5405073433548, -34.93863008182399], [150.5405333915969, -34.93864821989627], [150.5408431478959, -34.93888338679352], [150.5408627790977, -34.93889814182546], [150.5411168792791, -34.93916414961984], [150.5411484813677, -34.93926669661306], [150.5411931292491, -34.9394265563227], [150.5411640805522, -34.93968682856905], [150.5411339240392, -34.93975412797323], [150.5410282021894, -34.93994493922145], [150.5408372310742, -34.9402019328403], [150.5408025692606, -34.94024192569924], [150.5405843986281, -34.94045767303737], [150.540476839513, -34.94054128937881], [150.5402243578005, -34.94071124070604], [150.5401509240012, -34.94084681005813], [150.5400917165448, -34.94096941426926], [150.5399369989566, -34.94122714133988], [150.5398157179679, -34.94146311948759], [150.5398003936252, -34.9414852342083], [150.5397897977432, -34.94150532515488], [150.5397571229842, -34.94174521923691], [150.5398061739595, -34.941782488819], [150.5399005125297, -34.94174812476695], [150.5401256854939, -34.94169148507285], [150.540445102399, -34.94160360518276], [150.5407610825066, -34.94163077331012], [150.5408917270297, -34.94176820530356], [150.5409519358382, -34.94203028570814], [150.5409861772788, -34.94229184064284], [150.5410302605015, -34.94255359538988], [150.5410485149581, -34.94261369243657], [150.5411058170544, -34.94281598655749], [150.5411898249815, -34.94307854983066], [150.5412576376755, -34.94334078407451], [150.5412332779415, -34.94360115262282], [150.5410658194935, -34.94385862248771], [150.5410097175095, -34.94391252856553], [150.5408120183481, -34.94411434269369], [150.5406830228429, -34.94424370977606], [150.5405572203953, -34.94437004262818], [150.540356739191, -34.94456103551465], [150.5402865113969, -34.94462542012093], [150.5400309768149, -34.94486085301918], [150.540008657905, -34.94488065170339], [150.5397060140245, -34.94513381741194], [150.5397040732319, -34.94513534089612], [150.5393818468758, -34.94538010799386], [150.5393673304131, -34.94538937749934], [150.5390590375989, -34.94558091027244], [150.5389634396319, -34.94564205170144], [150.5387361603613, -34.94578392736173], [150.5385141437969, -34.9458938041646], [150.5384145768818, -34.9459436349099], [150.53809480322, -34.94604279422123], [150.537776184117, -34.94610332692167], [150.5375739134515, -34.94613559830395], [150.5374579195137, -34.94615199807873], [150.5371403237245, -34.94617830551596], [150.5368529362369, -34.94638183388298], [150.5368166983628, -34.94640609221966], [150.5364953844098, -34.9465565912887], [150.5363581800066, -34.94663265549644], [150.5361728836494, -34.94674669645656], [150.5359726324434, -34.94688569210462], [150.5358493537616, -34.94697113212209], [150.5356445595338, -34.94713989374463], [150.5355242972533, -34.94724649124913], [150.5353360856549, -34.94739449246578], [150.5352002407138, -34.9474883797439], [150.5348790732932, -34.94763374656071], [150.5348392454056, -34.94764526568372], [150.5345605705766, -34.94769012288288], [150.534243367641, -34.94770308395664], [150.5339267452805, -34.94769668615618], [150.5336098853644, -34.94769819788678], [150.5332931873338, -34.94769431873607], [150.532976078255, -34.94770415501694], [150.5326590539513, -34.94771117192823], [150.5323424367, -34.94770460092531], [150.5320258041215, -34.94769854362778], [150.5317096301172, -34.94767719746653], [150.5313938878367, -34.94764144342457], [150.5310770700777, -34.94764159257528], [150.5307609814419, -34.94761741896161], [150.5304446353302, -34.94760183362831], [150.5301288679209, -34.94756694838429], [150.5300196669249, -34.94754730427803], [150.5298141959968, -34.94749561158267], [150.5295008394249, -34.947380431591], [150.5291853258467, -34.94733717503362], [150.5289702246844, -34.94726508768474], [150.5288719158021, -34.94722382683074], [150.5286339477382, -34.94725824258222], [150.5285538663589, -34.94726503540124], [150.5282361352637, -34.94729565361871], [150.5279198281694, -34.94727881317118], [150.5276030246043, -34.94727854569135], [150.5272861458761, -34.94728074096093], [150.5269693946962, -34.94727873157512], [150.5266525619323, -34.94727937836939], [150.5263367705884, -34.94724545453602], [150.5260154323792, -34.94739603864195], [150.5259805385193, -34.94746505862349], [150.5260122365537, -34.9475023596973], [150.5261471025093, -34.94772931311121], [150.5261256485143, -34.94798973607084], [150.5259919598241, -34.94817692773887], [150.5259041895724, -34.94824608326394], [150.5259857522218, -34.94838343830332], [150.5262991255236, -34.94849799249977], [150.5266157223017, -34.94850527364179], [150.5267775038436, -34.94852473825688], [150.5269312671312, -34.94854764626763], [150.5272468382459, -34.94858909554489], [150.5275617678234, -34.94865195189914], [150.5278781528758, -34.94866632885049], [150.5281936923659, -34.94870888472684], [150.5285081079486, -34.94878887923687], [150.5288244241495, -34.94880559496676], [150.5291413393642, -34.94880238324589], [150.529460245314, -34.94873281298504], [150.529778965556, -34.94866945303107], [150.5300965127662, -34.94864512550157], [150.5304130027031, -34.94865606803273], [150.5307291040883, -34.94867994490619], [150.5310451051035, -34.94870715452447], [150.5313607615526, -34.94874587964057], [150.5316777132794, -34.94874144645394], [150.5319936004443, -34.94877249374116], [150.5323094520935, -34.94880473435808], [150.5326251475243, -34.94884219493684], [150.5329400113822, -34.94890739738275], [150.5329866167334, -34.94891193560863], [150.5332555863913, -34.94894890018946], [150.5335708509085, -34.94900077521135], [150.5338860596722, -34.94905453522057], [150.5342012796693, -34.94910791438247], [150.5345105001865, -34.9492037543132], [150.5345151651231, -34.94920587745213], [150.5348271865189, -34.94936608838555], [150.5349926526238, -34.94947440613009], [150.5351053592055, -34.94973755540883], [150.5351302282537, -34.94982615890723], [150.5353308215969, -34.95000299372964], [150.5354409117834, -34.95003116817509], [150.5357536403138, -34.9501679271192], [150.535867582857, -34.95027475100244], [150.5360628659021, -34.95042172036869], [150.5363760636288, -34.95054289298776], [150.5365207943313, -34.95054886898646], [150.5366924991037, -34.9505559239102], [150.5367039433286, -34.95055258544261], [150.5370121642972, -34.9504610424072], [150.5373313327291, -34.95038273775253], [150.5376502701819, -34.95031213340962], [150.5376567302972, -34.9503110538945], [150.5379685091079, -34.95026486369511], [150.5381910229585, -34.9502437174325], [150.5382863831229, -34.95022977690138], [150.5386039191053, -34.95020599191236], [150.5388383421104, -34.95007415414972], [150.5389257568161, -34.95003834609236], [150.5392475817831, -34.94987108273631], [150.5393524908895, -34.94982371568977], [150.5395687562926, -34.94972552804325], [150.5398897811576, -34.94958495722022], [150.5399224547756, -34.94957440592094], [150.5402086644322, -34.94951598379521], [150.5405263737122, -34.94948629883805], [150.5408428831305, -34.94949675266395], [150.5411590968555, -34.9495171072889], [150.5414752322005, -34.94954008158425], [150.5417903432956, -34.94959736465381], [150.5418471503856, -34.94961339351505], [150.5421032644362, -34.94972799165521], [150.5424153803001, -34.94988561951487], [150.5424161123116, -34.9498857741508], [150.5427278343548, -34.95003198118502], [150.5428644850949, -34.95015571135673], [150.5427175586033, -34.95037613452871], [150.5426952915791, -34.95041314795225], [150.5423975160683, -34.95048384802186], [150.5420785140304, -34.95055671567945], [150.5417605350432, -34.9505953153112], [150.541443341909, -34.95060760026382], [150.5411269620388, -34.95059267361688], [150.5408120947287, -34.95052712315334], [150.5405112399749, -34.95062978042347], [150.5404919993372, -34.95063652701157], [150.5401697778535, -34.9508170238127], [150.5400997474294, -34.95088230400182], [150.5401671378149, -34.95090535960742], [150.5404803203348, -34.95102731245947], [150.5407945282392, -34.95111498310695], [150.5411111353449, -34.95112237894608], [150.5414272252932, -34.95114707808364], [150.5417432663221, -34.95117343239093], [150.5417883432549, -34.95117736981064], [150.5420580125759, -34.95124314530761], [150.5423721150277, -34.9513344349549], [150.5426858641276, -34.95143760245452], [150.5428097448264, -34.95145890980098], [150.5430004654625, -34.95151221191804], [150.5431568983286, -34.95146593607325], [150.5433194478896, -34.95144010238829], [150.5436371520086, -34.9514108017558], [150.5439541603982, -34.95140482645076], [150.5442706269105, -34.95141696919455], [150.5445869903735, -34.95143261007468], [150.54490291566, -34.95146290316956], [150.5452195156782, -34.95147062538638], [150.5455374979376, -34.95143198555888], [150.5458551341776, -34.95140491945699], [150.5461722612715, -34.95139496303932], [150.5464887086512, -34.95140776334904], [150.5468060459335, -34.95139075546416], [150.5471217024719, -34.95143009333293], [150.54720663701, -34.95128696630314], [150.5472853663014, -34.95102769559008], [150.5473905148633, -34.95076895843533], [150.5474621166136, -34.95063875247229], [150.5476915175129, -34.95051417769344], [150.5477839668744, -34.95047012182442], [150.5481008510285, -34.95046817557301], [150.5484201170163, -34.95038631331659], [150.548738368516, -34.95033840992136], [150.5490554033503, -34.95033142932897], [150.5493716979305, -34.95034926701391], [150.5496884886701, -34.95035040526386], [150.5500060593937, -34.95032542489975], [150.5500373997116, -34.95032651264745], [150.550154100656, -34.95030303648036], [150.5503245532002, -34.95026934632961], [150.5506459830796, -34.95011468195844], [150.5507004591132, -34.95005319916635], [150.5508262307884, -34.94979487476013], [150.5509761688388, -34.9496656933519], [150.5512213201874, -34.94954198309392], [150.5511252221919, -34.94927918270753], [150.5509906261805, -34.94917984163737], [150.5508497831451, -34.94901276446041], [150.550772772051, -34.94875034894574], [150.5506898964887, -34.94863912090244], [150.55037726739, -34.9484982948909], [150.5503373885856, -34.94848070253852], [150.5500638273991, -34.94838482772741], [150.549748727322, -34.94832707214226], [150.5494328010957, -34.94829716018012], [150.549116956224, -34.94826448431695], [150.5488017924242, -34.94820890863616], [150.5487593398816, -34.94818798834916], [150.5484902213154, -34.94803281042641], [150.5481741398877, -34.94800808418216], [150.547859547827, -34.94793341522649], [150.5478495384934, -34.94790875329124], [150.5477626385601, -34.94764613620094], [150.5476802467211, -34.94738361036627], [150.5475945435262, -34.94712101746018], [150.5475907061502, -34.94710183983761], [150.5475693815677, -34.94703904388274], [150.547486616364, -34.94705098203525], [150.5472505515563, -34.94710669315356], [150.5469337347191, -34.94710683779698], [150.5469317406767, -34.94710762668262], [150.5466131778243, -34.9472324172803], [150.5465081395422, -34.94727447299312], [150.5463758869643, -34.94735725543416], [150.5462910696506, -34.94741004102201], [150.5460007484097, -34.94761053450361], [150.545967465153, -34.94763776355143], [150.5456447278013, -34.9478363864722], [150.5455125040904, -34.94786152589921], [150.5453263518059, -34.94788869992385], [150.5451334821277, -34.94785386228358], [150.5450111696599, -34.94783390365268], [150.5446975460042, -34.94772691920895], [150.5444275340259, -34.94783958524476], [150.5443768889309, -34.94785566499849], [150.5440583325817, -34.94791401672956], [150.5437403871681, -34.94795184220635], [150.5435910855721, -34.94796081253395], [150.5434229735754, -34.9479718607023], [150.5431057974564, -34.94798393973275], [150.5427889537311, -34.94798486266046], [150.5424723907515, -34.94797636354821], [150.542248145693, -34.94805634484834], [150.542152468568, -34.94808037651728], [150.5418346753054, -34.94811308195864], [150.5415178597432, -34.9481130586405], [150.5412019804887, -34.94808168427721], [150.54088671687, -34.94802971384217], [150.5408824981712, -34.94802868981935], [150.5405744118982, -34.94787874547171], [150.5404156885922, -34.94775837199876], [150.5402672268045, -34.94755648684759], [150.5402314044073, -34.94749377698378], [150.5401729538886, -34.94723173150771], [150.5402254646465, -34.94697193439492], [150.5402878640399, -34.94686591971663], [150.5403825225019, -34.94671425502366], [150.5405944350414, -34.94645768718709], [150.5406176427628, -34.94643195542102], [150.5408545990631, -34.94620209582371], [150.5409436739141, -34.94612330191239], [150.5411475763732, -34.94594716869597], [150.5412688247305, -34.94584403627158], [150.5414617271971, -34.94569266959337], [150.5415933498239, -34.94558563587992], [150.541789593537, -34.9454384475909], [150.5419173887714, -34.94534345615574], [150.5421466074826, -34.94518481449262], [150.5422410068122, -34.94511530870813], [150.542530375859, -34.94493172184588], [150.5425639674041, -34.9449091227487], [150.5428830822096, -34.94483173939528], [150.5431993116031, -34.94485099239176], [150.5435145116809, -34.94490472262265], [150.5438285554869, -34.94495799230424], [150.5438295148469, -34.94495818137779], [150.5438297200681, -34.94495820916615], [150.544145556028, -34.94499069563511], [150.544462438071, -34.94498808410179], [150.5446217072472, -34.94497403599041], [150.5447800340343, -34.94496157795163], [150.5450984184349, -34.94490858843557], [150.5454178902581, -34.94481915928981], [150.5454978995107, -34.94479620915689], [150.5454675498784, -34.94473027816076], [150.5454234112924, -34.94463400865186], [150.5453567240369, -34.94446717537465], [150.5454338215642, -34.94428489038], [150.5455255053703, -34.94420972608589], [150.5457596229139, -34.94398304902774], [150.5457865792738, -34.94395414222572], [150.5460846059051, -34.94370857856956], [150.5460959338644, -34.94369953411484], [150.546304020341, -34.94344287756354], [150.5464136044968, -34.9432993078309], [150.5465606085382, -34.94318720174488], [150.5467367012095, -34.94308794547555], [150.5470548909309, -34.94304124672277], [150.5472818847743, -34.94294091288288], [150.54738049309, -34.94274570072355], [150.5474202503774, -34.9426828467416], [150.5476087645382, -34.94242579239466], [150.5476523128089, -34.9421658101686], [150.5476547829827, -34.94190499819479], [150.5476239388105, -34.94164351330335], [150.5476017904738, -34.94138220454244], [150.5476186676761, -34.94112168305469], [150.547686009608, -34.94086218185049], [150.5477584128513, -34.94069377610737], [150.5478079897657, -34.94060378264925], [150.5480386711505, -34.94034758056739], [150.5480867981096, -34.94030434773799], [150.5483590373843, -34.94009318800306], [150.5484111357107, -34.94005078255321], [150.5487294603378, -34.93999914709059], [150.5490461599849, -34.94000200301764], [150.5493654929487, -34.93991647387963], [150.5494740027882, -34.9398548336801], [150.5496887056597, -34.9397005224763], [150.5498028771394, -34.9396006098583], [150.5500160837287, -34.93934449595747]]]}}, {"type": "Feature", "properties": {"base": "RAAF Base Richmond", "anef_band": "30-35", "anef_min": 30}, "geometry": {"type": "Polygon", "coordinates": [[[150.7693852737541, -33.59866376491566], [150.7693339628902, -33.59864825179716], [150.7692370756054, -33.59861781939257], [150.7690357884464, -33.59855249081988], [150.7687377135934, -33.59845284434266], [150.7684396628495, -33.59835185113803], [150.7681417965333, -33.59824469846915], [150.7678438989302, -33.59813830461541], [150.7676991178345, -33.59808689602175], [150.767546044404, -33.59803026876199], [150.7672482036147, -33.59792172954848], [150.7669672460638, -33.5978220975346], [150.7669502945189, -33.59781586862562], [150.7666525007077, -33.5977055665864], [150.766354612092, -33.59759892402143], [150.7662362076056, -33.59755730960187], [150.7660567348971, -33.59749191417274], [150.7657588272025, -33.59738616169317], [150.765487428977, -33.59729219714528], [150.7653086085014, -33.59722747434439], [150.7652176628391, -33.59719497461918], [150.7651629381068, -33.59717746141176], [150.7650840375554, -33.59715174233219], [150.7647197127245, -33.59702058023038], [150.7645669588275, -33.59697241533501], [150.7639705748296, -33.59678315653365], [150.763938769366, -33.59677443677452], [150.7638934492444, -33.59676021521885], [150.7633742078225, -33.59659334404262], [150.7630757077101, -33.59651068871887], [150.7630114719955, -33.59649267954882], [150.7627772770741, -33.5964254129406], [150.7624788324412, -33.59634074833451], [150.7621803899415, -33.59625593276581], [150.7620674431655, -33.59622401480698], [150.7617710667344, -33.59613959572253], [150.7615835706152, -33.59608392206121], [150.761046340053, -33.59592883153937], [150.7609867851288, -33.59591065126136], [150.7606884170356, -33.59582316721309], [150.7603900407046, -33.59573593412927], [150.7602212177337, -33.59568742119483], [150.7601090883267, -33.59565592014251], [150.760066956064, -33.59564302276505], [150.7597931562538, -33.59556672634181], [150.7595910235252, -33.59551345409402], [150.7593585134692, -33.59544209662271], [150.7591961959719, -33.5954005431841], [150.7590722211676, -33.59537216497274], [150.7588448835909, -33.59530732623875], [150.758599251291, -33.59523384835558], [150.7583007133782, -33.59515302288354], [150.7582861213849, -33.59514919006823], [150.7580020806564, -33.59507588275238], [150.757703390051, -33.59500109136439], [150.7574046787356, -33.59492712054661], [150.757201515408, -33.59487794002643], [150.7571059054973, -33.59485546953443], [150.7568069653723, -33.59479028255208], [150.7565078300267, -33.594732742044], [150.7562085221549, -33.59468187745225], [150.7559519790391, -33.5946396667814], [150.7559090474413, -33.59463737484888], [150.7556093207011, -33.5946026113926], [150.7554467247363, -33.59459451953546], [150.7553090654735, -33.59458834173965], [150.7553041295971, -33.5945877908063], [150.7552401047693, -33.59459076935564], [150.7550077583888, -33.59461456632158], [150.7547021755256, -33.59480572443026], [150.754684565001, -33.59483226908411], [150.7547002533956, -33.59487987065233], [150.7547562416029, -33.59508515544366], [150.7549279435358, -33.59533985713608], [150.7549872053204, -33.59540750116121], [150.7551438564301, -33.59559536113919], [150.7552047484223, -33.59566051095155], [150.7554944655719, -33.59597205322853], [150.7555717147277, -33.59605381147048], [150.7555912335237, -33.59607314446879], [150.7556062819145, -33.59609204547144], [150.7556192803839, -33.59610715979215], [150.755657652386, -33.59614480067211], [150.7559964365176, -33.59650357657761], [150.7561142972232, -33.59661931172496], [150.7561566503018, -33.59668409410942], [150.756294087787, -33.59687415839053], [150.7563865586482, -33.59712742090779], [150.7564012626365, -33.59737927226104], [150.7564356714082, -33.59751832596469], [150.7564597354493, -33.59763191791563], [150.7567150713078, -33.59788813452207], [150.7567265740174, -33.59789406293851], [150.7570227571655, -33.59806610420468], [150.7571346354517, -33.59814732952639], [150.757319089196, -33.59823244241238], [150.7576157059169, -33.59838773812055], [150.7576506784792, -33.598408272465], [150.7579130279453, -33.59851583280037], [150.7582100436607, -33.59865588639462], [150.758238361165, -33.59867051188053], [150.7585075067065, -33.5987786954534], [150.7588049250472, -33.5989031730607], [150.7588720521356, -33.59893358249229], [150.759102376396, -33.59902650069824], [150.7593998821322, -33.59914775917298], [150.7595186511683, -33.59919688379415], [150.7596973744468, -33.59926947760828], [150.7599948948019, -33.59939014489708], [150.7601652471571, -33.59946018173564], [150.7602923512381, -33.59951340830742], [150.7605897767913, -33.59963789882937], [150.7607935170042, -33.59972314453506], [150.7608871676069, -33.59976367476809], [150.7611844559626, -33.59989353986806], [150.7614015154914, -33.59998573721877], [150.7614818451914, -33.60001949148979], [150.7617791931583, -33.6001470735299], [150.7620115579423, -33.60024836401987], [150.7620764895073, -33.60027668774449], [150.7623739003884, -33.60040195006729], [150.7626390453487, -33.60051130349103], [150.762671349627, -33.60052566989583], [150.7629686418391, -33.60065554743257], [150.7632581632688, -33.60077408842164], [150.7632661372511, -33.60077759371762], [150.7635634860798, -33.60090539410941], [150.7638609962646, -33.60102693474499], [150.7638859783653, -33.6010370276113], [150.7641583874589, -33.60115307078456], [150.7644559040124, -33.60127447750784], [150.7644753141629, -33.60128284456034], [150.7645199821307, -33.60130007559928], [150.7647533563667, -33.60139835779576], [150.7650508570849, -33.60152039780741], [150.7651572724775, -33.60156317980762], [150.7653483342107, -33.60164343141116], [150.7656458023415, -33.60176680057992], [150.7657917800215, -33.60182623052764], [150.7659130569629, -33.60187945025466], [150.7659913994881, -33.60191129723232], [150.7662405655054, -33.60202030318356], [150.7663895275126, -33.602087976569], [150.7666227610887, -33.60218274878462], [150.7668353891926, -33.60227168859399], [150.767017436283, -33.60235153946996], [150.7671326085851, -33.6024048726191], [150.7674296763394, -33.60254397328077], [150.7675766369574, -33.60261322123812], [150.7676748333321, -33.60265895350284], [150.7677267533875, -33.60268275093681], [150.768023766092, -33.60282406212433], [150.768127090556, -33.60287474291079], [150.7683207132756, -33.60296799990373], [150.76861770352, -33.60311021308029], [150.7686730308008, -33.6031361805028], [150.7689148816812, -33.60324526418685], [150.7692122998307, -33.60337099051707], [150.7692818100471, -33.60339874935488], [150.7694403737446, -33.60346041909974], [150.7695100207284, -33.60348499864442], [150.7698079984898, -33.60358906543269], [150.7700415203481, -33.60366403769947], [150.7701062056744, -33.60368425291807], [150.7704045525044, -33.6037740431866], [150.770703043592, -33.60385825543248], [150.7709717632158, -33.60393239486132], [150.7710015796811, -33.60394076597873], [150.7713000987593, -33.60402393766003], [150.7715987003183, -33.60410392724662], [150.7718973486028, -33.60418212334427], [150.7719718954512, -33.60420200493159], [150.7721958966578, -33.60426426000685], [150.7724945636669, -33.6043417953486], [150.7727932642749, -33.6044180000594], [150.7730098194793, -33.60447228765837], [150.7730919756951, -33.60449385214599], [150.7733906267459, -33.60457202632637], [150.7736892527042, -33.60465124420654], [150.773987860775, -33.60473115681167], [150.7740290748106, -33.60474222548093], [150.7742863908782, -33.60481412501349], [150.7745850211968, -33.60489321692226], [150.7748837346141, -33.60496912051121], [150.7749202228874, -33.60497910303349], [150.7750624636728, -33.60501240933314], [150.7751825056877, -33.60504277892494], [150.7754812650019, -33.60511691518246], [150.7757801100489, -33.60518774670327], [150.7758634192435, -33.6052082533955], [150.7760790461409, -33.60525505362489], [150.7762156672698, -33.60528473948704], [150.7763780033626, -33.60532154501747], [150.7766769998016, -33.60538652795464], [150.7769759976491, -33.60545147436066], [150.777274964397, -33.60551766219543], [150.777309831139, -33.60552663046894], [150.77744693426, -33.60555846215897], [150.7775737604059, -33.6055905200685], [150.777872027669, -33.60568398740655], [150.7781702387259, -33.60577967115496], [150.7784713419916, -33.60576267726321], [150.7787712323793, -33.60579294894455], [150.7790709607148, -33.60582954144819], [150.7791344577662, -33.60584036865475], [150.7793702266618, -33.6058841805892], [150.7796694595897, -33.60594012283433], [150.7799685972919, -33.60599978874193], [150.7802676356915, -33.60606334596286], [150.7804960153885, -33.60611640132379], [150.7805664987801, -33.60613376226792], [150.7808652361215, -33.60620910208905], [150.7811639829374, -33.60628409499493], [150.7814627765773, -33.60635727996861], [150.7815895064311, -33.60638761012387], [150.7817615445769, -33.60643148449627], [150.7820602890137, -33.60650663547106], [150.7823590772704, -33.6065800879508], [150.7826578768876, -33.60665312337009], [150.782680623038, -33.60665876730227], [150.7829565237968, -33.60673214835053], [150.7832550874806, -33.60681443438454], [150.7835536041257, -33.60689859162244], [150.783657033376, -33.60692785853353], [150.7838520225871, -33.60698659690718], [150.7841503398618, -33.60707857958732], [150.7844487817203, -33.60716574279951], [150.7845493778998, -33.60719543598121], [150.7847470905801, -33.60725810512815], [150.7850454832746, -33.60734721593985], [150.7853440404482, -33.60742992191081], [150.7854709152007, -33.60746353042605], [150.7856426099702, -33.60751217998511], [150.7859411796813, -33.60759444182502], [150.786239802722, -33.60767464154463], [150.7864537951601, -33.60773271527614], [150.7865383647533, -33.60775727259119], [150.786836921451, -33.60784008896758], [150.7871355956528, -33.60791837788781], [150.7874344010958, -33.60799153093041], [150.7874835411997, -33.60800273203733], [150.7877332223641, -33.60806408484143], [150.7880321434735, -33.6081327748701], [150.7883311628168, -33.60819761641427], [150.7886302428678, -33.60826009934419], [150.7886443908085, -33.60826318016842], [150.7887089214295, -33.60827623814914], [150.7889292593759, -33.60832511110738], [150.7892282155568, -33.60839245716891], [150.789527116596, -33.60846202863552], [150.789825852071, -33.60853805776883], [150.7898676149788, -33.60854854129451], [150.7901245126707, -33.6086170878234], [150.790423234124, -33.60869375628368], [150.7907220087851, -33.60876833772937], [150.7909524274438, -33.60881951331561], [150.7910209717759, -33.60883555969104], [150.7913198298999, -33.60890691128446], [150.7916187787591, -33.60897472579654], [150.7919178553541, -33.60903755166413], [150.7922086453924, -33.60909353660891], [150.7922170620311, -33.60909529488129], [150.792516142649, -33.60915799846424], [150.7928151555733, -33.60922342092236], [150.7931142677365, -33.60928492273382], [150.7934136340275, -33.60933647284265], [150.793693057799, -33.6093716202863], [150.7937133477624, -33.60937440502216], [150.7940133576278, -33.60940077476014], [150.794313696802, -33.60941413438762], [150.794614096628, -33.6094251652437], [150.7949143797751, -33.60944082667076], [150.7952143741682, -33.60946778445566], [150.7955141307452, -33.60950408864447], [150.7958137460107, -33.60954590682735], [150.7961130388231, -33.60960049591516], [150.796412139009, -33.60966262165908], [150.7964572252497, -33.60967249782004], [150.7967110351725, -33.60973278054535], [150.797009921048, -33.60980336354611], [150.7973088478599, -33.60987240475559], [150.7976078390241, -33.60993884255379], [150.7976361648942, -33.60994509029268], [150.7979067151961, -33.61000986617803], [150.7982056210305, -33.61007979073759], [150.7985045760115, -33.61014775560971], [150.798803600213, -33.61021301761821], [150.7988260828493, -33.61021786610268], [150.7991025270647, -33.61028208043324], [150.7994015059561, -33.61034920947191], [150.7997005676584, -33.61041305262047], [150.7999996516627, -33.61047603645613], [150.8000743432527, -33.610491668657], [150.8002987153418, -33.61053988517062], [150.8005978979788, -33.61059897649186], [150.8008970418306, -33.61065970475955], [150.8011962612557, -33.61071738190367], [150.8014655728402, -33.61076800098568], [150.8014955126602, -33.61077391025492], [150.8017947203765, -33.61083208143435], [150.8020939607137, -33.61088907796272], [150.8023932406209, -33.61094453266838], [150.8026925426136, -33.61099903947194], [150.80295199876, -33.61104600940177], [150.8029918416863, -33.61105377045982], [150.803291016328, -33.61111332699035], [150.8035901936751, -33.61117288782998], [150.8038894857849, -33.61122784845774], [150.8041886677688, -33.61128725963669], [150.8043693306686, -33.61132277319808], [150.8044878655564, -33.61134606520119], [150.8047872161038, -33.61139877023611], [150.8050865217301, -33.61145335597182], [150.8052609001381, -33.61148518235286], [150.8053858706357, -33.6115061560858], [150.8056852807, -33.61155665331506], [150.8059623002987, -33.61160263770034], [150.8059847038286, -33.61160655582511], [150.8059898744642, -33.61160747273146], [150.8062841141908, -33.61165707053066], [150.8065835862203, -33.61170516590555], [150.8067141513272, -33.61172565725354], [150.8068831413293, -33.61174990269432], [150.8071828467289, -33.61178872005819], [150.8074827036303, -33.61182166180248], [150.807549840154, -33.61182611705874], [150.8079147698538, -33.61185867875803], [150.8080829410458, -33.61186680317695], [150.80824677409, -33.61187195298152], [150.8086750117504, -33.61190581481674], [150.8086833240426, -33.61190631648139], [150.8089836874539, -33.6119191971619], [150.8092841302137, -33.61192894713361], [150.8095846309535, -33.61193650363184], [150.809885243619, -33.61193954543921], [150.810186069023, -33.61193417950824], [150.8102585940635, -33.61193038863064], [150.8104877753491, -33.61189417606022], [150.810792609433, -33.61173039972699], [150.8108272951442, -33.61168887039429], [150.8107943997876, -33.61165961070156], [150.8105991198543, -33.61143324255112], [150.8105009559315, -33.61137309768617], [150.8102172760653, -33.61117489289391], [150.8102054354516, -33.61116865331704], [150.8099089222185, -33.61100369045174], [150.8097614929387, -33.61091523236695], [150.8096123299692, -33.61084189472667], [150.8093155890256, -33.61068592449151], [150.8092577049345, -33.61065471966464], [150.8090683988538, -33.61056688741632], [150.8087441505391, -33.61041330301315], [150.8087213886881, -33.61040268128534], [150.8087022382894, -33.61039328911959], [150.8084240166461, -33.61027176287352], [150.8081264593166, -33.61014829173382], [150.808084451398, -33.61013075138998], [150.8078287179356, -33.61003193442177], [150.8075308054673, -33.60992255282724], [150.8073745541658, -33.60986657629057], [150.8072327761214, -33.60981772121381], [150.8069346636091, -33.60971629553449], [150.8066364886077, -33.60961736439172], [150.8065879529374, -33.60960103854342], [150.8063383253156, -33.60951790520704], [150.8061909816668, -33.60946677735728], [150.8059211285689, -33.60938874735666], [150.8057417630701, -33.60932846032352], [150.8056188113038, -33.60928813030375], [150.8051914099449, -33.609150910685], [150.8051452906416, -33.60913557923146], [150.8051138799219, -33.60912473017539], [150.8049467735507, -33.60906873909721], [150.8046106611835, -33.60895860675709], [150.8045488676566, -33.60894085577598], [150.804463114238, -33.60891557448213], [150.8039903764156, -33.60876796793644], [150.8039521850441, -33.60875638204025], [150.803654006965, -33.60865784390323], [150.8033557740607, -33.60856149387785], [150.8032761748013, -33.60853589509104], [150.8031196978568, -33.6084807722405], [150.8030576377173, -33.60846127192883], [150.8027594787396, -33.60836197007502], [150.8024711052628, -33.60827000302145], [150.8024612195193, -33.60826673823691], [150.8021630298772, -33.60816869853248], [150.8018648102386, -33.60807186793659], [150.8016498891466, -33.60800381773741], [150.8015665155903, -33.60797811144413], [150.8012681954407, -33.60788529142251], [150.8009698544653, -33.60779341093928], [150.8007834667499, -33.607736824077], [150.8006714888905, -33.60770243109095], [150.8003731118517, -33.60761202117271], [150.8000746457052, -33.60752504941342], [150.7998743450754, -33.60746906371286], [150.7997761375082, -33.60743980363657], [150.7994776963443, -33.60735194453338], [150.7991791796112, -33.60726703559926], [150.7989367476339, -33.60720078988129], [150.7988806092703, -33.60718435261696], [150.798582151058, -33.60709723659989], [150.7982836277737, -33.60701270366126], [150.7979866169892, -33.60693228685879], [150.797985011132, -33.60693181782216], [150.7976865749864, -33.60684390627675], [150.7973881152676, -33.60675699244921], [150.7970896482609, -33.60667029575738], [150.7970700786008, -33.60666437412413], [150.7968730129998, -33.60659220901231], [150.7967917082829, -33.60656296060142], [150.7964940281978, -33.60644544390806], [150.7963892142016, -33.60640065536364], [150.7961966187205, -33.60631732831762], [150.7958995416209, -33.60617614594774], [150.7958291078966, -33.60613908554824], [150.7956027708566, -33.60602306390911], [150.7953173092988, -33.60587837408446], [150.79530592413, -33.60587295991478], [150.7950086823469, -33.60573840805387], [150.794710901959, -33.60562499221118], [150.7946824625584, -33.60561546660448], [150.7944128298353, -33.60552310562529], [150.7941144772234, -33.60543230357233], [150.7938301751299, -33.60534867667109], [150.7938160532032, -33.60534423527035], [150.7935178562768, -33.60524732758528], [150.7932195788962, -33.60515360288326], [150.7929755497537, -33.60508183924429], [150.7929211536016, -33.60506570711862], [150.7926226650296, -33.60498031780611], [150.792324348577, -33.60488815523592], [150.7920255121516, -33.60481645487061], [150.7920121394541, -33.60481305359648], [150.7917269183449, -33.60473526219198], [150.7914282428844, -33.60465729328798], [150.7911294773825, -33.60458287523029], [150.7909695283528, -33.60454284545807], [150.7908307937455, -33.60450527004939], [150.7905323965188, -33.60441646309396], [150.7902339905716, -33.60432799890764], [150.7900533017449, -33.60427488767657], [150.7899356050835, -33.60423875825943], [150.7896372567425, -33.60414813378252], [150.7893387986643, -33.60406178565017], [150.7891396196037, -33.60400696820233], [150.7890402686185, -33.60397832677535], [150.788741687882, -33.60389682962835], [150.7884429407271, -33.60382189388436], [150.7881441228458, -33.60374974739181], [150.7880853486733, -33.60373652788837], [150.7878452683931, -33.60367902985234], [150.7875464400371, -33.60360733413268], [150.7872476061591, -33.60353587424025], [150.7869487392959, -33.60346572542375], [150.7869433985873, -33.60346450957746], [150.7866499183514, -33.60339377686688], [150.7864757389513, -33.60335121351705], [150.7863510115833, -33.60332522867724], [150.7860519603596, -33.6032623489541], [150.7857528702233, -33.6032010091273], [150.7857032202045, -33.60319072195773], [150.7854538789527, -33.60313580938515], [150.7851549087308, -33.60306981699335], [150.784855943541, -33.60300364656148], [150.7845570074359, -33.60293635766443], [150.7844751095519, -33.60291713800852], [150.7842582455396, -33.60286225723536], [150.7839596014899, -33.60278359613049], [150.783660925137, -33.60270621861252], [150.7834302865152, -33.60264682780051], [150.7833622649558, -33.60262822007826], [150.7830636867769, -33.6025470514769], [150.7827650351619, -33.6024687620258], [150.7824663218038, -33.60239291123428], [150.7824022955841, -33.60237681050865], [150.7821677076773, -33.60231321334736], [150.7818691315041, -33.602232047296], [150.7815705633786, -33.60215059562864], [150.7814276398294, -33.60210774192422], [150.7812722909213, -33.60205762475293], [150.7810976562979, -33.60199765447913], [150.7809741719914, -33.60195868953939], [150.7806760392652, -33.60186031946914], [150.7806244635891, -33.60184174338688], [150.7803783691407, -33.60174392932464], [150.7800810798935, -33.60161271600691], [150.7800214789384, -33.60157933377161], [150.7797862628223, -33.6013851150617], [150.7797615364357, -33.60132308082547], [150.7797074001041, -33.60107052273741], [150.7796612611407, -33.6008181081894], [150.7795047806995, -33.60063755335629], [150.7793147113269, -33.60081188542647], [150.7791939018379, -33.60103642378612], [150.7791219370237, -33.60106000958307], [150.778890619674, -33.60113902302315], [150.7785905564866, -33.60111611086056], [150.7782915684563, -33.60105129522441], [150.7782661425759, -33.60104463710211], [150.7779930296932, -33.60096900052076], [150.7776944965933, -33.60088650846114], [150.777395892886, -33.60080677846769], [150.7772738271055, -33.60077521894385], [150.7770973007812, -33.60072661870685], [150.7767986768982, -33.60064773077197], [150.7764999619509, -33.60057241133438], [150.7762190892546, -33.60050467038842], [150.7762011718032, -33.600500041229], [150.7759024706502, -33.60042421464412], [150.7756037033623, -33.60035098383207], [150.7753049370947, -33.60027774552748], [150.7751261322463, -33.60023342538589], [150.775006247075, -33.60020155976031], [150.7747076824403, -33.60012049331073], [150.7744090700594, -33.60004133021829], [150.7741104136958, -33.59996389985218], [150.7741090016685, -33.59996353570927], [150.7738118818461, -33.59988164799466], [150.7735132227317, -33.59980434574778], [150.7732145909886, -33.59972604667762], [150.7730927772687, -33.59969365410676], [150.7729160613236, -33.59964375372221], [150.7726175909749, -33.59955922395602], [150.7723191018957, -33.59947539964906], [150.7721446854368, -33.59942499179294], [150.7720207111145, -33.59938777746299], [150.771722316006, -33.59930037111133], [150.7715181817186, -33.59924161402427], [150.7714238268514, -33.59921664340134], [150.7711954091933, -33.59915630091398], [150.7711252283956, -33.59913718517394], [150.7708266023881, -33.59905879674175], [150.7705279211747, -33.5989825974887], [150.770229312408, -33.5989036057561], [150.7701625650268, -33.59888609605075], [150.7699307521771, -33.59882275076797], [150.76970299402, -33.59875859083656], [150.7693852737541, -33.59866376491566]], [[150.7823782909542, -33.60582998685969], [150.7820795549311, -33.60575459447214], [150.7817808785304, -33.60567688726456], [150.7816177387168, -33.60563335821808], [150.7814821613273, -33.60560079704965], [150.7811833677876, -33.60552770972065], [150.7808846812775, -33.60545046502527], [150.7805860640859, -33.6053705373921], [150.7805546516128, -33.60536269557581], [150.7802871475355, -33.60530230801402], [150.7799880982343, -33.60523927673204], [150.7796890228037, -33.60517728342239], [150.7793897812037, -33.60512178057745], [150.7792013505275, -33.6050868120771], [150.779107030559, -33.60507121352851], [150.7790905114316, -33.60506739727749], [150.778791297258, -33.60501085981718], [150.77860214078, -33.60498333404188], [150.7784918802665, -33.60496224298031], [150.7781928370397, -33.60489906966285], [150.7778967515619, -33.60481178913864], [150.7778944286823, -33.60481118850441], [150.7775956269231, -33.6047386583295], [150.7772969291743, -33.6046620852004], [150.776998178854, -33.60458758098994], [150.7768019094581, -33.60454052400011], [150.7766993114163, -33.60451767023761], [150.7764004426352, -33.60444783141457], [150.7761016213568, -33.60437616277265], [150.7758028892829, -33.60430102996536], [150.7756829647285, -33.60426881549012], [150.7755041961967, -33.60422440063972], [150.7752055040944, -33.60414776614812], [150.7749070424786, -33.60406218389895], [150.7747013215308, -33.60399956818434], [150.7746086647429, -33.60397333920917], [150.774310372427, -33.60388121915047], [150.7740122212062, -33.60378363595083], [150.7738521559318, -33.60373269823064], [150.7737138792812, -33.60369349682156], [150.7734153776161, -33.60360957130207], [150.7731170234479, -33.60351998022048], [150.77293792663, -33.60346465025827], [150.7728187035557, -33.60342903486322], [150.7726191951919, -33.60337542331865], [150.7725201953242, -33.6033454821001], [150.7722219013506, -33.60325357902558], [150.7720458229946, -33.60319699478509], [150.7719522453233, -33.60317114166531], [150.7719236185709, -33.60316126585553], [150.7716253643679, -33.60306789120227], [150.7713273679653, -33.60296452643229], [150.7712336259677, -33.60293077322114], [150.7710817408555, -33.60288372764033], [150.7710293248796, -33.60286300301392], [150.7707312641641, -33.60276216958703], [150.7704350653263, -33.60266479203239], [150.7704331305497, -33.6026642179143], [150.7701353283169, -33.60255342529781], [150.7698428300454, -33.60240252712111], [150.7698386260513, -33.60239995521736], [150.7695427687942, -33.60221372260855], [150.7694259708783, -33.60214342302324], [150.7692469729484, -33.60202515570318], [150.7690063178997, -33.6018842672787], [150.7689678750299, -33.60186890451792], [150.7689505655343, -33.60186037462318], [150.7686531834404, -33.60173341493003], [150.7684011072043, -33.60162176155006], [150.7683558639787, -33.60160415180473], [150.7680582156098, -33.60148759164866], [150.7677607266512, -33.60136492583876], [150.7677447675297, -33.60135832992057], [150.7674630153961, -33.60125091535109], [150.7671654030235, -33.60113310109716], [150.767071641043, -33.60109459189344], [150.766867953369, -33.6010090088049], [150.7665702855285, -33.60089340990982], [150.7664183806646, -33.60083120904375], [150.7662730248521, -33.60076201179868], [150.7659755698364, -33.6006382283926], [150.7657916904089, -33.60056830286828], [150.7656781764562, -33.60051213567737], [150.7653811752714, -33.60037078706347], [150.7652238057423, -33.6003064563635], [150.7650842119139, -33.60022805629404], [150.764787358705, -33.6000810969739], [150.7647122198629, -33.60004562494413], [150.7644915602675, -33.59989331874402], [150.7643054781049, -33.5997866869655], [150.7641967206089, -33.59966840861183], [150.7640463388794, -33.59953041664482], [150.7639800520018, -33.59927763294574], [150.7639120195813, -33.59905100561058], [150.76390446368, -33.59902468102278], [150.7638743121731, -33.59877255066016], [150.7639201723334, -33.5987352641859], [150.7642232137224, -33.59864225320365], [150.7645237909749, -33.59864476858625], [150.7648235546374, -33.59867876121017], [150.7651229254117, -33.59872798803104], [150.7654220054194, -33.59878849785946], [150.7654751327847, -33.59880148662516], [150.7657207528253, -33.5988619617633], [150.7660194512999, -33.59893725103431], [150.7663180520186, -33.59901639716708], [150.766511552408, -33.5990717949209], [150.7666165241226, -33.59910059862806], [150.7669149768188, -33.59918552960908], [150.7672133299643, -33.59927434554698], [150.7674233861837, -33.59933984549455], [150.7675116217538, -33.59936556554965], [150.7678099274283, -33.59945627199277], [150.7681080049174, -33.59955585703142], [150.7682538940079, -33.59960642173212], [150.7684060461498, -33.59965692272669], [150.7687040890415, -33.59975785928417], [150.7690019715893, -33.59986513970892], [150.7690076883957, -33.59986678874611], [150.7690222768385, -33.59987187178476], [150.7693002168803, -33.59995832125139], [150.769598672057, -33.60004337957381], [150.7698975302797, -33.6001128109986], [150.7700474725526, -33.60014194841776], [150.7701967305145, -33.60016898006784], [150.7704963537428, -33.60020873529981], [150.7707960766744, -33.60024462906431], [150.7710954466941, -33.60029426740174], [150.7713942656661, -33.60036530892535], [150.7716047306495, -33.60042160558748], [150.7716754633306, -33.60043759971677], [150.7716929337619, -33.60044223314001], [150.7719921619424, -33.60049743335736], [150.7722913190657, -33.60055538875724], [150.7725903864039, -33.60061687374849], [150.7728892615162, -33.60068580409029], [150.7729366191377, -33.60069718482082], [150.7731882528983, -33.60075027890321], [150.7734870820917, -33.60082103319994], [150.7737857558803, -33.60089789820171], [150.7740769360446, -33.60096930165194], [150.7740845264218, -33.60097099768035], [150.7743833572395, -33.60104177282608], [150.7746821252795, -33.60111501020842], [150.7749810083279, -33.6011838152823], [150.7752481440249, -33.60124196385385], [150.775280006533, -33.60124813480388], [150.7755792604943, -33.60130253905419], [150.7758784052207, -33.60136117726205], [150.7761774526696, -33.60142364299355], [150.7764764244516, -33.60148906134555], [150.7766033302463, -33.60151792318089], [150.7767754099137, -33.60155396531387], [150.7770742855175, -33.60162316694674], [150.7773730621684, -33.60169625485872], [150.7776716596276, -33.60177634524069], [150.7777179649414, -33.60178954512343], [150.7779702883186, -33.60185522909945], [150.7781481540109, -33.60189908212164], [150.7782689442557, -33.6019330734722], [150.778567662506, -33.60200852157283], [150.7787645803664, -33.60205993537448], [150.7788663816601, -33.60208395006982], [150.7788789457884, -33.60206198961179], [150.7791719184446, -33.60189357605821], [150.7793965743967, -33.60207128595896], [150.7794633093516, -33.60225477916458], [150.7796777318596, -33.60232792047703], [150.7797614438443, -33.6023530723088], [150.7800597581378, -33.60244438533708], [150.7803577878396, -33.60254682094171], [150.7804926292035, -33.60259413568792], [150.780655903441, -33.60264593503086], [150.7809542394696, -33.60273647492738], [150.781252556432, -33.60282778355241], [150.7813706495205, -33.60286147793535], [150.7815511849319, -33.60290695887425], [150.7818499063625, -33.60298252575626], [150.7821485695537, -33.60306039338319], [150.7824088506491, -33.60313168696888], [150.7824471562717, -33.6031412599114], [150.7827459198253, -33.60321524927564], [150.7830445962466, -33.60329266833803], [150.7833431916108, -33.60337326388887], [150.7834501674621, -33.60340194300589], [150.7836419399041, -33.60344791848052], [150.783839886136, -33.60349389183074], [150.7839406920934, -33.60352243083814], [150.7842394391663, -33.60359716360301], [150.7845382133067, -33.60367088262677], [150.7845482375457, -33.60367320720945], [150.7848372697854, -33.60373356381183], [150.7851363748454, -33.60379436318686], [150.7854352699354, -33.60386338914537], [150.785734062365, -33.60393646065834], [150.7857771958082, -33.60394680557748], [150.7860330156692, -33.60400324943543], [150.7863318477206, -33.60407480007774], [150.7866306304832, -33.60414829852784], [150.7869013781466, -33.60421851723156], [150.7869293282587, -33.60422514261074], [150.7872280763761, -33.60430006161801], [150.7875268778365, -33.60437289137838], [150.7878257326051, -33.60444365477531], [150.7879971350135, -33.60448970981177], [150.7881244039712, -33.60452164044733], [150.7884230539087, -33.60460046409957], [150.7887214555051, -33.60468903308121], [150.7889321923756, -33.60475801971648], [150.7890196653742, -33.60478515789328], [150.7893179265087, -33.6048792551275], [150.7896160038143, -33.60498062589176], [150.789743286779, -33.6050241067059], [150.7899141839188, -33.6050779506789], [150.7900930529932, -33.60513113762613], [150.7902124290915, -33.60517279949057], [150.7905107141025, -33.60526611396783], [150.790605165029, -33.60529109586123], [150.7908095461491, -33.60533799211184], [150.7911085203542, -33.60540431851273], [150.7914073143784, -33.60547772739449], [150.7917059894149, -33.6055558215599], [150.7917360495721, -33.60556288344014], [150.7920051141266, -33.60561630527883], [150.7923036316354, -33.60570061866099], [150.7926019833519, -33.60579150518168], [150.7927237903633, -33.60583210569826], [150.7929002427737, -33.60588599052896], [150.7931983760599, -33.60598545069013], [150.7932923650042, -33.60601457394296], [150.7934961939377, -33.60609731459407], [150.7934967010281, -33.6060974873713], [150.7937945917158, -33.60618645224945], [150.7940930644357, -33.6062727204399], [150.7943071737388, -33.60636353384712], [150.7943903961655, -33.60640370576383], [150.7946859381512, -33.60660503550576], [150.7947097829408, -33.60662230167764], [150.7949802511245, -33.60685471937943], [150.7950101717294, -33.60687924595805], [150.7952758966933, -33.60705209556822], [150.7954909215882, -33.60713940473891], [150.7955737243319, -33.60716382885033], [150.7958722675256, -33.60724744097991], [150.7961707065591, -33.6073352613863], [150.7964123177068, -33.60740741525677], [150.7964691119633, -33.60742438142392], [150.7967676630274, -33.60750780244501], [150.7970659940005, -33.60759994312144], [150.7972998338744, -33.60767481598287], [150.7973642239433, -33.60769603334995], [150.797662584795, -33.60778695781948], [150.7979608118268, -33.6078832152882], [150.7981385450934, -33.60794134038104], [150.7982589346565, -33.6079836437281], [150.7985571582045, -33.60808009233187], [150.798855221162, -33.60818288375089], [150.7989256470358, -33.60820694150816], [150.7991531413932, -33.60829136485994], [150.7994513431575, -33.60838870677821], [150.7995205758612, -33.60841071991025], [150.7996864466476, -33.60847206867366], [150.799749167704, -33.60850096414587], [150.8000470034984, -33.60861280993043], [150.8003006336628, -33.60869700792915], [150.8003451420724, -33.60871281764748], [150.8004106132129, -33.60873654057768], [150.8006423255933, -33.60885035100522], [150.8009403796365, -33.60895374650032], [150.8010675605611, -33.60899981294045], [150.8012370048808, -33.60911333059169], [150.8015346654566, -33.60923228455767], [150.8016162991162, -33.60926115704768], [150.8018282206516, -33.60951285196415], [150.8018351930784, -33.60951663683443], [150.8018280893058, -33.60951802448336], [150.8015268008378, -33.60954196021923], [150.8012261929297, -33.60953900284265], [150.8009258797843, -33.60952453769482], [150.8006461530671, -33.60949549273028], [150.8006260220851, -33.60949205801436], [150.800326715288, -33.60943800112654], [150.8000271576517, -33.60939373634181], [150.7997274988522, -33.60935351168148], [150.7995623778152, -33.60933771329224], [150.7994278006654, -33.60931484829933], [150.7991283477729, -33.60926659482748], [150.7988290080552, -33.60921381080459], [150.7988155027709, -33.6092113288464], [150.7985297530528, -33.6091577578295], [150.7982303312778, -33.60910827797331], [150.7979310010008, -33.60905516847464], [150.7976317658397, -33.60899838261086], [150.7973325822803, -33.60893963161862], [150.7973012839797, -33.60893277695801], [150.7970334638464, -33.6088782916625], [150.7967342228086, -33.60882173943524], [150.7964351771323, -33.60875757552429], [150.7961362399531, -33.60868916763531], [150.7960041404415, -33.60865807519227], [150.7958372581356, -33.60862248617043], [150.7955382215121, -33.60855806894921], [150.7952391838971, -33.60849366242887], [150.7949402078035, -33.6084268584932], [150.794693918205, -33.60838312672189], [150.7946408493771, -33.60837503556046], [150.7946024519873, -33.60838149536909], [150.7943384569018, -33.60844235644065], [150.7940363972911, -33.60849664435284], [150.793734784431, -33.60853329485218], [150.7936373595325, -33.6085343698362], [150.7934343600212, -33.60852335737422], [150.793267947663, -33.60849748148456], [150.793135028381, -33.60847055683615], [150.7928363022099, -33.60839402420623], [150.7925549457585, -33.60834495919391], [150.792536943003, -33.60834229224577], [150.7922374913752, -33.60829424519914], [150.791938128064, -33.60824279640045], [150.7916390185153, -33.60818132173301], [150.7913401514735, -33.60811040577101], [150.7911794769134, -33.60806880993277], [150.7910413851738, -33.6080355612409], [150.7907428247393, -33.60795267124762], [150.7904441993879, -33.60787234789593], [150.7901917825107, -33.60779957525546], [150.7901456941239, -33.6077873189538], [150.7898471313547, -33.60770456664044], [150.7895483481162, -33.60763051850802], [150.7892493684252, -33.60756413734754], [150.7890684422941, -33.60752790846247], [150.7889501592631, -33.60750680659264], [150.7886508772431, -33.6074522981284], [150.7883516082293, -33.60739731937326], [150.7880524579034, -33.60733771064276], [150.7877533521544, -33.60727635167484], [150.787644123057, -33.6072508458605], [150.7874543586137, -33.60721064280864], [150.7871555156047, -33.6071390628466], [150.7868568150754, -33.60706190676883], [150.7865841125702, -33.60698028936298], [150.786558409731, -33.60697324998181], [150.7862596759686, -33.60689746149604], [150.7859609236616, -33.60682241896882], [150.7856623531277, -33.60674029108679], [150.7855568180098, -33.60671030980124], [150.7853637238396, -33.6066604711579], [150.7850650879583, -33.60658094303368], [150.7847666240006, -33.60649471805397], [150.7845837663862, -33.60644129319832], [150.7844681003291, -33.60641082689789], [150.7841695838096, -33.60632670324656], [150.7838713194435, -33.60623275230915], [150.7836783858515, -33.606173482492], [150.7835729184281, -33.60614416464653], [150.7832742929894, -33.60606435574942], [150.782975678827, -33.60598413425538], [150.7826802693401, -33.60590400186883], [150.7826770830172, -33.60590321812649], [150.7823782909542, -33.60582998685969]]]}}, {"type": "Feature", "properties": {"base": "RAAF Base Williamtown", "anef_band": "30-35", "anef_min": 30}, "geometry": {"type": "Polygon", "coordinates": [[[151.9229643384574, -32.73541243255022], [151.9228643493378, -32.73498875976117], [151.922770530012, -32.73463281222774], [151.9227509041682, -32.73456496725726], [151.9225977017642, -32.73414083292067], [151.9224009544914, -32.73371632006462], [151.9222095603408, -32.73338043911684], [151.9221535291977, -32.73329137910787], [151.921829945688, -32.73286577865974], [151.9216422721945, -32.73265247667558], [151.921424626299, -32.73243947810749], [151.9210724635562, -32.73213447299111], [151.9209013488553, -32.73201215291778], [151.9205011260689, -32.73174462517005], [151.9202074762007, -32.73158336018355], [151.9199287591036, -32.73143976756444], [151.9193558513809, -32.73118082876414], [151.9192817029775, -32.73115256459971], [151.91878242002, -32.73096553869982], [151.9184976300054, -32.7308889375746], [151.9182080603556, -32.73082654911371], [151.9179213492248, -32.73079046738491], [151.9176326678271, -32.73077317094356], [151.9173435580012, -32.7307897640485], [151.9170560269583, -32.73082386670416], [151.9167654494685, -32.73087996744351], [151.916478498232, -32.73094789599128], [151.91590669651, -32.73112342235015], [151.9159003116454, -32.73112536252978], [151.9153217157982, -32.73133721058292], [151.9148459122005, -32.7315370613602], [151.9147427284273, -32.73158036556396], [151.9139119472965, -32.73195179009753], [151.9137692975298, -32.73201806304019], [151.9135844631031, -32.73209141014593], [151.9124262922509, -32.73259243180189], [151.9120094974638, -32.73278092668312], [151.9112679760229, -32.73310512691529], [151.910827811533, -32.73329491633029], [151.910114438811, -32.7336100941186], [151.9101097103971, -32.73361219576219], [151.9095302092956, -32.73389557218968], [151.9092840855662, -32.7340256925151], [151.9089503105579, -32.73421128296843], [151.9085703937182, -32.7344422971459], [151.9083698073193, -32.73457663164714], [151.9080013152942, -32.73486015752616], [151.9077881453952, -32.73503581078893], [151.9074979948336, -32.73527858440491], [151.9073653208894, -32.73539310114563], [151.9070318857771, -32.73573849613319], [151.9067035178666, -32.73608780968317], [151.9066749195415, -32.7361170450755], [151.906661833422, -32.73613130892568], [151.9066220432114, -32.73618137642427], [151.9059870518427, -32.73695667225849], [151.9054512500193, -32.73770742842549], [151.9053884959139, -32.73779708335491], [151.904832888166, -32.73863785864887], [151.9043390967199, -32.73947917561799], [151.9042758383008, -32.73960829926847], [151.9039328231147, -32.74032125976817], [151.9035996366116, -32.74116397380254], [151.9033246768046, -32.74200720423016], [151.9031023143916, -32.74285088625777], [151.9030828064228, -32.74294257522769], [151.9029184515108, -32.74369491270738], [151.9027700735591, -32.74453924144046], [151.9026431385029, -32.74538376159558], [151.9025467278461, -32.74622854878459], [151.902494338912, -32.74707372128216], [151.9024867693562, -32.74791928616241], [151.9025320365064, -32.74876531364214], [151.902648111006, -32.74961195707562], [151.9028246599329, -32.75045913777569], [151.9029839213723, -32.7510104947637], [151.9030652667795, -32.75130687490633], [151.9033723556926, -32.75215519333989], [151.9037633988268, -32.75300424544218], [151.9038625166901, -32.75318642602804], [151.9041044001898, -32.75361070772453], [151.9042382902065, -32.75385402954811], [151.9047914287083, -32.75470449178306], [151.9052359238832, -32.75531304636331], [151.9054108928551, -32.75555553497463], [151.9060829887907, -32.75640703461886], [151.9063707029841, -32.75675330247475], [151.906619674495, -32.75707179801748], [151.9067724836442, -32.75725868251453], [151.9075066093559, -32.75810342726146], [151.9075101819461, -32.75810808245433], [151.9075124305284, -32.75811076655305], [151.9081460650926, -32.75885562668537], [151.9082298910381, -32.7589626543425], [151.9085543338196, -32.75938829208178], [151.9086419218229, -32.75950539689273], [151.9088619395055, -32.75981379033374], [151.9091449501832, -32.76023906574852], [151.909207949378, -32.76034102850895], [151.9093982939746, -32.76066408628469], [151.9096450887624, -32.76108904931948], [151.9097723412568, -32.76131171639094], [151.9098835670079, -32.76151393952108], [151.9101541824198, -32.76193910880346], [151.9103378917728, -32.76218789176488], [151.9104421046234, -32.76232558167902], [151.9104750391764, -32.7623647144049], [151.9105393288787, -32.76244030360732], [151.9107129724358, -32.76264992713033], [151.910829928972, -32.76279061505892], [151.9109056829957, -32.76288170923345], [151.9110170703832, -32.7630036512723], [151.911189981677, -32.76319538696504], [151.9112129559344, -32.76321675922856], [151.9114750250656, -32.76344842228815], [151.9115605330303, -32.76351590310304], [151.9116365852127, -32.7635833793837], [151.9116944247102, -32.76364375936748], [151.9118098698245, -32.76376903970146], [151.9119398916895, -32.76389615912882], [151.9120442573651, -32.76402436000984], [151.9120796558593, -32.76406991807949], [151.9122139422486, -32.76424102855106], [151.912394929784, -32.76449546836892], [151.9126109296077, -32.76481185175624], [151.9126640116075, -32.76490075073679], [151.9126762936097, -32.76492072756423], [151.9126960280322, -32.76495274736322], [151.9128743652103, -32.76524667694969], [151.9129374441654, -32.76534580875904], [151.9130361896912, -32.76550577275509], [151.9131034895611, -32.76561292066089], [151.9131759194921, -32.765738983586], [151.9131940109678, -32.76577084965908], [151.9133239096521, -32.7659833819252], [151.9134586609913, -32.7661822214281], [151.913471079098, -32.76619606782464], [151.9136697206106, -32.76640919787764], [151.9137431154987, -32.766484651327], [151.9140208826824, -32.76662364977602], [151.9140295004516, -32.76662826089648], [151.9140533304515, -32.7666239310322], [151.9143182851125, -32.7665742715933], [151.9144625304369, -32.76641606972021], [151.9146106025603, -32.76622916087376], [151.9146218572959, -32.76620604058559], [151.9147192011958, -32.76599547631781], [151.9148140181785, -32.76578489206793], [151.9149014723145, -32.76557424196272], [151.9149068524508, -32.76556051799588], [151.9149796311304, -32.76536351129391], [151.9150506628527, -32.76515271884676], [151.9151100237989, -32.76494182528967], [151.9151348169758, -32.7648409482702], [151.9152359091994, -32.76452009808941], [151.915290170306, -32.76421346525382], [151.9153223517835, -32.76409803323389], [151.9153705406513, -32.76388704278168], [151.9154201244285, -32.76367606437628], [151.9154755053574, -32.76346513612202], [151.9155096565617, -32.7633707085202], [151.9155570261539, -32.76325443408638], [151.9156176193227, -32.76312054459362], [151.9156836706052, -32.76298201253752], [151.9157566229768, -32.76283334616494], [151.9158115149785, -32.76273030986096], [151.915959680069, -32.76246263254842], [151.9159872313005, -32.76241252617581], [151.9160998594416, -32.76221904769562], [151.916228055767, -32.76199179408547], [151.916452381563, -32.76157091879753], [151.9166609064894, -32.76114990642782], [151.9166897446896, -32.76109154866032], [151.9168717577327, -32.76072891377839], [151.9170752166731, -32.76030785683184], [151.9172741772487, -32.75988676461054], [151.9172807120613, -32.75987338305907], [151.9174755491208, -32.75946568489059], [151.9176659468287, -32.75904451796691], [151.9178499801197, -32.75862328778305], [151.9178726899348, -32.75857108995865], [151.9180402328337, -32.75820211495289], [151.9182297484604, -32.75778093542982], [151.9184159160088, -32.7573597266711], [151.9184649237409, -32.75724615747185], [151.9186052394252, -32.75693854880024], [151.9187922517349, -32.75651734268757], [151.9189787720038, -32.75609613996653], [151.9190570623889, -32.75592682468897], [151.9191814370694, -32.75567506821955], [151.9193978995098, -32.75525412303352], [151.9196223341711, -32.75483323819134], [151.9196469928866, -32.75478887905444], [151.9198665889126, -32.75441253170447], [151.9201016230386, -32.75399174124652], [151.9202358069955, -32.75374295167205], [151.9204210116492, -32.75341487340467], [151.9205804786028, -32.75315023452833], [151.9210330277622, -32.75230849926908], [151.9214150070065, -32.75151640605088], [151.9214416079868, -32.7514663837282], [151.9218373335809, -32.75062415606561], [151.922189883864, -32.74978155163041], [151.9225095521997, -32.74893867127366], [151.9226016392387, -32.74866751174062], [151.9228187996225, -32.74809569636898], [151.9230930931303, -32.74725242015541], [151.9233393704003, -32.74640890249407], [151.9235530235014, -32.74556510396371], [151.9237118203962, -32.74472083383017], [151.9238112485563, -32.74390111353625], [151.9238147918475, -32.74387608798509], [151.9238784136886, -32.74303099609938], [151.9239035350402, -32.74218558146669], [151.923883720353, -32.74133977293883], [151.9238482476875, -32.7408235006842], [151.9238292997559, -32.74049367115907], [151.9237449675423, -32.73964731240727], [151.9236245988858, -32.73880064404494], [151.9234856480673, -32.73795381987708], [151.9233345145934, -32.73710688286707], [151.923154725744, -32.73625970738749], [151.9230585861533, -32.73581516595647], [151.9229643384574, -32.73541243255022]], [[151.9132444073416, -32.76010225726662], [151.9131770875117, -32.76008746267843], [151.9128306148883, -32.76003393892853], [151.9126696507475, -32.75998138694274], [151.9123944245898, -32.75986126629999], [151.9123735649441, -32.75985133132502], [151.9123629466525, -32.75984422542797], [151.912097368441, -32.75965757932943], [151.9120731892692, -32.75963030219907], [151.9118891297734, -32.75941729625748], [151.9118132428036, -32.75933030578193], [151.9117286932437, -32.7592044952259], [151.9115641382382, -32.75899165821551], [151.9115297538887, -32.7589508702506], [151.9113958370931, -32.75877878844545], [151.911245935774, -32.75859829131832], [151.9112205849422, -32.75856585805263], [151.9110453901408, -32.75835293189408], [151.9109619907913, -32.75825670320842], [151.9108657801257, -32.75813995915178], [151.9107529594598, -32.75800538297005], [151.910579097164, -32.75778346261495], [151.9105225538538, -32.75771415994257], [151.9104934052669, -32.75767701370296], [151.910394449638, -32.75754464076732], [151.9102097250088, -32.75728862418288], [151.9098952071029, -32.75686307693439], [151.909827687457, -32.75677015596341], [151.9095827140949, -32.75643753856167], [151.9093970845819, -32.75617376634756], [151.9090842214346, -32.7557329693509], [151.9089815841677, -32.7555866751909], [151.9089226591643, -32.75550108127396], [151.908694494782, -32.75519559604675], [151.9083603933905, -32.75473563419501], [151.9078288663187, -32.75388537566192], [151.9075645360764, -32.75335936740549], [151.9073894463568, -32.75303591403224], [151.9070056024032, -32.75218693561538], [151.9069399875038, -32.75199880063275], [151.9067517141708, -32.75145513307893], [151.9067141295122, -32.75133876190233], [151.9066890286172, -32.75124643634621], [151.906486600181, -32.75050565486146], [151.9064833372352, -32.75049111699497], [151.9064811463944, -32.7504787113167], [151.9064493868271, -32.75031537375253], [151.9063182380621, -32.74964404094783], [151.9062884149218, -32.74939094757229], [151.9062155264949, -32.74879751711705], [151.906184887667, -32.74837443397109], [151.9061866852763, -32.74795163390542], [151.9062016824887, -32.74752894901724], [151.9062384133895, -32.74710645377257], [151.9063078528341, -32.74653692351779], [151.9063346773776, -32.7462616621624], [151.9064697881483, -32.74541720929875], [151.9065111542329, -32.74526010951979], [151.9067009287796, -32.7445735939009], [151.9069198882197, -32.74372987566034], [151.9069574771254, -32.74357398139244], [151.9070623510177, -32.74307796755733], [151.9071068991029, -32.74288587032311], [151.9071676864802, -32.74265714926401], [151.907268143503, -32.74230618680855], [151.9073546369673, -32.74204240194626], [151.9074770583379, -32.74170495329042], [151.9075332602179, -32.74155679634606], [151.9076802902672, -32.74119960402123], [151.9077138714739, -32.741124000041], [151.9078707959129, -32.74077845183075], [151.908072222484, -32.7403573864886], [151.908299940525, -32.73993655374449], [151.9083045458603, -32.73992911810535], [151.9085754603362, -32.739516136801], [151.9088724879672, -32.73909591040626], [151.9088910722714, -32.73907248591252], [151.909219342549, -32.73867610891421], [151.9094757622565, -32.73836607084564], [151.909571631452, -32.7382563576582], [151.9099647321799, -32.73783696424897], [151.9100594454305, -32.73774159072923], [151.9103947333278, -32.73741788633765], [151.9105016034804, -32.73731673152764], [151.9106421912594, -32.73719308790578], [151.9109018555416, -32.73699947300997], [151.9112231779645, -32.73678943030495], [151.9113899470959, -32.73670252777293], [151.9116328457122, -32.73658300558498], [151.9118027342863, -32.73650264548326], [151.9120904486226, -32.73636552102801], [151.9123820452432, -32.7362353676674], [151.9125837570232, -32.73616844585752], [151.9129603538373, -32.73605075793375], [151.9134677312837, -32.73593899392841], [151.913538005083, -32.73592051735704], [151.9138269283877, -32.73584690550666], [151.9141156569862, -32.73578931024048], [151.9143397645951, -32.73576085058642], [151.9144041291827, -32.73575283302102], [151.9146923051662, -32.73574077527343], [151.9149886661146, -32.73576646925397], [151.9152166445788, -32.73578721751301], [151.9152677150312, -32.73579518703144], [151.9155561259606, -32.73586645409472], [151.9158419445986, -32.73594636072227], [151.916416040772, -32.73610949905589], [151.9166545358144, -32.7362036953603], [151.9169890494751, -32.73636194033406], [151.917181697956, -32.73648854208739], [151.9173466732545, -32.73663248873055], [151.917559525852, -32.73682411683842], [151.9177863507692, -32.73705910282411], [151.9181282370203, -32.73743364422376], [151.9181546574283, -32.73746543220534], [151.9181696959952, -32.73748523319404], [151.9184705566114, -32.73791064671718], [151.9186941049637, -32.73827922274972], [151.9187234234315, -32.73833564152869], [151.9189189846519, -32.73876014555077], [151.9190933056209, -32.73918447007838], [151.9192480731026, -32.73960861778937], [151.9192539103615, -32.73962710065263], [151.919359000447, -32.74003239130167], [151.9194454256321, -32.74045595745173], [151.919491833475, -32.7406950882571], [151.9195280486633, -32.74098610308738], [151.9195760478513, -32.74130271355671], [151.9196141787648, -32.74158497865386], [151.9196422293453, -32.74187857560293], [151.9196829885723, -32.74214927328825], [151.9197169247581, -32.74239022813339], [151.9197301215161, -32.74276112713994], [151.9197525628766, -32.74299550281842], [151.9197658564907, -32.74321467684803], [151.9197610705556, -32.74362219425461], [151.9197646950499, -32.74384124509197], [151.9197568640656, -32.7440597909478], [151.9197209627166, -32.74445646170795], [151.9196964250358, -32.74468628626749], [151.9196557718116, -32.74493776193663], [151.9196049638754, -32.74526210345647], [151.9195760248368, -32.74553088186997], [151.9195403543757, -32.74582084263955], [151.9195006167221, -32.74607212695076], [151.9194371399238, -32.7463753178431], [151.9193628140775, -32.74672607758203], [151.9193389173181, -32.74686052284267], [151.9192941805593, -32.74721971837567], [151.9192422788703, -32.74761098152175], [151.9192297611679, -32.74766874001051], [151.9191677687078, -32.74806426132585], [151.9191509009486, -32.7481582976676], [151.9190887323067, -32.74848639615686], [151.9189955102479, -32.7489084085372], [151.9189067642187, -32.74933045943237], [151.9188093178449, -32.74975243116859], [151.9187130014313, -32.75017442051376], [151.9185862685318, -32.7505961432941], [151.9185436814375, -32.75073021989664], [151.9184580828828, -32.75101785335715], [151.9183222990731, -32.75143949766198], [151.9181759951572, -32.75186104697991], [151.9180285115218, -32.75228259386131], [151.9179462246865, -32.75249097343954], [151.9178673783256, -32.75270401469021], [151.9176943860655, -32.75312534079603], [151.9175130881822, -32.75354659089936], [151.9173527858561, -32.75391763942264], [151.9173307140094, -32.75396783138382], [151.9171413158907, -32.75438901085687], [151.9169524909672, -32.7548101909706], [151.9167691869739, -32.75522525306855], [151.9167664353093, -32.75523140265443], [151.9167605228361, -32.75524635083565], [151.9166023025025, -32.75565279559481], [151.9164482348772, -32.75607428326634], [151.9162929781726, -32.75649575246337], [151.9161653408573, -32.75681451647216], [151.9161212809156, -32.75691708717761], [151.9159252251968, -32.75733820290657], [151.9157085998265, -32.75775914426043], [151.9155745756187, -32.75801575222829], [151.9154829421421, -32.75818000701042], [151.9153676616356, -32.75839042097755], [151.91527998782, -32.75855070316106], [151.9152501843831, -32.75860080784281], [151.9151210274549, -32.75881109743716], [151.9149952916332, -32.75902141650823], [151.914985977437, -32.75903774902679], [151.9148614486478, -32.75923166522836], [151.9147126266973, -32.7594417840499], [151.9146927371664, -32.75946027126173], [151.9144031639439, -32.75958116223092], [151.9142829009375, -32.75964946894851], [151.9141129117282, -32.75975792550202], [151.9139912448838, -32.75985835311081], [151.9138217445229, -32.76000995134052], [151.9136583049927, -32.76006687067769], [151.9135323613198, -32.76011495445437], [151.9132444073416, -32.76010225726662]]]}}, {"type": "Feature", "properties": {"base": "RAAF Base Williamtown", "anef_band": "30-35", "anef_min": 30}, "geometry": {"type": "Polygon", "coordinates": [[[151.7999322015194, -32.76649461921397], [151.7996446414897, -32.76645242324804], [151.7995113600236, -32.76642434828995], [151.7993573242925, -32.76639233648751], [151.7990701452745, -32.76632181361907], [151.7987830949985, -32.76624156546586], [151.7986678782296, -32.76620486096243], [151.7984961916336, -32.76615077177297], [151.7982094107416, -32.76605073266904], [151.7980434504982, -32.76598746779922], [151.7979227486934, -32.76594190016158], [151.7977232672137, -32.76584664246082], [151.7975036876517, -32.76575530771339], [151.7973497926642, -32.76569702265255], [151.7970783374764, -32.76557749517679], [151.7970556598864, -32.76556656983519], [151.7970309412303, -32.76555494184248], [151.7967770847487, -32.76543411307568], [151.7966693015184, -32.76537987242745], [151.7962046402865, -32.76515153268895], [151.796173228596, -32.7651354970443], [151.7961501932754, -32.76512367397157], [151.7959943917249, -32.7650445133188], [151.7956704183836, -32.76487951296093], [151.795632326365, -32.76485987828937], [151.7953462100862, -32.76471087327741], [151.7953119058296, -32.76469280828371], [151.7950601333886, -32.76455935091286], [151.7949136817566, -32.76448260279585], [151.7947317897443, -32.76438573527304], [151.7945030439341, -32.76426221820856], [151.7944880072874, -32.76425414786951], [151.7942019622396, -32.7641004951044], [151.7941020965879, -32.76404695775244], [151.7939159156284, -32.76394668237145], [151.7937022258175, -32.76383170441312], [151.7936487784594, -32.7638032409061], [151.7934475298939, -32.76369448387675], [151.7933438099898, -32.76364089487578], [151.7932963618845, -32.76361639209341], [151.7930576881647, -32.7634928743754], [151.792880329006, -32.76340097850908], [151.7927715716106, -32.76334453466342], [151.7924854470441, -32.7631972078396], [151.7924610130506, -32.76318553590721], [151.792199214863, -32.7630579204793], [151.7920132508407, -32.76296981565355], [151.7919129368893, -32.76292174057295], [151.7916265911107, -32.76279064531872], [151.7915389419255, -32.76275383777937], [151.7913401309204, -32.76266842783957], [151.7910535987853, -32.76255159168841], [151.7910121362738, -32.76253735157229], [151.7907668488911, -32.76245091872687], [151.7904799381324, -32.76236184130954], [151.7902936619033, -32.76231901270631], [151.7901927259688, -32.76229509154734], [151.7899049885893, -32.76226754414017], [151.7896163909813, -32.76230358016289], [151.7896005101633, -32.76231231820714], [151.7894489943575, -32.76252225814505], [151.7894378573565, -32.76273355432795], [151.7894950697532, -32.7629455108966], [151.7895804291336, -32.76315773937927], [151.7896042224116, -32.7632027949648], [151.7896924982458, -32.76337022382569], [151.789759923874, -32.76348795373639], [151.7898237125883, -32.76358289708878], [151.7898860138259, -32.76367003181969], [151.7899703348635, -32.7637957170349], [151.7901232169064, -32.7640085972622], [151.7901687671751, -32.76406636865528], [151.7902890043364, -32.76422160191612], [151.7904519995535, -32.76442781472241], [151.7904572905449, -32.76443463047843], [151.7906385435485, -32.76464778399543], [151.7907356323959, -32.76475946119029], [151.7908224226926, -32.76486096059881], [151.7910092719782, -32.76507416958589], [151.7910193538643, -32.76508505411908], [151.7912042666345, -32.76528745489674], [151.7913032928914, -32.7653943511549], [151.7914005913551, -32.76550075274093], [151.7915872552571, -32.7657020646422], [151.7915982414585, -32.76571406108269], [151.7918002805053, -32.76592741542237], [151.7918713366491, -32.76600145870935], [151.7920036685175, -32.76614078045611], [151.7921554479634, -32.76629877742772], [151.7922080897454, -32.76635415313325], [151.7923487498792, -32.76649084853233], [151.7926221573742, -32.76678095384301], [151.7927237844959, -32.76688469385402], [151.7929562934959, -32.76712051388063], [151.7930370820932, -32.76720775748959], [151.7932919017497, -32.76748810578226], [151.7933485593844, -32.7675492070573], [151.7934277133326, -32.76763432979561], [151.7938438712982, -32.76806114268879], [151.7938601936643, -32.76807843159042], [151.7942127435481, -32.76848750309915], [151.7944274043596, -32.76874985690716], [151.7945448404613, -32.76891350460579], [151.7948614992023, -32.76933935871909], [151.7949933239138, -32.76951771925411], [151.7951892470091, -32.76976531869286], [151.7953719416325, -32.76995688693597], [151.7955611589682, -32.7701440828443], [151.7957570302003, -32.77032539221995], [151.7959205471731, -32.77048444543641], [151.796053890856, -32.77061924433406], [151.7961494678068, -32.77072951887982], [151.7964715698141, -32.77108717510066], [151.796534797139, -32.77116782959359], [151.796578457265, -32.77122422839756], [151.7966442025361, -32.77129872382585], [151.7966973681685, -32.7713585056307], [151.7967989631373, -32.77147202169357], [151.7968750240476, -32.77155189918682], [151.7971475830699, -32.77185437694749], [151.7971879102711, -32.77189856233866], [151.7972071265242, -32.77192037709142], [151.7972651639665, -32.77198934980726], [151.7975698801929, -32.77232503681068], [151.7978325264047, -32.77265318827324], [151.7979019292462, -32.77275103110259], [151.7981466175366, -32.77312873407584], [151.7981786242194, -32.7731764914912], [151.7983047701315, -32.77338910739564], [151.7983967047462, -32.77355456398925], [151.7984232097937, -32.77360164526874], [151.7985294650618, -32.77381407015417], [151.7986248392846, -32.77402638661687], [151.7986373310948, -32.77408576158393], [151.798692723294, -32.77433739845156], [151.7987162117895, -32.77445007232029], [151.7987277956805, -32.77457667514858], [151.798731328778, -32.77474440816496], [151.7987293015047, -32.77487300525303], [151.798663914023, -32.77529518555366], [151.798544373797, -32.77571684639304], [151.7984328458863, -32.776138581949], [151.7983581643599, -32.77642199993295], [151.7983202373682, -32.77656030898169], [151.7982767777168, -32.77698269929817], [151.798266736663, -32.77740541017732], [151.7983236093371, -32.77782876298352], [151.7983371155199, -32.77798787836406], [151.7983562694014, -32.77825188346674], [151.7983509280667, -32.77827781858252], [151.7982303844411, -32.77909628998287], [151.7981232994205, -32.77966014266406], [151.7980420762215, -32.77994009622591], [151.7979373706546, -32.7803618984255], [151.7978497077067, -32.78078386505211], [151.7978333821056, -32.78120651530838], [151.7978511699054, -32.78162949294494], [151.7978969873944, -32.78187593612193], [151.7979463749547, -32.78212214471102], [151.7979833011909, -32.7823731224791], [151.7980049083729, -32.7824765811813], [151.7980231250768, -32.7825360877618], [151.7981912362189, -32.78321302196645], [151.7982165091552, -32.78332422537471], [151.7982627678206, -32.78351782475283], [151.798319611544, -32.78372614427929], [151.7983300422703, -32.78374812150304], [151.7983452598897, -32.78377981770763], [151.798444281546, -32.78410256246781], [151.7984803168415, -32.78417236999042], [151.798584133665, -32.78438416489746], [151.7986882458819, -32.78459717031103], [151.798822065379, -32.78478749811927], [151.7990948254969, -32.78491332054813], [151.7993956069596, -32.78499790994948], [151.7996860308831, -32.78499961629797], [151.7999724066549, -32.78496624212323], [151.8002696077087, -32.78483856130754], [151.8005525510838, -32.78468498889941], [151.8006531706237, -32.78461600174228], [151.8008922095253, -32.78448039837127], [151.801133452305, -32.78434704994697], [151.8013660964314, -32.78420002070078], [151.8015726937915, -32.78409896439149], [151.8017141055387, -32.78402763053816], [151.8022098543123, -32.78378528575678], [151.8022638411738, -32.78376367297562], [151.802294174583, -32.78375114263105], [151.8025818253121, -32.78364599875857], [151.8028732553828, -32.783548342031], [151.8031609450845, -32.78346712345922], [151.8034516759957, -32.78339465943822], [151.8035608389987, -32.78337539132372], [151.8040291802851, -32.78330930614902], [151.8043172335848, -32.78328940955248], [151.8046059621111, -32.78327771320915], [151.804894231637, -32.78328305992073], [151.8051820690757, -32.78329692589836], [151.8054709355702, -32.78333081428093], [151.8057573672027, -32.78337633923508], [151.8058430469478, -32.78339717140739], [151.8063314693305, -32.78354573245929], [151.8066211216742, -32.78365627644774], [151.806904742745, -32.78377701588033], [151.8069316599777, -32.78379059454483], [151.807015601353, -32.78383115277916], [151.8072498931166, -32.78397124663235], [151.8074765190415, -32.78412072108517], [151.8076053739333, -32.78421186814563], [151.8076726511288, -32.7842602168372], [151.8078089257473, -32.78438472702112], [151.8079319942493, -32.78451649435181], [151.8080457489525, -32.78465585463942], [151.808067951339, -32.78468678578315], [151.8081532046083, -32.78489900076482], [151.8081614311997, -32.7851104827206], [151.8081816333624, -32.78532110684546], [151.8081769180104, -32.78553343841673], [151.8082500472968, -32.78595694159316], [151.808278668814, -32.78638002071551], [151.808309079231, -32.78659242313523], [151.8083403620205, -32.7868034144941], [151.8083939540207, -32.78722673163099], [151.808457595292, -32.78765014433441], [151.8084953924164, -32.7880733106158], [151.8085524815098, -32.78849666090281], [151.8085692779974, -32.78861926589377], [151.8086049367234, -32.78891996655608], [151.8086774927536, -32.78934346437092], [151.8087685493335, -32.78976713760636], [151.8088819207935, -32.79019102300896], [151.8089194294481, -32.79034050724897], [151.8090169238536, -32.79061511351017], [151.8091150390032, -32.79091783547386], [151.809150501969, -32.79103919080177], [151.8092725728307, -32.79146315852864], [151.8093893737988, -32.79188707577873], [151.8095001457344, -32.79231093583638], [151.8096323847359, -32.79273499972152], [151.8096658640355, -32.79283829500127], [151.8097658413299, -32.79315907514609], [151.8098845325203, -32.79358300985132], [151.8099908579054, -32.79400682710326], [151.8100865617888, -32.79443054327101], [151.8101662785497, -32.79485410747685], [151.8102110010772, -32.7951875113165], [151.8102219384983, -32.79527744305028], [151.8102776201275, -32.79570077881169], [151.8103607428914, -32.79612437510832], [151.810462308759, -32.79654814671284], [151.8105773060298, -32.79697204579998], [151.8107239417189, -32.79739624475985], [151.8107569833877, -32.79747524588265], [151.8109052527037, -32.79782077357089], [151.8110102869966, -32.79803460657178], [151.8111252496316, -32.7982456689225], [151.811320090981, -32.79847795870802], [151.8115874435319, -32.79859042419997], [151.8118750574588, -32.79867559207844], [151.8118914635122, -32.79867928465808], [151.8118969318491, -32.7986803050868], [151.8124687249709, -32.79880036081153], [151.812901522865, -32.7988942373421], [151.8132116371692, -32.79893505892028], [151.8136186502064, -32.79902618545464], [151.813904251952, -32.79911967246846], [151.8142146618243, -32.79917100554849], [151.8145285463127, -32.79921176972977], [151.8147686486971, -32.79924676375072], [151.8150574772125, -32.79930333586577], [151.8153434955074, -32.79936880106277], [151.8156296710896, -32.79946128893852], [151.8159175795845, -32.79954849402259], [151.8159804154377, -32.79956009199333], [151.8164927625626, -32.79964534347334], [151.8167830539949, -32.7997245359316], [151.8170669444817, -32.79981796477875], [151.8174238165097, -32.79999653910983], [151.8176395527873, -32.80010962744797], [151.818212222483, -32.80039693548667], [151.8182361425892, -32.80040934890701], [151.8182835941865, -32.80042746265599], [151.8187853912153, -32.80064661130484], [151.8193196245782, -32.80086004293418], [151.8193588186729, -32.80087713898951], [151.81964826618, -32.80102889677158], [151.8199311651439, -32.80118970567287], [151.8200345984249, -32.80125135937209], [151.8201110168555, -32.80129030975138], [151.8205034340167, -32.80150836362782], [151.8206033347185, -32.80157002092989], [151.8208892520071, -32.80172044724384], [151.8210759815155, -32.80180631438913], [151.821648294264, -32.80212225834634], [151.8217096276621, -32.80215097753489], [151.8222208421039, -32.80242086309386], [151.8225099915651, -32.80258131383084], [151.8227932987633, -32.80272649791709], [151.8230816878715, -32.80286267339579], [151.8233661288793, -32.80300408625396], [151.823374630272, -32.80300910672383], [151.8233798086923, -32.80301229726894], [151.8239376180935, -32.8033838588824], [151.8239631183644, -32.80340281426987], [151.8240194486568, -32.80344111360318], [151.8242620382767, -32.80356631892795], [151.8245101509609, -32.80368466757386], [151.8247215518255, -32.80379247136307], [151.8248756973867, -32.80387195986424], [151.8250827213054, -32.80398296689879], [151.8253194966138, -32.80408752788378], [151.8253693034089, -32.80410960746985], [151.8256558624986, -32.80423810510854], [151.8257753775662, -32.8043032076564], [151.8259417366296, -32.80441876454546], [151.8260783946304, -32.80451745265913], [151.8262271914683, -32.80463136791553], [151.8263510037241, -32.80473141091778], [151.8264536072014, -32.8048194471981], [151.8267298836096, -32.80505772275347], [151.8267972913329, -32.8051186121852], [151.8268129050775, -32.80513532368252], [151.8268470318255, -32.80515886777943], [151.827369054205, -32.80547964364547], [151.8275232356001, -32.80558800908256], [151.8277331618494, -32.80576345376267], [151.8279394901323, -32.80594212329612], [151.8279992128768, -32.80599312669187], [151.8280254760989, -32.80601551852959], [151.8280901884053, -32.80607200900499], [151.8283223700749, -32.80629898654576], [151.8284998194072, -32.80644276398061], [151.8285093187006, -32.80645134604765], [151.8286824107082, -32.80661033534335], [151.8289699704302, -32.80686997044859], [151.8290787056135, -32.80699478677582], [151.8292763723191, -32.80722206706037], [151.8293470511538, -32.80729630399713], [151.8296468767001, -32.80763144346423], [151.8296805692692, -32.80767202884249], [151.82972862612, -32.8077226774455], [151.8301398145886, -32.80814932745238], [151.8302155622505, -32.80822948879961], [151.8305425916988, -32.80857589757312], [151.8307842107606, -32.80883091658046], [151.8309479641659, -32.80900249064598], [151.8310986643113, -32.80919262166077], [151.8313427889623, -32.80942898397251], [151.8313527468862, -32.80944150903304], [151.8316608340222, -32.80985475859757], [151.83191972284, -32.81017196374131], [151.8320080822647, -32.81028080586731], [151.8323679920433, -32.81070697028673], [151.8324873606498, -32.8108525054792], [151.8327477304289, -32.81113331855329], [151.8330557563241, -32.81147569735811], [151.833124784655, -32.81155964066971], [151.8332688552036, -32.8117705031795], [151.8334057474715, -32.81198506629954], [151.833620745174, -32.81236025981883], [151.8336408306061, -32.8124100638646], [151.8337514679497, -32.81283390174724], [151.8338479335811, -32.81325760552477], [151.8339534126901, -32.81368139714431], [151.8340696961153, -32.81410528729253], [151.8341707588703, -32.81439233419178], [151.8342945240049, -32.81476434897945], [151.8343572041874, -32.81488286736095], [151.8343963605529, -32.81495394340311], [151.8344532034033, -32.81506123580846], [151.8348025088824, -32.81574987425], [151.8348303813094, -32.81580359789393], [151.835058404916, -32.81622852507707], [151.8352833389989, -32.81665342508489], [151.8352941429654, -32.81667201545093], [151.835489692843, -32.81688724150735], [151.8357165686996, -32.81708026214864], [151.8358643806511, -32.81715824669146], [151.8361496095099, -32.81727626271521], [151.8364379637052, -32.81738833503732], [151.8367905468193, -32.81751305331221], [151.8370118836017, -32.81759280100033], [151.8372973798612, -32.81768560422262], [151.8375861626675, -32.8177699043141], [151.8378993749121, -32.81783102997872], [151.838317594489, -32.81792511670471], [151.8387361155939, -32.81801741859005], [151.8390229057545, -32.81805976667511], [151.8393108100802, -32.81809772749284], [151.8398873184009, -32.81816927661487], [151.8400300388709, -32.81817922580007], [151.8408997342038, -32.81819075263707], [151.8410401788043, -32.81819377353253], [151.8411852324962, -32.81818682632968], [151.8418180709241, -32.81812042419853], [151.8421946624167, -32.81809324677761], [151.8427720648183, -32.81803055076148], [151.8433490885304, -32.81799692653442], [151.8433587060968, -32.81799672266737], [151.8439257751442, -32.81798934362536], [151.8445023428839, -32.81799103077509], [151.8450788339293, -32.81799851343226], [151.8456553062014, -32.81800745890166], [151.8462317112126, -32.81802171207482], [151.8463479636354, -32.81802430689686], [151.8468081247121, -32.81803532544558], [151.8468261354651, -32.81803531413073], [151.847960949645, -32.81806276524128], [151.8490390420619, -32.81802135267742], [151.8491146938129, -32.81801880229085], [151.8496914911046, -32.81800268868295], [151.8502680437051, -32.81800546628637], [151.8505564930705, -32.81800188819972], [151.8508446732245, -32.81800236739582], [151.8511327219669, -32.81802542486429], [151.8514206288045, -32.8180515490796], [151.8518842956264, -32.81807520643639], [151.8519968258181, -32.81808210504971], [151.8522845790533, -32.81816175194018], [151.8525714591939, -32.81823432479371], [151.8528618509763, -32.81819600778221], [151.8531489481757, -32.81816446244011], [151.8534510698072, -32.81829385930274], [151.8537215461478, -32.81847527701251], [151.8537531797011, -32.81851513921617], [151.8538827103209, -32.81872482980793], [151.8539979584174, -32.8189401903756], [151.8541450329351, -32.81936434276065], [151.8541799123753, -32.81978747001841], [151.854106160621, -32.82020960286229], [151.8539419290456, -32.82063090727638], [151.8538344146248, -32.82084167332118], [151.8537248027856, -32.82105172506209], [151.853687478341, -32.82112775034807], [151.8535170291757, -32.82147263206571], [151.8532986571945, -32.82189343760433], [151.8530965527, -32.82224177046521], [151.8530498873798, -32.82231396815666], [151.852749671446, -32.82273402265804], [151.8525092412619, -32.82307345425096], [151.8524438117848, -32.82315402862116], [151.8521519286782, -32.82357415995733], [151.8519211948294, -32.82396140039953], [151.851896696568, -32.82399462472915], [151.8517430225733, -32.82441602460921], [151.8519100773468, -32.82482549099115], [151.8519171116662, -32.82484042705573], [151.8521759488924, -32.82503895279058], [151.8524818495874, -32.82520353047221], [151.8526422972186, -32.82526988612136], [151.8530562714241, -32.82537581551367], [151.853343213842, -32.82542409467732], [151.8536317712216, -32.82546427912331], [151.8539195012628, -32.82548626615613], [151.8542079493586, -32.82550010046646], [151.8547847554069, -32.82548703876301], [151.8550738137172, -32.82546748338109], [151.8553619797913, -32.82544135560903], [151.8556516991259, -32.82539598482379], [151.8559398697765, -32.82534353382539], [151.8561289930187, -32.82530179867194], [151.8567204709071, -32.82516975824558], [151.8569680854204, -32.82512190686907], [151.8570962906174, -32.82509793651963], [151.8572761623512, -32.82504941416903], [151.8579364881202, -32.82485462507759], [151.8582539092217, -32.82475824507821], [151.8590949064943, -32.82448325233116], [151.8592640268478, -32.82443077778663], [151.8594119232904, -32.8243867521636], [151.8605702977964, -32.82398647235954], [151.8615212241335, -32.823659728206], [151.8617286100931, -32.82359008021712], [151.8628858299174, -32.82327881040101], [151.8632104055505, -32.82320055436128], [151.8636246287493, -32.82306709803004], [151.8640431013714, -32.82296267725633], [151.8644210971494, -32.82284045139181], [151.8646220942938, -32.82277657729742], [151.8651864963643, -32.82263083095717], [151.8652006044017, -32.82262788617675], [151.8654895039874, -32.8225815390698], [151.8657780107224, -32.82256589273447], [151.8660661684447, -32.8225780779926], [151.8663540328338, -32.82261317467345], [151.8664024776539, -32.82262917201859], [151.8667343684776, -32.82272438983466], [151.8669284047669, -32.8227901033768], [151.8670987955667, -32.82286471514129], [151.867215117855, -32.82291616757954], [151.8675017939192, -32.82304484149131], [151.8675403284335, -32.82306589045902], [151.86779602749, -32.82319097976222], [151.8680083813462, -32.82329575483891], [151.8680364864264, -32.82331014577051], [151.8680587057302, -32.82331999690791], [151.8680748355793, -32.82332723405551], [151.8681050614304, -32.82334121600229], [151.86855809706, -32.82357825488066], [151.8686477669532, -32.82361861408901], [151.8688636001458, -32.82372629473491], [151.8689058532416, -32.82374763975844], [151.8689649243636, -32.8237723667358], [151.8692210148694, -32.82388549650028], [151.8693613680008, -32.82394663703036], [151.869763759405, -32.82411175165981], [151.8697946109946, -32.82412478698336], [151.8698113254989, -32.82413299699743], [151.8698603214916, -32.82415810454336], [151.8703673101993, -32.82443517278193], [151.8705352381853, -32.82452502557135], [151.870648592934, -32.82458802990624], [151.8709399463542, -32.82475123083998], [151.8710337701882, -32.82480290895342], [151.8712261552981, -32.82491772823664], [151.8713894168443, -32.82501751858052], [151.8715122160884, -32.82509621171806], [151.8717285927218, -32.8252319807284], [151.8717982430323, -32.82527764945917], [151.8720398412112, -32.82544619229645], [151.8720840067566, -32.82547962918972], [151.8723103260588, -32.82566003186304], [151.8723694332215, -32.82570858438618], [151.8725770483692, -32.82587383895736], [151.8726549284589, -32.82593221264051], [151.8728707083039, -32.82608789006326], [151.8729406759369, -32.82613579733948], [151.8732272963033, -32.82627073660535], [151.8733552925515, -32.82630365720246], [151.8734949245577, -32.82633408164799], [151.8735441780849, -32.82634868359582], [151.8738023786835, -32.82639416413969], [151.8739956752712, -32.82644777853022], [151.87424473848, -32.82654024609883], [151.8743765869904, -32.82658775525971], [151.8747864913809, -32.82673933833655], [151.8749181096589, -32.82678831848114], [151.8749505400963, -32.82680103816404], [151.8750046487139, -32.82682101409108], [151.8754635116079, -32.82700166302635], [151.8755243981631, -32.82702245635198], [151.8758113922822, -32.82712827324775], [151.8759135354904, -32.82717227402992], [151.876098094056, -32.82725697772179], [151.8762723949791, -32.82734115891935], [151.8766109503416, -32.82751250509472], [151.8766710799796, -32.82754813280894], [151.8766974627796, -32.82756315753727], [151.8767822401626, -32.82760288161575], [151.8772446907797, -32.82778992868293], [151.877575826999, -32.8279108577845], [151.8778188518893, -32.8279882213136], [151.8779603917502, -32.82803625770589], [151.87807374334, -32.82808453314357], [151.8781647992342, -32.82812510513628], [151.8783924195174, -32.82823392863696], [151.8785164966272, -32.82828123440515], [151.878662807077, -32.8283656294704], [151.8788354307145, -32.82846690599263], [151.878965304891, -32.82853418895849], [151.8791746237991, -32.82868135038206], [151.8792510704089, -32.82873815390963], [151.879442392983, -32.82889515244824], [151.8795365799347, -32.82896298155555], [151.8798106160737, -32.82910985304608], [151.8798229874687, -32.82911602551837], [151.8801104480564, -32.82918563163088], [151.8803976688586, -32.8292740056541], [151.8805663040652, -32.82932801866531], [151.8806848551737, -32.82936517460809], [151.8809725516923, -32.82941608981702], [151.8812608100055, -32.82942223129839], [151.881549739971, -32.82937442377164], [151.8816270946996, -32.8293375018917], [151.8817886801661, -32.82912754112454], [151.881770462626, -32.82891597384224], [151.8816678060673, -32.82875334291913], [151.8815676929461, -32.82859406024585], [151.8815340954852, -32.82849105078498], [151.8814471168691, -32.828342208685], [151.8813692964682, -32.82820977964894], [151.8812774011526, -32.82809908609761], [151.8812198012267, -32.82806543474169], [151.8810849525581, -32.82799488360246], [151.8807327745042, -32.82767749354457], [151.880706264677, -32.82765899953637], [151.8806988086114, -32.8276490775408], [151.8806967477116, -32.82764151577624], [151.8806947925765, -32.82763793173751], [151.8806895834701, -32.82763164417725], [151.8804708814689, -32.82730105727939], [151.8803953061449, -32.82721244407406], [151.8801400919, -32.82682387964775], [151.8801279605289, -32.82680537078301], [151.8801161700611, -32.82678713779251], [151.8798575537913, -32.82636201652605], [151.8797323230345, -32.82612609250776], [151.8795119253359, -32.82574854405601], [151.8793417388246, -32.82551178109566], [151.87920707415, -32.82530758234725], [151.8790652046323, -32.82510733753014], [151.8790383552855, -32.82507540431499], [151.8790093296968, -32.82503008946782], [151.8787500872673, -32.82466086424063], [151.8784422568644, -32.82426912274155], [151.8784166799854, -32.82423506604437], [151.8780385919887, -32.82380887047435], [151.877873532838, -32.82364022473018], [151.8776318410623, -32.82338241477061], [151.8774315839502, -32.82319139037463], [151.8773041879723, -32.82306130414742], [151.8772102561462, -32.82295582471585], [151.8770294710106, -32.82274279638079], [151.8770200328865, -32.82273113782287], [151.8768777396808, -32.82253003246495], [151.8767416957849, -32.82231740714752], [151.8767370434856, -32.82230815129537], [151.8766263621569, -32.82210496555547], [151.8765459858405, -32.82196447540315], [151.8763606160078, -32.82175059448235], [151.8763083448958, -32.82167930391677], [151.8762779564111, -32.82163903032915], [151.8761699279554, -32.8215534468701], [151.8759556207049, -32.82133291920161], [151.8758510150723, -32.82125238647586], [151.8755994705235, -32.82106474594059], [151.8754215295595, -32.82092981081678], [151.875305535643, -32.82083714740901], [151.8751124171487, -32.8206789834739], [151.8749150288182, -32.8205250782537], [151.8747106047773, -32.82039652344059], [151.8744566583812, -32.82023963777914], [151.8743765566637, -32.82018211546955], [151.8741708472699, -32.82004190863444], [151.8740654406083, -32.81996791288788], [151.873885082087, -32.81984064058537], [151.8737886273321, -32.81975401617194], [151.8736002437767, -32.81956659341392], [151.8735717940314, -32.81954066258612], [151.8733148679471, -32.81933489137487], [151.8733070651776, -32.8193297590704], [151.8732804127967, -32.81931390678159], [151.8729556863369, -32.81911230984804], [151.8728776587767, -32.81906176314897], [151.8727429574367, -32.81896359008266], [151.8723471989051, -32.81868401879069], [151.8721717390915, -32.81853789001423], [151.8718359150542, -32.81825660486476], [151.8716012224089, -32.81805711820135], [151.8713352592665, -32.81782928072198], [151.8710309030396, -32.81756123105748], [151.8709383569633, -32.81747158894632], [151.870854672957, -32.81740213762049], [151.8704606209599, -32.81706289429337], [151.8703595868953, -32.81697486187051], [151.8698902431464, -32.81657280637404], [151.8698614896448, -32.81654755700993], [151.8693870339637, -32.81612046570444], [151.8693201658966, -32.81605948123166], [151.8689283249155, -32.81569351291876], [151.8687503129718, -32.81552859759699], [151.8684761236177, -32.81526661730106], [151.8681805796359, -32.81498899822702], [151.8680283667308, -32.81483976025476], [151.867610872906, -32.81444784127962], [151.8675735826149, -32.81441283807578], [151.8671176002816, -32.81398590342872], [151.867041081548, -32.81391389178742], [151.8666743693949, -32.81355908257581], [151.8664715196377, -32.8133625909627], [151.8662368041478, -32.81313231149767], [151.8659020899677, -32.81280105907734], [151.8658096038135, -32.81270563281748], [151.86561426712, -32.81249497751884], [151.8653971940537, -32.81227908674833], [151.8653329809396, -32.81221522877752], [151.8649726638594, -32.81185242944872], [151.8647637129436, -32.81164248281016], [151.8645562865854, -32.81142584468432], [151.8641947191913, -32.81104837727668], [151.8641471708332, -32.81099932443914], [151.8637330956556, -32.81057275785861], [151.8636256693003, -32.81045964341268], [151.8633288048172, -32.81014627877261], [151.8630568317348, -32.80985463341779], [151.8629312306111, -32.80971986039629], [151.8625566184414, -32.80929364839955], [151.862488524415, -32.80920860331707], [151.8622766756577, -32.80894719895457], [151.8622071748937, -32.80886766402989], [151.8620903527918, -32.80871830845001], [151.8620216801847, -32.80861711675789], [151.8619213319945, -32.80847574085448], [151.8618979849008, -32.8084420446109], [151.8617880491438, -32.80821853571842], [151.8616755225144, -32.8080172129994], [151.8615769641227, -32.80759350866316], [151.8616703110781, -32.80717154816563], [151.8617926750193, -32.80696159850322], [151.8619076649437, -32.80675089565028], [151.8619480009759, -32.8063833154448], [151.861954016839, -32.80632850866056], [151.8620088867963, -32.80590619804912], [151.8620195766878, -32.80552920688149], [151.8620258746273, -32.80515194079493], [151.8620281826418, -32.80506075366418], [151.8619845649142, -32.80421473935405], [151.8619764781087, -32.80414878408294], [151.8618932049746, -32.80340231667168], [151.8618882772025, -32.80336824519145], [151.8618810035632, -32.80332933923137], [151.8617403494166, -32.80261504053743], [151.8617172155813, -32.80252107163932], [151.8616837681307, -32.80240528054043], [151.8615346539005, -32.80184657323036], [151.8614742986164, -32.80167324394569], [151.8613862847081, -32.80144336933068], [151.8612715576597, -32.80109854131638], [151.8611581467984, -32.80082474968577], [151.8609867312807, -32.80044291526781], [151.860955730599, -32.80036927782368], [151.8608737010454, -32.80021132565162], [151.8607587589784, -32.79997549781825], [151.8605315572648, -32.79955062084389], [151.8603104571764, -32.79917436002404], [151.8602820998688, -32.79912554089248], [151.8599061047605, -32.7985166615718], [151.8597580158364, -32.79827515080876], [151.8597457074563, -32.79825635561286], [151.8593342674433, -32.79757972744437], [151.8592224133267, -32.7974246531283], [151.8586132830884, -32.79665211649416], [151.8585848358354, -32.79661563598961], [151.8585500482347, -32.79657290686714], [151.8579634615215, -32.79584470786585], [151.8578615023167, -32.79572100940709], [151.8575071183631, -32.79529496705931], [151.8574908289023, -32.79527596620881], [151.8574780953583, -32.79526688620103], [151.8569061401869, -32.79491613499368], [151.856808997693, -32.7948657862197], [151.8563335700954, -32.79461376779057], [151.8561937581266, -32.7945405960777], [151.8559871606512, -32.79443547146656], [151.8557609304099, -32.79431713891256], [151.8551884447995, -32.79400896806249], [151.855181470573, -32.79400529891501], [151.854752645763, -32.79379901583053], [151.8541575899584, -32.79353062654479], [151.8540422734941, -32.79348674599635], [151.8534688920499, -32.79324917013793], [151.8531909433437, -32.79314146709197], [151.8528953732605, -32.79302243872479], [151.8523218975397, -32.7927925844856], [151.8521443510413, -32.79270906898853], [151.8517491432851, -32.79250691814917], [151.8513454341286, -32.79227893409359], [151.8511768337301, -32.79218686194577], [151.8506045029504, -32.79186877617593], [151.8505704911589, -32.79184901445797], [151.8500325126518, -32.79152464596342], [151.8498448056072, -32.79141954224303], [151.8494600866396, -32.79121460256721], [151.8490058767982, -32.7909890251504], [151.8488873568513, -32.79092844835577], [151.8483148728208, -32.79062351336876], [151.8481915643611, -32.79055872941109], [151.8478641449142, -32.79037601715493], [151.8473135364181, -32.79007533235387], [151.8471701527639, -32.78999551789587], [151.8470286432706, -32.78991381427807], [151.8468840610201, -32.78983182881376], [151.8466582327078, -32.78969899887881], [151.8465980139317, -32.78966476262082], [151.8464081570245, -32.78955450472642], [151.8461075879109, -32.78939208894678], [151.8460258252451, -32.78933819565958], [151.8459034217002, -32.78926923641779], [151.8454533690414, -32.78903274919139], [151.8451023304444, -32.78883904171227], [151.8448812247213, -32.78870348066278], [151.8444159765511, -32.78840990117237], [151.8443095186449, -32.78834051749249], [151.8440210412045, -32.78817973026815], [151.8437373461354, -32.78801405189688], [151.8436934064679, -32.78798042306516], [151.8434520220649, -32.78779202873523], [151.8434230109052, -32.78776652160417], [151.8431664320756, -32.78759065555766], [151.8431102097605, -32.78755222786361], [151.842881042193, -32.78737401968459], [151.8428363971315, -32.78733829359243], [151.8425958569514, -32.78714159890649], [151.8425750184695, -32.78712447364182], [151.8423262793427, -32.78691076997939], [151.8423108579913, -32.78689491396682], [151.8421048875459, -32.78669731917091], [151.8420261527497, -32.78662572754484], [151.8418432891747, -32.7864834951917], [151.8417408012289, -32.78640648972379], [151.8415317138184, -32.78626920990092], [151.8414550305905, -32.78621968892134], [151.8411888103677, -32.78605463200608], [151.8411691651976, -32.78604028655923], [151.8409349099589, -32.78584087887373], [151.8408841478067, -32.7857956389326], [151.8407017929953, -32.78562731562943], [151.840599390231, -32.78553108526609], [151.8404770133194, -32.78541383012873], [151.8403146474079, -32.7852654776546], [151.8402388801065, -32.78520022058916], [151.840029344856, -32.78504312293012], [151.8399547589081, -32.78498618466705], [151.8397440543903, -32.78481994624349], [151.8396851657205, -32.78477228369491], [151.8394589333593, -32.78458387729978], [151.8394312867114, -32.78455852677217], [151.8391743392747, -32.78430733187713], [151.8389940707384, -32.78413166533051], [151.8386053478292, -32.78373948284803], [151.8385868464164, -32.78371884988377], [151.8385673638242, -32.7837048998399], [151.8383065931812, -32.78348085602175], [151.8380601115197, -32.78326821442772], [151.8380353709872, -32.78324800143236], [151.8375390226976, -32.78284974116866], [151.8374649520292, -32.78279096619428], [151.8371501838044, -32.78253997530572], [151.8369978660677, -32.78242190914517], [151.8368944479588, -32.78234092929574], [151.8367251137449, -32.78220797059197], [151.8366092042346, -32.78211544298648], [151.8364604450395, -32.7819941085329], [151.8363240104582, -32.78188622964387], [151.8361861972003, -32.78177310843813], [151.836064572355, -32.78166384446996], [151.8359593004038, -32.78156664279436], [151.8357543032365, -32.78137589313269], [151.8357303742005, -32.78135310939444], [151.8355077212424, -32.78113963589971], [151.8354843838632, -32.78111757152442], [151.8353441624835, -32.78091948380325], [151.8352154950771, -32.78071410939367], [151.8351870803357, -32.78067542848339], [151.8350486706958, -32.78048066098239], [151.8349056989487, -32.78028841778325], [151.8347841589912, -32.78016494490191], [151.8346190112395, -32.7800405324947], [151.8343962558963, -32.77986086871158], [151.8340488229119, -32.77956872701469], [151.8338956580305, -32.77943340094197], [151.8334792645554, -32.77904909394044], [151.8334262835618, -32.77900622101316], [151.8331800629414, -32.77879617315347], [151.8329433178664, -32.778578912716], [151.8329095464403, -32.77854220663107], [151.832628788321, -32.77825752166495], [151.8325052325655, -32.77815202091887], [151.8323401839323, -32.77800858684049], [151.8322500034299, -32.77793823710834], [151.8320545236986, -32.77781690602438], [151.831793370656, -32.77772257461157], [151.8317677117691, -32.77771342389156], [151.8315400233795, -32.77763302110208], [151.8313864472647, -32.77757960947264], [151.8311940101337, -32.7775126083265], [151.8306203132961, -32.77731162491546], [151.830542641961, -32.77728809453492], [151.8300462739043, -32.77713699357599], [151.8294722469681, -32.77696163090093], [151.8291515261576, -32.77685228993988], [151.8288984399667, -32.77676958591155], [151.8285646489869, -32.77666983321558], [151.8281056784122, -32.77652013577801], [151.8277504458176, -32.77641515010771], [151.827501768063, -32.77635723336937], [151.8270205924193, -32.77625522870386], [151.8266011986354, -32.77615683979246], [151.8260263450178, -32.77604541872591], [151.8254551791015, -32.77597206889038], [151.8254509994337, -32.77597150995393], [151.8248757696205, -32.77588891523914], [151.8243004171734, -32.77581572998486], [151.8237248760227, -32.77575700567212], [151.8231493368017, -32.77569810748952], [151.8225734256451, -32.77566760018982], [151.8219971222838, -32.77566671224412], [151.8214207554654, -32.77567082139626], [151.8208444121542, -32.77567305821719], [151.8202681904241, -32.77566617302602], [151.8196917802334, -32.77567348391233], [151.8191397519835, -32.77569228917883], [151.818538856102, -32.77569612395843], [151.8180702070407, -32.77573086326078], [151.8177612621952, -32.77575721903543], [151.817385050314, -32.77578520517289], [151.8170975806077, -32.77573325411862], [151.8169029470296, -32.77568017993195], [151.8168104539922, -32.7756554058451], [151.8165235899778, -32.77555775916858], [151.8162779940972, -32.77546287354352], [151.8162368986103, -32.77544721135507], [151.815999297187, -32.77533652949455], [151.8156639267295, -32.77519508610135], [151.8153209534801, -32.77503101761897], [151.8150912306849, -32.77492239396599], [151.8145187699331, -32.77463240041584], [151.8144577497378, -32.77460004260138], [151.8139465321401, -32.77432570475651], [151.8136620057215, -32.77416969861781], [151.8133744791273, -32.77400538328243], [151.8129143729004, -32.77373980756636], [151.812802580157, -32.77367377160732], [151.8122307912972, -32.77333419092196], [151.8121893754274, -32.7733101267616], [151.8116591135381, -32.772986579497], [151.8114906966498, -32.77288069351408], [151.8110878387032, -32.77260917838663], [151.8108529438058, -32.77245183281042], [151.8105167708696, -32.77221640328486], [151.8102516852548, -32.77202331551916], [151.8099461174347, -32.77179286880983], [151.809684370368, -32.77159511990783], [151.8093756704078, -32.77135423914416], [151.8091250292778, -32.77116699359505], [151.8088050887417, -32.7709261340288], [151.8085711919205, -32.7707389171722], [151.8082353808869, -32.77043287695841], [151.8081382361536, -32.77034804426864], [151.8079695825688, -32.77021179888015], [151.8075882664955, -32.7698839505494], [151.8070967863179, -32.76938639081135], [151.8069032715221, -32.7692088252528], [151.8067116718838, -32.76902998723892], [151.8065225524375, -32.76882007926309], [151.806338009369, -32.76860695274667], [151.8061532886557, -32.7683939556992], [151.8059602596961, -32.7681868353958], [151.8059494389294, -32.76817710795183], [151.8056706198796, -32.76796370517565], [151.8053934694319, -32.76774900140043], [151.8053898912158, -32.76774567155462], [151.8049186128784, -32.76732166222331], [151.804820404828, -32.76723857325453], [151.8045420557117, -32.76705655453162], [151.8042487753561, -32.76689258786479], [151.8042484777152, -32.76689246155968], [151.8036760556033, -32.76662826166546], [151.8033922153473, -32.76653653060413], [151.8031020034753, -32.76646374368136], [151.8030538042237, -32.76645824302966], [151.8025267219803, -32.76639120079426], [151.8022544422029, -32.7663890460467], [151.8019822588626, -32.76640115980069], [151.8018999162095, -32.7664103093187], [151.8015416438107, -32.76644378666265], [151.8013733159546, -32.76645845776119], [151.801084988067, -32.76648861226738], [151.8007963478726, -32.76651198646442], [151.8005933757789, -32.76650918914464], [151.8002200005667, -32.76651919515808], [151.7999322015194, -32.76649461921397]], [[151.8118130991458, -32.78324254462154], [151.8118109680997, -32.78324094524925], [151.8115255933382, -32.78302992145467], [151.8115235061371, -32.78302839418353], [151.8112401756647, -32.78282240242555], [151.8112286770619, -32.78281419239852], [151.8109546938775, -32.78261962459504], [151.8109260733753, -32.78259991612242], [151.8106691060671, -32.78242473492628], [151.8106102101896, -32.78238551321471], [151.8103834572474, -32.78223487622995], [151.8102863509466, -32.78217103456421], [151.8100977703109, -32.7820476172601], [151.8099548163138, -32.78195648017993], [151.8098120145685, -32.78186596967106], [151.8096096500012, -32.78174179736192], [151.8095261720135, -32.78169075074476], [151.8092427344318, -32.78152690484836], [151.8092401980114, -32.78152548179645], [151.8089540192093, -32.78137566130545], [151.8088240502817, -32.78131152096029], [151.8086677012795, -32.78123635127452], [151.8083811955959, -32.78111119248427], [151.8083423926101, -32.78109553457489], [151.8080945475394, -32.78099677013961], [151.8078077896154, -32.78089081740137], [151.807772866781, -32.78087871200978], [151.8075209280405, -32.78079233165016], [151.8073300984913, -32.78073284464313], [151.8070923988304, -32.78066378055092], [151.8069468367109, -32.78062361918688], [151.8068441725165, -32.78059818625547], [151.8063982090791, -32.78048068111326], [151.8063724819041, -32.78047480137076], [151.8063531218885, -32.78047086314422], [151.8063167842116, -32.78046252547881], [151.8062366312757, -32.78044127139987], [151.8057981556901, -32.78032363736332], [151.8055111250758, -32.78023828449977], [151.8054589309917, -32.78022245419231], [151.8052242442349, -32.78014194502907], [151.8049374493281, -32.78003887290333], [151.8048514630613, -32.78000525463045], [151.8046510281141, -32.77990808285028], [151.8044466656403, -32.77978998879496], [151.8043652723412, -32.77972778411134], [151.8041784279472, -32.77957602348255], [151.8040804483697, -32.77947774991549], [151.8039693333184, -32.77936262435094], [151.8038024251497, -32.77914962677113], [151.8037970254782, -32.77912296155966], [151.8037658496994, -32.77893787374836], [151.8037882696548, -32.7787266841317], [151.8038036615964, -32.77862741600296], [151.8038197779654, -32.77851558228673], [151.80385272154, -32.77830449213764], [151.8038496921686, -32.77824444135479], [151.8038391361985, -32.77788155489242], [151.8038279999552, -32.77747166455993], [151.8038270452286, -32.77745863189074], [151.8038201416306, -32.7773955072629], [151.8038022432179, -32.77724699126236], [151.8037613009992, -32.77703519648605], [151.8037030402309, -32.77682323628483], [151.8036239610001, -32.77661107722679], [151.803548749838, -32.7763989550632], [151.8035454298897, -32.77639075077207], [151.80346088003, -32.77618671193454], [151.8033888416942, -32.77603381344539], [151.8033373136453, -32.7758953551147], [151.803274038237, -32.77576212140656], [151.8031053768897, -32.77533770232685], [151.8030586047552, -32.77522877354653], [151.8029876879756, -32.7750034813244], [151.8029571535902, -32.77491347832353], [151.8028479922084, -32.77470102929681], [151.8027240301789, -32.77448844070642], [151.8027068140767, -32.77446005246571], [151.8025859416631, -32.77427571894526], [151.8024253364339, -32.77406277780267], [151.8024240000436, -32.77406136110881], [151.8022844389521, -32.77390200560836], [151.8021437363825, -32.77374431578227], [151.80204198994, -32.77363630466562], [151.8019904418766, -32.77358578847696], [151.8019251466214, -32.77353195857381], [151.8018559114472, -32.77344866846596], [151.8016677185378, -32.77320991719972], [151.8015740842334, -32.77299761959631], [151.8015738170222, -32.77299697979424], [151.8014801015746, -32.77278531658658], [151.8013928504158, -32.77257307792331], [151.8013048525465, -32.77236083205293], [151.8012944131513, -32.77234463790893], [151.8011684957918, -32.77214812333659], [151.8010396979279, -32.77193548681959], [151.8010125367553, -32.77187732577215], [151.8009409757104, -32.77172313805033], [151.8008779828453, -32.77151113319985], [151.8008335114636, -32.77137440816313], [151.8008579968906, -32.77129953601963], [151.8010222260233, -32.77115475219091], [151.8013102052823, -32.77116667637165], [151.8014459631744, -32.77119362616952], [151.8015973172363, -32.77124366958907], [151.8017913397201, -32.7713084667821], [151.8018841911295, -32.77133829147135], [151.8019512268617, -32.77135938795061], [151.8021709716641, -32.77143975216751], [151.8024212816368, -32.77152589641804], [151.8024578018146, -32.7715377337633], [151.8027446100056, -32.77163757842277], [151.8030156014197, -32.77174297857192], [151.8030312614669, -32.7717488275016], [151.8033176342602, -32.77188112804885], [151.8034768307734, -32.7719587887803], [151.8036039049695, -32.77202112162433], [151.8037826060655, -32.77210713684815], [151.8040065472903, -32.77221484364196], [151.8041765466019, -32.77229381738175], [151.8043715589233, -32.77239013950043], [151.8044627907341, -32.77243599928295], [151.8047490619822, -32.77257622128133], [151.8047822092457, -32.77259321727001], [151.8049664707776, -32.77268751820844], [151.8052273445737, -32.7728211125023], [151.8052672682247, -32.77284150058512], [151.8052977970856, -32.77285672105813], [151.8053214384214, -32.77286929501383], [151.8053663462124, -32.77288871698869], [151.805729565232, -32.77306874525732], [151.8058942354197, -32.77313098616867], [151.8061362429106, -32.77325258395331], [151.8062825547858, -32.77332200154365], [151.8064668973379, -32.77340304849736], [151.8067684628318, -32.77356997656267], [151.8069716234614, -32.77368335073129], [151.8070389834102, -32.77371888504945], [151.8073250253026, -32.77387691387122], [151.8073636729929, -32.77389848993738], [151.807611110722, -32.77403157903694], [151.8077613691422, -32.77411367968352], [151.8078627153956, -32.77416564722836], [151.8081701907901, -32.7743338130735], [151.8081832874551, -32.77434104488367], [151.8084693600772, -32.77449724732134], [151.8085523316145, -32.77454401331801], [151.8087553818852, -32.77465698531307], [151.8089318337613, -32.77475902435782], [151.8090413514653, -32.77482089806728], [151.8093103643104, -32.77497402901645], [151.8093273462104, -32.77498300026099], [151.8096135807176, -32.77512717378238], [151.8097416251586, -32.77518952961327], [151.809899893468, -32.77526553856495], [151.8101764894155, -32.77540506695937], [151.8101861273135, -32.77540989996396], [151.8104723776488, -32.77555309194145], [151.8105514498117, -32.77559084050029], [151.8108328476917, -32.77572465003664], [151.8110449527311, -32.77583408800581], [151.8110489654471, -32.77583615927591], [151.811331202718, -32.77597751302142], [151.8114716414499, -32.77605157252259], [151.8116173628205, -32.7761275917133], [151.8118772341586, -32.77626682431224], [151.811903487732, -32.77628074608504], [151.8121896016581, -32.77643444535789], [151.8122769388824, -32.77648201897824], [151.812475711889, -32.7765886756381], [151.8126742391231, -32.7766971895955], [151.8127618099771, -32.77674389487589], [151.8130478937642, -32.77690026633809], [151.8130694554118, -32.77691233922405], [151.813333954211, -32.77705847098616], [151.8134557737892, -32.77712740334675], [151.8136199812878, -32.77721926744272], [151.813831860126, -32.77734237138674], [151.8138739598276, -32.7773664136061], [151.8139059392115, -32.77738535367968], [151.814191843315, -32.77755539960697], [151.8141932214236, -32.77755617734181], [151.8141948554401, -32.77755721039892], [151.8144777660061, -32.77772448123778], [151.8145583710156, -32.77777205529219], [151.8147637026638, -32.77789223610876], [151.8149228924319, -32.77798690866274], [151.8150496214125, -32.77806160118371], [151.8152835277749, -32.77820172523474], [151.8153355212802, -32.77823256151663], [151.8156214234648, -32.77840325239993], [151.8156436345683, -32.77841653378425], [151.8159073260688, -32.77857399342656], [151.8160028603847, -32.77863133498909], [151.8161932403752, -32.77874411162048], [151.8163660111893, -32.7788461702757], [151.8164791753945, -32.77891256955343], [151.8167319190921, -32.77906103156306], [151.8167651189081, -32.77908055696008], [151.8170510932962, -32.7792462927668], [151.8171039145476, -32.77927594928713], [151.8173371389898, -32.77940671960124], [151.8174915364677, -32.77949101344871], [151.8176232370288, -32.77956317748692], [151.8178986952505, -32.77970625981629], [151.8179094410823, -32.779711873351], [151.8181958607406, -32.77984415671159], [151.8183895186166, -32.77992229615825], [151.8184824938883, -32.7799605313707], [151.818769489782, -32.78004933524915], [151.8190570462534, -32.78009575340292], [151.8193457555897, -32.78005509304381], [151.8195217596426, -32.77993297214539], [151.8196368504993, -32.77983358401156], [151.8197622355957, -32.77972383308446], [151.8199277733208, -32.77962508927942], [151.8202169151292, -32.77955142990595], [151.8203182311944, -32.77951766753705], [151.8205063566021, -32.77945502621509], [151.8207957881541, -32.77935923807257], [151.8210228786525, -32.7793128977579], [151.8213736809048, -32.77924129464174], [151.8216619647242, -32.77919159100747], [151.8219512634395, -32.77914668749571], [151.8222394024748, -32.77911955638069], [151.8225282466705, -32.7790976665429], [151.8231047850534, -32.77908220934535], [151.8236808316643, -32.77910419963769], [151.8242565388184, -32.77915193457352], [151.824831837746, -32.77923081510698], [151.8254068064889, -32.77933494852914], [151.8254942019018, -32.77935490416627], [151.8259814667789, -32.77946262843261], [151.8265559211685, -32.77960612027823], [151.8268479598752, -32.77968290914555], [151.8273943577667, -32.77982947094978], [151.827704359157, -32.77992947815875], [151.8281923181667, -32.78009938408132], [151.8283706423676, -32.78015926911428], [151.8285617968918, -32.78022924770102], [151.8288517506659, -32.7803333062339], [151.8291386197311, -32.78043279393194], [151.8291772667357, -32.78044640780274], [151.829425384561, -32.78054024551528], [151.8296311323722, -32.78066205300371], [151.8297113194484, -32.78071118272209], [151.8299594110168, -32.78087652547771], [151.8299969942148, -32.78090205351918], [151.8302666856761, -32.78109079995988], [151.8305680393728, -32.78130736127804], [151.8308449849388, -32.78151900834251], [151.830992529223, -32.7816287064008], [151.831138604637, -32.78174973843142], [151.8313923903684, -32.78194692585311], [151.8317089448627, -32.78220976149834], [151.8318919076995, -32.78237439441017], [151.8322783491045, -32.78274189396967], [151.8323394369119, -32.78280137536291], [151.8325243840345, -32.7830126977538], [151.8327039860407, -32.7832275824091], [151.8327797965353, -32.78332698751245], [151.8328456424157, -32.7834361729445], [151.8329875555204, -32.78365303391416], [151.8331284088034, -32.78385098867039], [151.8331394312157, -32.78386585343588], [151.8333100117459, -32.78407884701386], [151.8334122507815, -32.7841835908597], [151.8335028765615, -32.7842584494116], [151.83365690654, -32.78438417862043], [151.8338094661149, -32.78450630747324], [151.8338655354722, -32.78455021962964], [151.8339826075619, -32.78464442336184], [151.8343568225044, -32.78493421080753], [151.8344888507852, -32.78503093395636], [151.834553284171, -32.7850811924996], [151.8349020636311, -32.78536209310482], [151.8349741096205, -32.78541820520496], [151.8351237656721, -32.78553334661399], [151.8354980736832, -32.78579044512838], [151.8356949842446, -32.78592936913054], [151.836097390876, -32.78621882607865], [151.8362659957791, -32.7863416875648], [151.8366756791619, -32.78664700739307], [151.8368368980196, -32.78676279037859], [151.8372349345348, -32.78707500938719], [151.8374075643011, -32.78720245303515], [151.8378193900628, -32.78750324326097], [151.8379784900776, -32.78762260255053], [151.8383572922161, -32.78793104266362], [151.8385487885712, -32.78809140197387], [151.8389025047148, -32.7883589070733], [151.8391196674115, -32.78851601210221], [151.8394960136029, -32.788787217194], [151.8396909606478, -32.78890908059691], [151.840118994009, -32.78921579798634], [151.8402619217452, -32.78932819513261], [151.8407225707274, -32.78964419512477], [151.8408331864557, -32.78972427218565], [151.8413169609095, -32.79007250490361], [151.8413736542406, -32.79011825756913], [151.8414041497354, -32.7901439865027], [151.8418170226058, -32.79049993959717], [151.8418626661185, -32.79054170915504], [151.841974065966, -32.79064494471675], [151.8422577661424, -32.79092682346482], [151.8425436302549, -32.79117351528191], [151.8428067620886, -32.79135470663192], [151.8431151903894, -32.79154841947422], [151.8435178824317, -32.79178408469909], [151.8436872770343, -32.79188310413554], [151.84424192984, -32.79221357784803], [151.8442592812819, -32.79222444437625], [151.8448308427226, -32.79260046226091], [151.8448924816573, -32.79264238922866], [151.84540233671, -32.7929819347068], [151.8455347264012, -32.79307112058422], [151.8459740135024, -32.79334963290535], [151.8462255741281, -32.79350029637266], [151.8465458972781, -32.79370175612303], [151.8467156018392, -32.79380219111874], [151.84691292659, -32.7939294364665], [151.847117765775, -32.79405541229494], [151.8476157044879, -32.79435871473129], [151.8476896929341, -32.79440478092772], [151.8482617959793, -32.79474085439455], [151.8483398016623, -32.79478818505902], [151.8485478262955, -32.79491079906836], [151.8487148648226, -32.79500303840825], [151.8488340759487, -32.79506362485398], [151.8491207304099, -32.79518528744171], [151.8492141169728, -32.79521903198292], [151.8494076647687, -32.79528509646047], [151.8495921074525, -32.79536588538178], [151.8499805833312, -32.79555885719668], [151.8501981090387, -32.79565087978443], [151.8505538322263, -32.79580712809104], [151.8511218536119, -32.7960821673351], [151.8511267109143, -32.79608452563366], [151.8516995159367, -32.79636793318599], [151.8519760754166, -32.7965128107524], [151.8522719599338, -32.79667963183306], [151.8526891606919, -32.79694215550296], [151.8528437340439, -32.7970438972531], [151.8533444937648, -32.79737096718674], [151.8534153846299, -32.79741815033447], [151.8537916461969, -32.79765875092482], [151.8539870173216, -32.79779407916271], [151.8539954752787, -32.79779973591178], [151.8542726974855, -32.7979928475774], [151.8542986083818, -32.79801391422296], [151.8545201485279, -32.79822734593785], [151.8545573706388, -32.79827024218173], [151.8547025051737, -32.7984358076103], [151.8548925644393, -32.79865356129028], [151.8549846244281, -32.79875924320447], [151.8551252980287, -32.79893614460724], [151.8552405524615, -32.79907955223371], [151.8555608635061, -32.79950528951582], [151.8556920210502, -32.79969652188356], [151.8558008557829, -32.79984903540191], [151.8558545675023, -32.79993078287674], [151.8561350788021, -32.80035615504994], [151.8561772878072, -32.80041667077501], [151.8562575773944, -32.80054893070309], [151.8564050895891, -32.80078143019529], [151.8566487517899, -32.80120646467043], [151.8568211909106, -32.80155395338318], [151.8568596900093, -32.80163119992426], [151.857043158932, -32.80205568358548], [151.8571930141334, -32.80247986118729], [151.8573078334417, -32.80290371835918], [151.8573762383963, -32.80322946385479], [151.8573979430028, -32.80332734943124], [151.8574539069765, -32.80375066934221], [151.8574666029472, -32.80417359440287], [151.8574438036642, -32.80459619552897], [151.8573793903611, -32.80501841587278], [151.8573519428159, -32.80512828453965], [151.8572750529063, -32.80544027276994], [151.8571451059977, -32.8057311589331], [151.8570893652242, -32.80586138798083], [151.8570530810575, -32.80595710781972], [151.8570101697137, -32.80607206955904], [151.8568034382395, -32.80628158665854], [151.8567603772619, -32.80630450452657], [151.8564701171756, -32.80646089908265], [151.8564187563585, -32.80648947718271], [151.8562299344558, -32.80669915687133], [151.8561953993456, -32.8069102458486], [151.8562606615715, -32.80712224750437], [151.8563875399946, -32.80733480995269], [151.85645778976, -32.80742367154164], [151.8565553996683, -32.80754774853716], [151.8567418119809, -32.8077545366836], [151.8567475171183, -32.80776090642229], [151.8569604807552, -32.80797425532865], [151.8570264598112, -32.80803687509427], [151.8571842300033, -32.80818770232872], [151.8573112963946, -32.80830460485561], [151.8574151810708, -32.80840121465974], [151.8575962402282, -32.80856408469134], [151.8576523955999, -32.80861478272874], [151.8578812702008, -32.80881695827748], [151.8578940887508, -32.80882839320446], [151.8581369219063, -32.80904201161616], [151.8581663274592, -32.80906763997911], [151.8583822413478, -32.80925565423814], [151.85845142734, -32.80931548172038], [151.8586309879386, -32.80946932563745], [151.858736562794, -32.80956029426198], [151.8588791108605, -32.8096829928507], [151.8590216713952, -32.80980751449749], [151.8591232643636, -32.80989662241655], [151.8593067254444, -32.81005912657264], [151.8593642689535, -32.81011022183304], [151.8595917282595, -32.8103148756154], [151.8596016105444, -32.81032378942109], [151.85983484118, -32.81053731712575], [151.8598766583945, -32.81057644315706], [151.8600621499179, -32.81075079248563], [151.8601614897952, -32.81084587409862], [151.8602849137776, -32.81096422407211], [151.8604462408223, -32.81112173482131], [151.8605032882932, -32.81117761730241], [151.8607203293078, -32.81139099603882], [151.8607309447902, -32.81140142091368], [151.8608525369124, -32.81151338723475], [151.8609431057457, -32.81160442758016], [151.8610157172814, -32.81167587464273], [151.8611599814185, -32.81181780505489], [151.8613003616516, -32.81196050947835], [151.8613699565278, -32.81203111939999], [151.8615749621415, -32.8122443882184], [151.8615848841397, -32.81225465834746], [151.8617809967913, -32.81245766605338], [151.8618693697197, -32.81255203228756], [151.8619818214053, -32.81267089619485], [151.8621537409872, -32.81285870825496], [151.8621774571558, -32.81288407885984], [151.8623743459116, -32.81309727261015], [151.8624380801957, -32.81316768134269], [151.8625737821737, -32.8133104892014], [151.8627225195291, -32.81346913327332], [151.8627749902333, -32.81352371959048], [151.8630070108993, -32.81376664809443], [151.8630808560073, -32.81383963954084], [151.8631809672912, -32.81395021771255], [151.86355594798, -32.81437643117022], [151.8635605316406, -32.81438204863468], [151.8635755182081, -32.81439946782456], [151.8639452003803, -32.81480277303575], [151.8640597695563, -32.81492931714035], [151.8641442445308, -32.81501551563599], [151.8643512618993, -32.81522926620585], [151.8644432921502, -32.8153303887039], [151.8647129292164, -32.81563582008016], [151.8647312217892, -32.81565552136823], [151.8650349501351, -32.81602436194305], [151.8650867444205, -32.81608155385362], [151.8652569943575, -32.81629449965249], [151.865280747931, -32.81632448802134], [151.8654357386899, -32.81650752419336], [151.8655312583969, -32.81662653817369], [151.8656637276458, -32.81678494575266], [151.865796700943, -32.81693360399277], [151.8658487934733, -32.81699598583361], [151.865972924694, -32.81714660693439], [151.866132500791, -32.81735709507791], [151.8661343548943, -32.81735947165089], [151.8662911380784, -32.81757229806374], [151.8664158447939, -32.81774680253415], [151.8664445948261, -32.81778509018329], [151.86659467786, -32.81799785355565], [151.8666989090744, -32.8181587325621], [151.8667351925058, -32.81821053212161], [151.8668587532587, -32.81842305307913], [151.8669784897347, -32.81863554129478], [151.8669809380442, -32.8186522352554], [151.8670136113212, -32.81884726358959], [151.8669778440589, -32.81889596154753], [151.8666885961117, -32.81897074397455], [151.8664006561236, -32.81894269497684], [151.8662346107701, -32.81890128206163], [151.8659585793705, -32.81885349386943], [151.8658252272892, -32.8188509554891], [151.8656805644839, -32.818834129908], [151.8654179913671, -32.81879684153154], [151.8652495696792, -32.81877693452384], [151.8650561927275, -32.81875696233982], [151.8648795634932, -32.81873710388675], [151.8646737455797, -32.81871645275214], [151.8644397940943, -32.81869178635185], [151.8643407977675, -32.81867784477754], [151.8640979293168, -32.8186550483901], [151.8636404825345, -32.81860528420452], [151.8635491575848, -32.81859453810586], [151.863522138814, -32.81859205848446], [151.8634803024031, -32.81858847454458], [151.8632133350708, -32.8185643305311], [151.8629461586399, -32.8185438382294], [151.8626578307351, -32.81854625909875], [151.8623692077141, -32.81857183232239], [151.8622797435005, -32.81859292435735], [151.8621092471606, -32.81863409760456], [151.8620365295301, -32.81865426436116], [151.8617905684463, -32.81873219294289], [151.8612114840085, -32.81892746952951], [151.8610930749163, -32.81896168738973], [151.8609396690869, -32.81900354819635], [151.8606328260108, -32.81908895964256], [151.8603438135202, -32.81914485721649], [151.8600551547295, -32.81917303543298], [151.8597669672578, -32.81916430716154], [151.8594792948804, -32.81911527554587], [151.8591924847229, -32.81899881327973], [151.859175354542, -32.8189874815767], [151.8589067705238, -32.81879687269975], [151.8588840975799, -32.81877342071903], [151.8587060887319, -32.81856039374179], [151.858622866171, -32.81845313832412], [151.8585570331372, -32.8183476305241], [151.8584280406668, -32.81813505208845], [151.8583405295906, -32.81798737232305], [151.8583118711138, -32.81793334785982], [151.8582998011502, -32.81790716672293], [151.8581892002834, -32.81771006346327], [151.8581132413353, -32.81758319520912], [151.858000288041, -32.81736928901381], [151.8579495509532, -32.81728506898821], [151.8579162311556, -32.8172324695546], [151.8577765650906, -32.81700076947806], [151.8577089974607, -32.81688538214104], [151.8576951849968, -32.81685993977646], [151.8576716080198, -32.8168203970065], [151.8574907633256, -32.8165422066092], [151.8574223368962, -32.81643464136363], [151.8572998020855, -32.81625521932654], [151.8572618770456, -32.81620282461188], [151.8572111007356, -32.81613227072705], [151.8571187428735, -32.81600906365514], [151.8569496474693, -32.81579611359552], [151.8569274548796, -32.81576968656003], [151.8567684680801, -32.81558305694455], [151.8566433277081, -32.81544485779585], [151.8565732406685, -32.81536986773807], [151.8563615270875, -32.81515653161205], [151.8563587689333, -32.81515387580697], [151.8561345867215, -32.81494305201778], [151.8560738888436, -32.81488811099024], [151.8559760421467, -32.81480275475207], [151.8558978924506, -32.81472948685553], [151.8557888442319, -32.81463549705506], [151.8556459644971, -32.81451578001804], [151.8555035660532, -32.81440104167638], [151.8553783384175, -32.81430192915252], [151.8552181607936, -32.81417661304425], [151.855102981881, -32.81408800702695], [151.8549326764572, -32.8139584598602], [151.8548167329333, -32.81387398466677], [151.8546470422726, -32.81375191039592], [151.8545162009329, -32.81365983097413], [151.854361343048, -32.81355089968901], [151.8542102400626, -32.81344562489124], [151.8540756046067, -32.81335286110186], [151.8538975852669, -32.81323136076833], [151.8537898174491, -32.81315871455882], [151.8535732673344, -32.81301698708893], [151.8535039351373, -32.81297207398785], [151.8532331576067, -32.81280246792903], [151.8532179574566, -32.81279304291689], [151.8530590175515, -32.81270683604157], [151.8529318231748, -32.81262610537709], [151.8528622256679, -32.81258766543851], [151.8526455797527, -32.81246792624421], [151.8524627707122, -32.81237260042087], [151.8523592253316, -32.81231846168117], [151.8520727043079, -32.81218184528439], [151.8520104487734, -32.81215704938006], [151.8517859144807, -32.81206638012856], [151.8514987726779, -32.81197824267798], [151.8512109857111, -32.81194019563407], [151.8509218535258, -32.8120068658688], [151.8507711347166, -32.81214567904061], [151.8506294901027, -32.81232448443109], [151.8506148253917, -32.81235564819849], [151.8504879503344, -32.81256588741309], [151.8503361465765, -32.81271786299817], [151.8502860434992, -32.81273889376934], [151.8497609979605, -32.81297509459455], [151.8497562473832, -32.81297747246339], [151.8497539697075, -32.81297863440494], [151.849744978623, -32.81298187141357], [151.8494606280188, -32.81308568338699], [151.8491769550068, -32.81318965824875], [151.8488892738543, -32.81326480633925], [151.8485985656324, -32.81333162189406], [151.8482117196251, -32.81339058251399], [151.8480208614204, -32.81342034983237], [151.8477325708108, -32.81345388391304], [151.8474435090776, -32.8134818303979], [151.8471552696927, -32.81349219400204], [151.8468667489207, -32.81349740864778], [151.8462903893158, -32.81348189067643], [151.8457144699011, -32.81343234755531], [151.8452323947886, -32.81336313642646], [151.8451389740844, -32.81335020498165], [151.8445638198966, -32.81324175292332], [151.8439890028975, -32.81310723631123], [151.8434145223641, -32.81294697774462], [151.8433370004666, -32.81292283106524], [151.842840236809, -32.81277179303834], [151.8422661878325, -32.81257863380768], [151.8420096418706, -32.81248775266249], [151.8417888308844, -32.81241452651528], [151.8416922572837, -32.81237649597381], [151.84126310491, -32.81221615628021], [151.8411185412515, -32.81215799044907], [151.8408609511165, -32.81205431470175], [151.8408317642975, -32.81204257616088], [151.8405451739721, -32.81191289478875], [151.8404306190962, -32.81183892576968], [151.8402595387751, -32.81170970821069], [151.8401539139103, -32.81162495874287], [151.8399742731383, -32.81147822405921], [151.8395886144398, -32.81119691268702], [151.8394604705525, -32.81111070732339], [151.8394031360164, -32.81106211013241], [151.8391961840019, -32.81088638669013], [151.8390939318546, -32.81080512265305], [151.8390494363307, -32.81076910634948], [151.8388327901474, -32.81058563560629], [151.8388080819119, -32.81056462449789], [151.838762482445, -32.81052899115792], [151.8385285897335, -32.81034146778626], [151.8384334965527, -32.8102770658432], [151.8383451177029, -32.81021646790072], [151.8382619796459, -32.81014528859788], [151.8379825791532, -32.80991359354454], [151.8379767891811, -32.80990876250587], [151.8377277007465, -32.80969982382794], [151.8376916300394, -32.80966999179321], [151.8375032099665, -32.80948633675479], [151.8373959577118, -32.80938372124865], [151.8371228608773, -32.80907379015184], [151.8371158780864, -32.80906513552566], [151.8371118182117, -32.80905989436411], [151.8367702103643, -32.80863391332309], [151.8366477707544, -32.80849504955887], [151.8365552915653, -32.80838609567519], [151.8363963924763, -32.808207632002], [151.8362907417963, -32.80809364977745], [151.8360306229916, -32.80779762619858], [151.8360155652259, -32.80778128442716], [151.8360083851423, -32.80777328605063], [151.8359870904977, -32.80774753481234], [151.8356254204458, -32.80735485005334], [151.8354185713838, -32.8071339591562], [151.8352071065223, -32.80692815143095], [151.8348486749891, -32.80662653603878], [151.8346963729923, -32.80650059029438], [151.8342783791302, -32.80615020288337], [151.8341913332561, -32.80607308211967], [151.8337348230676, -32.80564602300393], [151.8337087576765, -32.80562269824031], [151.8332438106365, -32.805218640742], [151.8331386203988, -32.80513517892678], [151.8326998323528, -32.80479076179904], [151.8325679486925, -32.80468902476713], [151.8321431816426, -32.8043627643263], [151.832069570506, -32.80430843220068], [151.8319972190927, -32.80424770853421], [151.8316140312924, -32.80393502005091], [151.8314267489491, -32.8037870161441], [151.8311778393848, -32.80360031390228], [151.8310260989916, -32.80350672478511], [151.8308552404242, -32.8034060668391], [151.8306784317808, -32.8032920746416], [151.8305693650361, -32.80322501474916], [151.8303222518952, -32.80307734402464], [151.8302833449339, -32.80305505509028], [151.8300855701033, -32.80294455073096], [151.8298067573816, -32.80279119017797], [151.8297109328186, -32.80274378963617], [151.8295400167436, -32.80264722712468], [151.8292656458598, -32.80245771177869], [151.8291395217032, -32.80235652338581], [151.8289492128356, -32.80221889542753], [151.8288540145536, -32.80214786751634], [151.8286713060946, -32.80200489171006], [151.8285686979256, -32.80192478780975], [151.828401776678, -32.80179096627694], [151.8282831898396, -32.8017164552499], [151.8280703791193, -32.80157646123541], [151.827997463866, -32.80152478228911], [151.8277848472923, -32.80136238521732], [151.8277363201297, -32.80132601108988], [151.8276193734858, -32.80122323187692], [151.8274270300933, -32.8010642097197], [151.8272518504264, -32.80093458680443], [151.8268558846031, -32.80065826711706], [151.8266396111381, -32.80050604362589], [151.8262846473843, -32.80025965529973], [151.8261523978618, -32.80017646925421], [151.8259998596792, -32.80007724005293], [151.8257130618582, -32.79988796794294], [151.8253276939487, -32.79964812868099], [151.8251413231776, -32.79952828502445], [151.8246896966564, -32.79921933448009], [151.8245699860155, -32.79913839772661], [151.8240567052577, -32.79879058409159], [151.8239986117403, -32.79875175245252], [151.8237155327378, -32.79857391508386], [151.8234271481167, -32.79837222017721], [151.8234116494784, -32.79836171743915], [151.8228554904481, -32.79800787068467], [151.8227374494107, -32.79793257351884], [151.8222838244288, -32.79764450850308], [151.822056718536, -32.79750336434699], [151.821712005388, -32.79729292076513], [151.8214680907661, -32.79713700248641], [151.8214082282113, -32.79710098274893], [151.8213686306736, -32.79707408228563], [151.8211403299323, -32.79693097345375], [151.8209952905479, -32.79685916414724], [151.8208538398594, -32.79679959544501], [151.8205667854759, -32.79671084181672], [151.8203648432302, -32.79664182315793], [151.8201653505241, -32.79657641146605], [151.8199930471396, -32.79650569341464], [151.81971006698, -32.7963606889648], [151.8194310314512, -32.79621021556676], [151.8194205836404, -32.79620419709801], [151.8188483407769, -32.79588630696611], [151.8186508198389, -32.79578005035575], [151.8182759997393, -32.79557614799035], [151.8179326681578, -32.79535046619515], [151.8177046028321, -32.79519513095175], [151.8172722142368, -32.79492142289632], [151.8171329737108, -32.79483184205509], [151.8166355140564, -32.79449260063933], [151.816561735455, -32.79443939798415], [151.8160872117738, -32.7940646109771], [151.8160252953744, -32.79401363347722], [151.8159914481691, -32.79397566845114], [151.8157008765152, -32.79363815074618], [151.8156367517594, -32.79355825349006], [151.8154246328609, -32.79325044398837], [151.8153970023053, -32.79321246934671], [151.8151076511244, -32.79278692487799], [151.8148593724111, -32.79240868894448], [151.814827238185, -32.79236146421431], [151.8145437668701, -32.79193597386245], [151.8142985352306, -32.79151084517974], [151.8142949595881, -32.79150402873142], [151.8140724166493, -32.79108589702633], [151.8138665729924, -32.79066113999261], [151.8137339921076, -32.79034053342752], [151.813690110172, -32.79023666168598], [151.8135303621073, -32.78981234097506], [151.8134003571885, -32.78938830187769], [151.8133027798953, -32.78896457040486], [151.813238732975, -32.78854115558761], [151.8132088641773, -32.78811806508861], [151.813207485024, -32.787695245039], [151.8132519088686, -32.78727285849101], [151.8133208188508, -32.7868507039056], [151.8133382767911, -32.78680183383466], [151.8134259129604, -32.78650864243195], [151.813452226726, -32.78642914185366], [151.813473321903, -32.78633305849513], [151.8135292761199, -32.78602628439268], [151.8135385498471, -32.7860071525381], [151.8137939205975, -32.78582622803799], [151.8138318852625, -32.78579852720969], [151.8139570375232, -32.78558830861419], [151.8139499027211, -32.78537683621613], [151.8138604888973, -32.78516458559398], [151.8138038099202, -32.78508118590548], [151.8137432189533, -32.78499733492839], [151.8137165403623, -32.78495181839321], [151.8135387179378, -32.78473873014457], [151.8135204205207, -32.78471982697863], [151.8133322641232, -32.78452537137019], [151.813236035347, -32.78443362524467], [151.8131082529972, -32.78431184489023], [151.8129513471462, -32.78417037452459], [151.8128714649276, -32.78409819691393], [151.8126664816278, -32.7839205951006], [151.8126246248498, -32.7838844532032], [151.812381448456, -32.78368355124832], [151.812365597286, -32.78367059345027], [151.8120962654833, -32.78345789100075], [151.8120946463358, -32.78345662008547], [151.8118130991458, -32.78324254462154]]]}}, {"type": "Feature", "properties": {"base": "HMAS Albatross", "anef_band": "30-35", "anef_min": 30}, "geometry": {"type": "Polygon", "coordinates": [[[150.5356235194254, -34.95451310807289], [150.5355666495511, -34.95444241315738], [150.5353668405012, -34.95417749594162], [150.5353186043665, -34.95411495893495], [150.5350027697696, -34.95408141892324], [150.5346873227232, -34.95403496303749], [150.5343726686724, -34.95396204968949], [150.5341425326768, -34.95389177237593], [150.5340590121478, -34.95385585862772], [150.5337468231553, -34.95370075091239], [150.5336041160485, -34.95361997370395], [150.5334368083572, -34.95347312809537], [150.5331764660937, -34.95335042315423], [150.5331247550198, -34.95331357296732], [150.5330823451932, -34.95334851048312], [150.5328005886515, -34.9535580655791], [150.5327578395912, -34.95360277646057], [150.532497550554, -34.95385834635391], [150.532473787212, -34.95389037782843], [150.5323541050996, -34.95411629040393], [150.5322884793308, -34.954375816744], [150.5322052422753, -34.95463498550129], [150.5321325263384, -34.95470470635672], [150.5318397682772, -34.95488841494603], [150.531842714099, -34.95491594516039], [150.5319103754105, -34.95515071138527], [150.5321145211318, -34.95530503243123], [150.5322103520429, -34.95541766998548], [150.5323135627883, -34.95568062902026], [150.5324138435836, -34.95588927488609], [150.5324457422604, -34.95594417634823], [150.5327125509992, -34.9562104600364], [150.5327208706447, -34.95621670673592], [150.5330333922547, -34.95636097285825], [150.5333533332354, -34.95625779031315], [150.533505404091, -34.95622657216654], [150.5336720817842, -34.95619437289099], [150.5339903030367, -34.95614851295187], [150.534308096161, -34.95611694909263], [150.5346252809894, -34.95610566916355], [150.5349418237356, -34.95611581388329], [150.5352618164767, -34.95601080126431], [150.5352751805525, -34.95600165942341], [150.5355850264068, -34.9557983425384], [150.5356613206499, -34.95574863858508], [150.5359059134352, -34.95566339219141], [150.5362255622068, -34.9555697658991], [150.5364755485874, -34.9555043044947], [150.5365451361994, -34.95547861106706], [150.5367481761382, -34.95541456271451], [150.5368666720785, -34.9553218944074], [150.5369743117965, -34.95525356537922], [150.5368701195608, -34.95520672927142], [150.5365572454491, -34.95507414435406], [150.5362945679354, -34.95497891019596], [150.5362440482993, -34.95495238231325], [150.535932256099, -34.95478373281401], [150.5357983810169, -34.95470797857911], [150.5356235194254, -34.95451310807289]], [[150.532821271431, -34.95543008815781], [150.5327476009497, -34.95532527470743], [150.5326459404581, -34.95516566462442], [150.5327002359302, -34.95490590731981], [150.5327624623974, -34.9548296415802], [150.5329341315532, -34.95464980117993], [150.5330885693623, -34.95452059845923], [150.5334035640414, -34.95458217740082], [150.5336814107015, -34.95466498611148], [150.5337177457731, -34.95467089589312], [150.5340330561585, -34.95472197680158], [150.5343484017992, -34.95477190528385], [150.5346638440012, -34.95481861426134], [150.5349795327976, -34.95485709941931], [150.5352952909045, -34.95489328647602], [150.5353944680487, -34.95496063866307], [150.5356072413335, -34.95505662346795], [150.5359194158518, -34.9552125113899], [150.5359372560192, -34.95521770226947], [150.5359631325155, -34.95523304413069], [150.5359181932519, -34.95525333759207], [150.535597163571, -34.95539310639811], [150.5353259883958, -34.95548096943361], [150.5352770028605, -34.95550382697127], [150.534959708017, -34.95551885299074], [150.5346430276709, -34.95551337210566], [150.5343259056031, -34.95552263931478], [150.5340085336303, -34.95554022813832], [150.5336909343406, -34.95556541758231], [150.5333731894781, -34.95559543694918], [150.5330554814745, -34.95562423025729], [150.532821271431, -34.95543008815781]]]}}, {"type": "Feature", "properties": {"base": "HMAS Albatross", "anef_band": "30-35", "anef_min": 30}, "geometry": {"type": "Polygon", "coordinates": [[[150.5553135608827, -34.93456613416515], [150.5554049222966, -34.9344245440933], [150.5555265813547, -34.93423786635196], [150.5556017271123, -34.93412765989643], [150.5557076163966, -34.9339608831695], [150.5558532811469, -34.93372271855776], [150.5558866381836, -34.93366977533691], [150.5560164296452, -34.93346513874337], [150.5561792437528, -34.9332075529403], [150.5562189657804, -34.93314524832647], [150.5563452859407, -34.93295003284385], [150.5565029909205, -34.93269234372491], [150.5565515666965, -34.93261131996894], [150.5566568486802, -34.93243457496465], [150.5567956657679, -34.93217650733419], [150.556887910752, -34.93195114327767], [150.556901102583, -34.93191776592198], [150.5569144880764, -34.93165717238304], [150.5568974079698, -34.93163099759226], [150.5565836173713, -34.93153106555371], [150.5562659460047, -34.93156202735952], [150.5559786796209, -34.93163834057111], [150.5559466874627, -34.93164642378406], [150.5556266492518, -34.93175702685875], [150.555339370903, -34.93188633399291], [150.5553056263603, -34.93190085396122], [150.5548530236359, -34.93213740221688], [150.5547641794576, -34.93217689835745], [150.5547057655124, -34.93220472357649], [150.5546622856898, -34.93223192406884], [150.5545667527966, -34.93228632747463], [150.554231870434, -34.93247111394146], [150.554018054827, -34.93259279222195], [150.5539327173669, -34.9326405939218], [150.5536962430529, -34.9327629326757], [150.5534440658201, -34.93289161185385], [150.5533746578488, -34.93292536170316], [150.5530537751063, -34.93306418800705], [150.5527594340926, -34.93313867705558], [150.5527346456474, -34.93314393915034], [150.5524148945456, -34.93324454539481], [150.5520951542566, -34.93334480269533], [150.5519918746127, -34.93338406742856], [150.5517750844164, -34.93345615993388], [150.5514541089991, -34.93359790465666], [150.5513868486886, -34.93363273155518], [150.5511324622689, -34.93376218716827], [150.5509254546204, -34.93388428768463], [150.550810032182, -34.93395272491546], [150.550507799399, -34.93413672534012], [150.5504874233791, -34.93414930147912], [150.5501657721881, -34.93439068838416], [150.5501634213765, -34.93439257545032], [150.5498397496361, -34.9346247656552], [150.5498022493655, -34.93464421565693], [150.5495199692558, -34.93472608789108], [150.5491991277613, -34.93486299687743], [150.5491635124291, -34.93489218605544], [150.5488756966392, -34.93508694974815], [150.5487897109455, -34.93514550269077], [150.5485513950574, -34.93534000105137], [150.5484762497337, -34.9354000374077], [150.5482302852719, -34.93548582710019], [150.5479112207017, -34.93556297525981], [150.5478338645735, -34.93564792690444], [150.547630714241, -34.93590468607493], [150.5475823017224, -34.935970898074], [150.5474072425188, -34.93616103538506], [150.5472529428405, -34.9363935366448], [150.5472315952853, -34.93641834836302], [150.5470108206501, -34.93667475036005], [150.5469247577684, -34.93677661746352], [150.5467413332286, -34.93693016867854], [150.5465983845851, -34.93709882425719], [150.5464692005547, -34.93718553190848], [150.546276237595, -34.93727910744462], [150.5459606315982, -34.93723987943667], [150.5459401089419, -34.93717483926139], [150.5459673905747, -34.93701309928883], [150.5459947909336, -34.93691508252931], [150.546076433078, -34.9366558696421], [150.5460806510389, -34.93657347524777], [150.5459825242526, -34.93650531825278], [150.5456650279464, -34.93652961294731], [150.5454028141986, -34.93664225368786], [150.5453443044677, -34.93666213630866], [150.5450231407851, -34.9368094302514], [150.5449504183147, -34.93683470340164], [150.5448643830623, -34.93689223047033], [150.544758036566, -34.93693572968255], [150.5447017961995, -34.93696271220955], [150.5443804081149, -34.93711745321531], [150.5443175826535, -34.93714203452288], [150.5440601890973, -34.93723291915251], [150.5437406742511, -34.93732477060718], [150.5434473973767, -34.93738529267011], [150.5434219640878, -34.93738964815753], [150.5431037777071, -34.93743693595638], [150.5427859803933, -34.9374711550675], [150.5424674935722, -34.93752848768855], [150.5421989759232, -34.93762088955344], [150.5421473511536, -34.93764126820855], [150.5418284395447, -34.93771279370378], [150.5415115018241, -34.93771820452474], [150.5411975293332, -34.93762430905804], [150.5411576794947, -34.93759980655057], [150.5408844355999, -34.93750101519475], [150.5405684790943, -34.93747358398826], [150.5402527149712, -34.93743974139318], [150.5399379749773, -34.93737161040536], [150.5397665313286, -34.93731076470203], [150.53962483215, -34.93725006274286], [150.5393133622213, -34.93707256344749], [150.5392579474903, -34.93703959794226], [150.5390046922791, -34.93680142279169], [150.5389715510124, -34.93677293183396], [150.5386929963134, -34.93663158666982], [150.5383781646058, -34.93656668594622], [150.5382120042442, -34.93675753421496], [150.5383655968244, -34.93698706899909], [150.5383883807984, -34.93702197158666], [150.5386737905508, -34.93727408251141], [150.5386945851318, -34.93728903958532], [150.5389824559111, -34.93754539009956], [150.538993119613, -34.93755595237479], [150.5391950617411, -34.93782090682214], [150.5392863762714, -34.93797553932546], [150.539344033107, -34.93808478843584], [150.5394174293717, -34.93834713633458], [150.539474336069, -34.9386091520077], [150.539576947019, -34.93885251012227], [150.5395949944609, -34.93887245757486], [150.5397979062036, -34.93913743072989], [150.5398087196567, -34.93939851226668], [150.5397047686432, -34.93965726631541], [150.5395506888484, -34.93973117026559], [150.5392317592823, -34.93980295302845], [150.5391908520221, -34.93990771375235], [150.5391717862932, -34.94016818869181], [150.5391052815779, -34.94042770110195], [150.5390289584992, -34.94068701642772], [150.5389532837753, -34.9409463433409], [150.5388778831211, -34.94120567673485], [150.5388725597418, -34.94122181493799], [150.5387839997909, -34.94146463439665], [150.5386793074963, -34.94172337382946], [150.5385617906305, -34.9419818521564], [150.5385312946968, -34.94204039944572], [150.5384084804816, -34.94223960513563], [150.538271701586, -34.94249769357975], [150.5381961028843, -34.94265566334565], [150.5381377726272, -34.9427558386401], [150.5380294301742, -34.94301450337196], [150.538042863615, -34.943275636463], [150.5381747260715, -34.9433704815761], [150.538488516274, -34.9434710676245], [150.5385627100469, -34.94354703865963], [150.5385615759102, -34.9438078768618], [150.5384743666381, -34.94394426134886], [150.5383779368086, -34.94406501427039], [150.5381491243661, -34.94422654253759], [150.5379633750686, -34.94431746914768], [150.5378282869257, -34.94436147918248], [150.537509824984, -34.94441697554288], [150.53719510567, -34.94434736613192], [150.5368743796324, -34.94447851608345], [150.5367518773326, -34.94455375639149], [150.5365525696445, -34.94464585258009], [150.5362581359173, -34.94480459872898], [150.5362306495061, -34.94481682306269], [150.5359085818909, -34.94499268061708], [150.5358034928723, -34.9450562325772], [150.535622722412, -34.94531342424483], [150.535580753563, -34.94536090211045], [150.5352703976521, -34.94556713262295], [150.5352575257057, -34.9455753811925], [150.5349336355789, -34.94581192284375], [150.53492236442, -34.9458209273123], [150.5346099105933, -34.94604289334319], [150.5345653735852, -34.94607453903922], [150.5342864569786, -34.94626472840321], [150.5341712898985, -34.94632739652303], [150.5339648746364, -34.94642406717657], [150.5336445687832, -34.94654074399182], [150.5335324258613, -34.94657527936079], [150.5333250355934, -34.94663161864202], [150.5330040687159, -34.94677030395076], [150.5328017996039, -34.94682129444595], [150.5326850650559, -34.94684347178202], [150.5323671634274, -34.9468798527497], [150.5322761796882, -34.9468853900388], [150.5320496885198, -34.94690199365232], [150.5317328692496, -34.94690226644377], [150.5314167285029, -34.94687989641466], [150.5311008322408, -34.94684940240467], [150.5307854869814, -34.94680057005638], [150.5306852452367, -34.94677826241355], [150.5304710098966, -34.94672279491095], [150.5301573299099, -34.94661845645874], [150.5300680601138, -34.94657931843057], [150.5298440444617, -34.94650103862659], [150.5298419883409, -34.94650024697336], [150.5295308386876, -34.94638095647855], [150.5292135445825, -34.94639714118767], [150.5288994649089, -34.94630621310938], [150.5286626636107, -34.94647624578317], [150.5285760161183, -34.94652736420403], [150.5282583320301, -34.94655651286593], [150.5279420317519, -34.94653953970862], [150.5277587931743, -34.94656854230806], [150.5276236957617, -34.94659038384083], [150.5273060240908, -34.94661906229771], [150.5269887741711, -34.94663373721534], [150.5266718404539, -34.94663782635013], [150.5263549585, -34.94664027304987], [150.5260373387868, -34.94666722521765], [150.5260207533522, -34.9466697023804], [150.5259758571077, -34.9466823825548], [150.5257181322723, -34.94674691723742], [150.5254112338038, -34.94693173501315], [150.5253947457414, -34.94696570149131], [150.5253083201635, -34.94719049741371], [150.5253802423667, -34.94744809243565], [150.5253818285737, -34.94745285598555], [150.5253800556461, -34.94745430280335], [150.5250606267126, -34.94754126888114], [150.5247412575829, -34.94762626465609], [150.5245271058652, -34.94769629070328], [150.5247316217879, -34.94794666566065], [150.5247444237432, -34.94796158186909], [150.525043268824, -34.94811851090111], [150.5251888231551, -34.94823150213506], [150.5250752153398, -34.94849004629725], [150.5251274420514, -34.9487519711036], [150.5253357094664, -34.94892921153598], [150.5254993048092, -34.94902041154415], [150.5256476820283, -34.94909035257314], [150.5259618509208, -34.94917855190045], [150.5262771131999, -34.94923035724906], [150.5265926549499, -34.94927283736155], [150.5268576174386, -34.94930895104864], [150.526908132741, -34.94931753776336], [150.5272230259375, -34.94938164713716], [150.5275358107524, -34.94951599483579], [150.5278516971324, -34.94954708330221], [150.5280482116116, -34.94959406040891], [150.528165964623, -34.94963212170103], [150.5283664351271, -34.94986140000515], [150.5284075343959, -34.94991714817127], [150.5284722649415, -34.94998244071536], [150.5287896889361, -34.94996241581555], [150.5291035760079, -34.95006021182587], [150.5292943802871, -34.95003681276654], [150.5294219904517, -34.95000718020071], [150.5297407164039, -34.94994379764756], [150.5299872182723, -34.94989438802276], [150.5300594073969, -34.94988152419734], [150.5303200091794, -34.94985419303362], [150.5303773659567, -34.94984368363475], [150.5306945425532, -34.94983187607767], [150.531010734369, -34.94985287215962], [150.5313258684016, -34.94990915828367], [150.531370354899, -34.94992252206572], [150.5316382985675, -34.95005563055139], [150.5317230059169, -34.95011923750621], [150.5318225077289, -34.95019257629059], [150.5319464387846, -34.95034516990415], [150.5320210283105, -34.95045747297382], [150.5321074856519, -34.95072009099522], [150.5321307726085, -34.95098142490599], [150.5321285171417, -34.95107432025947], [150.5321244470033, -34.95124215706318], [150.532114142205, -34.95140622627491], [150.5321139420906, -34.95150280374281], [150.5320878705832, -34.95176313445421], [150.5321049943713, -34.95202434304281], [150.5321190335825, -34.95210005134192], [150.5322060323501, -34.95225369839619], [150.5322405307398, -34.95228795882849], [150.5325178932819, -34.95241946804248], [150.5328339270892, -34.95244610594858], [150.5331512320635, -34.95243034683796], [150.533444214293, -34.95231242192216], [150.5334718499475, -34.95230405486097], [150.5337925904701, -34.95217364850947], [150.534111751482, -34.95209590021085], [150.5342954782446, -34.95206885478973], [150.5344298784812, -34.95205266491104], [150.5347473440989, -34.95203148152018], [150.5350645349652, -34.95201947131528], [150.5353810922593, -34.95202861875561], [150.5356977307561, -34.95203505262509], [150.5360145481251, -34.95203551244867], [150.5360891908621, -34.95204361804628], [150.5363307202775, -34.95205753022435], [150.5366514182355, -34.95192835895051], [150.5368224242118, -34.95185929370234], [150.5369719407606, -34.95180501555592], [150.5372911612623, -34.95172514963019], [150.5376098428244, -34.95166327485441], [150.537891355384, -34.95162011736545], [150.5379281127651, -34.95161514572953], [150.5382459123422, -34.9515827236645], [150.5385633418704, -34.95156266863461], [150.5388845836763, -34.95141513991462], [150.5390643308391, -34.95138304068558], [150.5392029298423, -34.95136440003228], [150.5395197101257, -34.9513660265917], [150.5398356121704, -34.95139704264585], [150.5398442233004, -34.95139884813733], [150.5401497799238, -34.9514860680078], [150.540462857139, -34.95161162593388], [150.5405897174375, -34.95167481449573], [150.5407747555067, -34.9517766542067], [150.5410912479346, -34.9517879731531], [150.541406716673, -34.95183356064956], [150.5417207895184, -34.95192587935929], [150.5417958065968, -34.95196010460415], [150.5419458047446, -34.95203602921299], [150.5420332260925, -34.95207301513796], [150.5423456796035, -34.95221962157677], [150.542372849492, -34.95223264927284], [150.5426577939695, -34.95237764319552], [150.5429733795787, -34.95241942499842], [150.5432915675232, -34.95237402835693], [150.5436089455048, -34.95235577567439], [150.5439251480701, -34.95237692226215], [150.5442394997101, -34.95246005882939], [150.544555007436, -34.95250451279708], [150.5447215316015, -34.95254103668441], [150.5448373864447, -34.95257013529618], [150.5448696920184, -34.95257652893514], [150.5451871850835, -34.95255445747426], [150.5455032851711, -34.95257906310798], [150.5458185528643, -34.95263156684302], [150.5461334854806, -34.95269536217853], [150.5464483550489, -34.95276124888505], [150.5467658022378, -34.95274073045931], [150.5470818534989, -34.9527669980651], [150.5471537524722, -34.95259020545484], [150.5472538414408, -34.95233136629258], [150.5473607712403, -34.9520726652359], [150.547423456433, -34.95193599384686], [150.5477307989709, -34.95181927883186], [150.5477438878354, -34.95181515655059], [150.548061469811, -34.95178996359238], [150.5483821917221, -34.95165940624287], [150.5487002420679, -34.95161842370584], [150.5490174859406, -34.95160459050521], [150.5493345254866, -34.9515975755412], [150.5494032432151, -34.95159219029784], [150.5496522282633, -34.95156824465477], [150.549969592461, -34.95155036053751], [150.5501648149209, -34.95160756156815], [150.550283757066, -34.95163987750743], [150.5505207927723, -34.95161474484871], [150.5506016226467, -34.95160515442905], [150.5509197839253, -34.95156044656443], [150.5512381400554, -34.95150917955505], [150.5515564795661, -34.95145841812467], [150.5518748585152, -34.95140635901078], [150.5520231220839, -34.95138418677874], [150.5521931427712, -34.95135751123047], [150.552511212936, -34.95131580975834], [150.5528293427257, -34.95127205263543], [150.5531474877997, -34.9512278518979], [150.5534656353871, -34.9511835154097], [150.5535146238005, -34.95117343630949], [150.5538084666807, -34.95110492151218], [150.5541035025925, -34.95104191657214], [150.5543655125396, -34.95101723608883], [150.5547401452076, -34.95094142065568], [150.5548509114951, -34.95091945252392], [150.5550590653281, -34.95087101840039], [150.5553785497159, -34.95078164318966], [150.5556751409742, -34.9506751888415], [150.5556988121525, -34.95066600841261], [150.5560200523473, -34.95051737841692], [150.556232018183, -34.95042553815017], [150.5563410978755, -34.95037534681001], [150.5566633165615, -34.95019372203353], [150.5566948930677, -34.95017399275213], [150.5569302171252, -34.94991786650473], [150.5568197918843, -34.94965478201669], [150.5566817805886, -34.94957178622002], [150.5563878673344, -34.94938522646129], [150.5563742948815, -34.94937900105583], [150.5563651257892, -34.9493754454644], [150.5560579557809, -34.9492409836372], [150.5558694174405, -34.94916715261883], [150.5555548257896, -34.94905243241413], [150.5554312821704, -34.94900634459583], [150.5553501402869, -34.94897763397262], [150.5549347619076, -34.94883424465462], [150.5548040602835, -34.94879020156446], [150.5541762763742, -34.94859316543608], [150.5537516418635, -34.94846507044059], [150.5535481856411, -34.94840651484731], [150.5532339262637, -34.94832042545659], [150.5530889277242, -34.9482753305208], [150.5529200405228, -34.9482217514834], [150.5526841637562, -34.94813798389373], [150.5523175367417, -34.94798895218253], [150.5522935326997, -34.9479821115761], [150.5519807017238, -34.94784805795467], [150.5517107793393, -34.9477258215465], [150.5516680434248, -34.94770827457336], [150.5513550550664, -34.94757966218737], [150.5510414829582, -34.94747066202933], [150.5509696942086, -34.94745001224521], [150.5507273773018, -34.94737962024533], [150.550409083614, -34.94742928242778], [150.5500939087734, -34.94737423217464], [150.5497791342839, -34.94730566740236], [150.5494640424661, -34.94724786026836], [150.5491488374242, -34.94719383081457], [150.5489649389683, -34.94714869243182], [150.5488345019679, -34.9471105755992], [150.5485508577608, -34.94687946973704], [150.5485252883819, -34.94685545542836], [150.5482132056369, -34.94669663963788], [150.5481003371476, -34.94660951024719], [150.5479043432694, -34.94642980563435], [150.547875648316, -34.94634411019331], [150.5478285709592, -34.946082297582], [150.5477848660233, -34.94582055306802], [150.5477453499561, -34.9455588931454], [150.54771510994, -34.94529742082631], [150.5477016414322, -34.9450362870129], [150.5477051737372, -34.94477549659149], [150.5477128257287, -34.94451478887765], [150.5477905987636, -34.94425549798649], [150.5479660234141, -34.94399817979797], [150.5479769296344, -34.94399312499223], [150.5480386227104, -34.94399964603991], [150.5482926852641, -34.94402823105588], [150.5483598242729, -34.94400613262275], [150.5485348130301, -34.94374880425505], [150.5486211824062, -34.94363552303281], [150.5487373293137, -34.94349203089536], [150.548852799536, -34.94323350079765], [150.5489543350928, -34.94297468825818], [150.5489579729034, -34.94296408566521], [150.5490438877797, -34.94271563469965], [150.5491190712615, -34.94245628999545], [150.54918480115, -34.94219675488995], [150.5492459496094, -34.94193712725217], [150.5493086870071, -34.9416775316389], [150.5493135207621, -34.94166243388332], [150.5494029809337, -34.94141857341754], [150.5495428601608, -34.9411605341632], [150.5496493044247, -34.9410243716784], [150.5497413218256, -34.94090367799123], [150.5499768499876, -34.94066291154445], [150.5499933811748, -34.94064790153595], [150.5502955279911, -34.94039313709902], [150.5503018393554, -34.94038734154776], [150.5506213418681, -34.94013884832526], [150.5506261211372, -34.94013540016215], [150.5509501719158, -34.93989123793847], [150.5509592430095, -34.93988480144418], [150.5512741756218, -34.93964855259048], [150.5512996745869, -34.93963080658511], [150.5515974627158, -34.93942989971856], [150.5516729345122, -34.93937747071834], [150.5519203346582, -34.93922511040347], [150.5520920668625, -34.93912505949663], [150.5522425044511, -34.93904392497956], [150.5523734734758, -34.93897605868449], [150.552379130699, -34.93886998546174], [150.5525491160184, -34.93861254876418], [150.5525725589689, -34.93859748166238], [150.5528186348355, -34.93835711993881], [150.5528988583569, -34.93827721933854], [150.5530959054253, -34.93810184470703], [150.5532247360891, -34.93797101844564], [150.5533062719098, -34.93784522161741], [150.5533958552559, -34.93758616437577], [150.5535588620852, -34.93738721045622], [150.5536162926658, -34.93732974460443], [150.5538612964981, -34.93707381832701], [150.5538857304873, -34.93704749630615], [150.5540808072234, -34.93681737698063], [150.5541356906796, -34.93675633983952], [150.5542142320551, -34.93665266602221], [150.5542904426065, -34.93656073727556], [150.5544857380081, -34.9363038093432], [150.5545442436672, -34.93620696223104], [150.5546492513264, -34.93604623900632], [150.5547811687641, -34.93578803312442], [150.554880714271, -34.93554357544241], [150.5548873054704, -34.93552930890928], [150.5549960053673, -34.93527063420834], [150.5550870329796, -34.93501160453633], [150.5551938752675, -34.93475289419126], [150.5552223276104, -34.93470673461803], [150.5553135608827, -34.93456613416515]], [[150.5487679197597, -34.93723196096028], [150.548813812868, -34.93716582201699], [150.5489315805194, -34.93697440275787], [150.5490476858855, -34.93671588337395], [150.5491498907669, -34.93651727350334], [150.5494192659055, -34.93646252129622], [150.5494684256223, -34.9364580960771], [150.5497574928428, -34.93620848595634], [150.5497938003169, -34.93616900422973], [150.5500295212012, -34.93595311192649], [150.5501189764035, -34.93588646919881], [150.5503159056292, -34.93569802786988], [150.5504439306247, -34.93561139706247], [150.5507649005777, -34.93547012284711], [150.5508058994374, -34.93544705126897], [150.5510882679038, -34.9352482811849], [150.5511548769712, -34.93519322668112], [150.55141328501, -34.93497085811987], [150.5514495155667, -34.93493830625937], [150.5517369595678, -34.9347385164329], [150.5519321856561, -34.93468717722226], [150.5520563068828, -34.93465163753575], [150.5522344099867, -34.93469327016476], [150.5523701151534, -34.93475112996589], [150.5525181957403, -34.93495985215236], [150.5526749985104, -34.93515098821774], [150.5527559911429, -34.93522550757348], [150.5529868927019, -34.93531498146046], [150.5532985913109, -34.93548555860895], [150.5533157848558, -34.93549765235645], [150.5533785512418, -34.93575977859433], [150.5532849394357, -34.93594501003599], [150.5532502815197, -34.93601805636325], [150.5529901966461, -34.93627367852878], [150.5529575267677, -34.93630315407307], [150.5526964597116, -34.93652861983213], [150.5526319689099, -34.93659875499128], [150.5524778997368, -34.9367850767789], [150.5523908337518, -34.93704418506474], [150.5523422740645, -34.93730406852501], [150.5524655735038, -34.93756741540187], [150.5522816377277, -34.93772758732689], [150.5519629016796, -34.93779346510615], [150.5516463642801, -34.93781176137782], [150.5516455732928, -34.93781202803802], [150.5514084044084, -34.93806782501304], [150.5513179314399, -34.93817733538748], [150.5509970747471, -34.93831442666192], [150.5509783194642, -34.93832001405042], [150.5506762397837, -34.93845071146154], [150.5504117284376, -34.93856944556558], [150.5503544743232, -34.93861831661945], [150.5501529514117, -34.93882508758134], [150.5502656372103, -34.93908822238592], [150.5500165185027, -34.93934405792731], [150.5500160837287, -34.93934449595747], [150.5498028771394, -34.9396006098583], [150.5496887056597, -34.9397005224763], [150.5494740027882, -34.9398548336801], [150.5493654929487, -34.93991647387963], [150.5490461599849, -34.94000200301764], [150.5487294603378, -34.93999914709059], [150.5484111357107, -34.94005078255321], [150.5483590373843, -34.94009318800306], [150.5480867981096, -34.94030434773799], [150.5480386711505, -34.94034758056739], [150.5478079897657, -34.94060378264925], [150.5477584128513, -34.94069377610737], [150.547686009608, -34.94086218185049], [150.5476186676761, -34.94112168305469], [150.5476017904738, -34.94138220454244], [150.5476239388105, -34.94164351330335], [150.5476547829827, -34.94190499819479], [150.5476523128089, -34.9421658101686], [150.5476087645382, -34.94242579239466], [150.5474202503774, -34.9426828467416], [150.54738049309, -34.94274570072355], [150.5472818847743, -34.94294091288288], [150.5470548909309, -34.94304124672277], [150.5467367012095, -34.94308794547555], [150.5465606085382, -34.94318720174488], [150.5464136044968, -34.9432993078309], [150.546304020341, -34.94344287756354], [150.5460959338644, -34.94369953411484], [150.5460846059051, -34.94370857856956], [150.5457865792738, -34.94395414222572], [150.5457596229139, -34.94398304902774], [150.5455255053703, -34.94420972608589], [150.5454338215642, -34.94428489038], [150.5453567240369, -34.94446717537465], [150.5454234112924, -34.94463400865186], [150.5454675498784, -34.94473027816076], [150.5454978995107, -34.94479620915689], [150.5454178902581, -34.94481915928981], [150.5450984184349, -34.94490858843557], [150.5447800340343, -34.94496157795163], [150.5446217072472, -34.94497403599041], [150.544462438071, -34.94498808410179], [150.544145556028, -34.94499069563511], [150.5438297200681, -34.94495820916615], [150.5438295148469, -34.94495818137779], [150.5438285554869, -34.94495799230424], [150.5435145116809, -34.94490472262265], [150.5431993116031, -34.94485099239176], [150.5428830822096, -34.94483173939528], [150.5425639674041, -34.9449091227487], [150.542530375859, -34.94493172184588], [150.5422410068122, -34.94511530870813], [150.5421466074826, -34.94518481449262], [150.5419173887714, -34.94534345615574], [150.541789593537, -34.9454384475909], [150.5415933498239, -34.94558563587992], [150.5414617271971, -34.94569266959337], [150.5412688247305, -34.94584403627158], [150.5411475763732, -34.94594716869597], [150.5409436739141, -34.94612330191239], [150.5408545990631, -34.94620209582371], [150.5406176427628, -34.94643195542102], [150.5405944350414, -34.94645768718709], [150.5403825225019, -34.94671425502366], [150.5402878640399, -34.94686591971663], [150.5402254646465, -34.94697193439492], [150.5401729538886, -34.94723173150771], [150.5402314044073, -34.94749377698378], [150.5402672268045, -34.94755648684759], [150.5404156885922, -34.94775837199876], [150.5405744118982, -34.94787874547171], [150.5408824981712, -34.94802868981935], [150.54088671687, -34.94802971384217], [150.5412019804887, -34.94808168427721], [150.5415178597432, -34.9481130586405], [150.5418346753054, -34.94811308195864], [150.542152468568, -34.94808037651728], [150.542248145693, -34.94805634484834], [150.5424723907515, -34.94797636354821], [150.5427889537311, -34.94798486266046], [150.5431057974564, -34.94798393973275], [150.5434229735754, -34.9479718607023], [150.5435910855721, -34.94796081253395], [150.5437403871681, -34.94795184220635], [150.5440583325817, -34.94791401672956], [150.5443768889309, -34.94785566499849], [150.5444275340259, -34.94783958524476], [150.5446975460042, -34.94772691920895], [150.5450111696599, -34.94783390365268], [150.5451334821277, -34.94785386228358], [150.5453263518059, -34.94788869992385], [150.5455125040904, -34.94786152589921], [150.5456447278013, -34.9478363864722], [150.545967465153, -34.94763776355143], [150.5460007484097, -34.94761053450361], [150.5462910696506, -34.94741004102201], [150.5463758869643, -34.94735725543416], [150.5465081395422, -34.94727447299312], [150.5466131778243, -34.9472324172803], [150.5469317406767, -34.94710762668262], [150.5469337347191, -34.94710683779698], [150.5472505515563, -34.94710669315356], [150.547486616364, -34.94705098203525], [150.5475693815677, -34.94703904388274], [150.5475907061502, -34.94710183983761], [150.5475945435262, -34.94712101746018], [150.5476802467211, -34.94738361036627], [150.5477626385601, -34.94764613620094], [150.5478495384934, -34.94790875329124], [150.547859547827, -34.94793341522649], [150.5481741398877, -34.94800808418216], [150.5484902213154, -34.94803281042641], [150.5487593398816, -34.94818798834916], [150.5488017924242, -34.94820890863616], [150.549116956224, -34.94826448431695], [150.5494328010957, -34.94829716018012], [150.549748727322, -34.94832707214226], [150.5500638273991, -34.94838482772741], [150.5503373885856, -34.94848070253852], [150.55037726739, -34.9484982948909], [150.5506898964887, -34.94863912090244], [150.550772772051, -34.94875034894574], [150.5508497831451, -34.94901276446041], [150.5509906261805, -34.94917984163737], [150.5511252221919, -34.94927918270753], [150.5512213201874, -34.94954198309392], [150.5509761688388, -34.9496656933519], [150.5508262307884, -34.94979487476013], [150.5507004591132, -34.95005319916635], [150.5506459830796, -34.95011468195844], [150.5503245532002, -34.95026934632961], [150.550154100656, -34.95030303648036], [150.5500373997116, -34.95032651264745], [150.5500060593937, -34.95032542489975], [150.5496884886701, -34.95035040526386], [150.5493716979305, -34.95034926701391], [150.5490554033503, -34.95033142932897], [150.548738368516, -34.95033840992136], [150.5484201170163, -34.95038631331659], [150.5481008510285, -34.95046817557301], [150.5477839668744, -34.95047012182442], [150.5476915175129, -34.95051417769344], [150.5474621166136, -34.95063875247229], [150.5473905148633, -34.95076895843533], [150.5472853663014, -34.95102769559008], [150.54720663701, -34.95128696630314], [150.5471217024719, -34.95143009333293], [150.5468060459335, -34.95139075546416], [150.5464887086512, -34.95140776334904], [150.5461722612715, -34.95139496303932], [150.5458551341776, -34.95140491945699], [150.5455374979376, -34.95143198555888], [150.5452195156782, -34.95147062538638], [150.54490291566, -34.95146290316956], [150.5445869903735, -34.95143261007468], [150.5442706269105, -34.95141696919455], [150.5439541603982, -34.95140482645076], [150.5436371520086, -34.9514108017558], [150.5433194478896, -34.95144010238829], [150.5431568983286, -34.95146593607325], [150.5430004654625, -34.95151221191804], [150.5428097448264, -34.95145890980098], [150.5426858641276, -34.95143760245452], [150.5423721150277, -34.9513344349549], [150.5420580125759, -34.95124314530761], [150.5417883432549, -34.95117736981064], [150.5417432663221, -34.95117343239093], [150.5414272252932, -34.95114707808364], [150.5411111353449, -34.95112237894608], [150.5407945282392, -34.95111498310695], [150.5404803203348, -34.95102731245947], [150.5401671378149, -34.95090535960742], [150.5400997474294, -34.95088230400182], [150.5401697778535, -34.9508170238127], [150.5404919993372, -34.95063652701157], [150.5405112399749, -34.95062978042347], [150.5408120947287, -34.95052712315334], [150.5411269620388, -34.95059267361688], [150.541443341909, -34.95060760026382], [150.5417605350432, -34.9505953153112], [150.5420785140304, -34.95055671567945], [150.5423975160683, -34.95048384802186], [150.5426952915791, -34.95041314795225], [150.5427175586033, -34.95037613452871], [150.5428644850949, -34.95015571135673], [150.5427278343548, -34.95003198118502], [150.5424161123116, -34.9498857741508], [150.5424153803001, -34.94988561951487], [150.5421032644362, -34.94972799165521], [150.5418471503856, -34.94961339351505], [150.5417903432956, -34.94959736465381], [150.5414752322005, -34.94954008158425], [150.5411590968555, -34.9495171072889], [150.5408428831305, -34.94949675266395], [150.5405263737122, -34.94948629883805], [150.5402086644322, -34.94951598379521], [150.5399224547756, -34.94957440592094], [150.5398897811576, -34.94958495722022], [150.5395687562926, -34.94972552804325], [150.5393524908895, -34.94982371568977], [150.5392475817831, -34.94987108273631], [150.5389257568161, -34.95003834609236], [150.5388383421104, -34.95007415414972], [150.5386039191053, -34.95020599191236], [150.5382863831229, -34.95022977690138], [150.5381910229585, -34.9502437174325], [150.5379685091079, -34.95026486369511], [150.5376567302972, -34.9503110538945], [150.5376502701819, -34.95031213340962], [150.5373313327291, -34.95038273775253], [150.5370121642972, -34.9504610424072], [150.5367039433286, -34.95055258544261], [150.5366924991037, -34.9505559239102], [150.5365207943313, -34.95054886898646], [150.5363760636288, -34.95054289298776], [150.5360628659021, -34.95042172036869], [150.535867582857, -34.95027475100244], [150.5357536403138, -34.9501679271192], [150.5354409117834, -34.95003116817509], [150.5353308215969, -34.95000299372964], [150.5351302282537, -34.94982615890723], [150.5351053592055, -34.94973755540883], [150.5349926526238, -34.94947440613009], [150.5348271865189, -34.94936608838555], [150.5345151651231, -34.94920587745213], [150.5345105001865, -34.9492037543132], [150.5342012796693, -34.94910791438247], [150.5338860596722, -34.94905453522057], [150.5335708509085, -34.94900077521135], [150.5332555863913, -34.94894890018946], [150.5329866167334, -34.94891193560863], [150.5329400113822, -34.94890739738275], [150.5326251475243, -34.94884219493684], [150.5323094520935, -34.94880473435808], [150.5319936004443, -34.94877249374116], [150.5316777132794, -34.94874144645394], [150.5313607615526, -34.94874587964057], [150.5310451051035, -34.94870715452447], [150.5307291040883, -34.94867994490619], [150.5304130027031, -34.94865606803273], [150.5300965127662, -34.94864512550157], [150.529778965556, -34.94866945303107], [150.529460245314, -34.94873281298504], [150.5291413393642, -34.94880238324589], [150.5288244241495, -34.94880559496676], [150.5285081079486, -34.94878887923687], [150.5281936923659, -34.94870888472684], [150.5278781528758, -34.94866632885049], [150.5275617678234, -34.94865195189914], [150.5272468382459, -34.94858909554489], [150.5269312671312, -34.94854764626763], [150.5267775038436, -34.94852473825688], [150.5266157223017, -34.94850527364179], [150.5262991255236, -34.94849799249977], [150.5259857522218, -34.94838343830332], [150.5259041895724, -34.94824608326394], [150.5259919598241, -34.94817692773887], [150.5261256485143, -34.94798973607084], [150.5261471025093, -34.94772931311121], [150.5260122365537, -34.9475023596973], [150.5259805385193, -34.94746505862349], [150.5260154323792, -34.94739603864195], [150.5263367705884, -34.94724545453602], [150.5266525619323, -34.94727937836939], [150.5269693946962, -34.94727873157512], [150.5272861458761, -34.94728074096093], [150.5276030246043, -34.94727854569135], [150.5279198281694, -34.94727881317118], [150.5282361352637, -34.94729565361871], [150.5285538663589, -34.94726503540124], [150.5286339477382, -34.94725824258222], [150.5288719158021, -34.94722382683074], [150.5289702246844, -34.94726508768474], [150.5291853258467, -34.94733717503362], [150.5295008394249, -34.947380431591], [150.5298141959968, -34.94749561158267], [150.5300196669249, -34.94754730427803], [150.5301288679209, -34.94756694838429], [150.5304446353302, -34.94760183362831], [150.5307609814419, -34.94761741896161], [150.5310770700777, -34.94764159257528], [150.5313938878367, -34.94764144342457], [150.5317096301172, -34.94767719746653], [150.5320258041215, -34.94769854362778], [150.5323424367, -34.94770460092531], [150.5326590539513, -34.94771117192823], [150.532976078255, -34.94770415501694], [150.5332931873338, -34.94769431873607], [150.5336098853644, -34.94769819788678], [150.5339267452805, -34.94769668615618], [150.534243367641, -34.94770308395664], [150.5345605705766, -34.94769012288288], [150.5348392454056, -34.94764526568372], [150.5348790732932, -34.94763374656071], [150.5352002407138, -34.9474883797439], [150.5353360856549, -34.94739449246578], [150.5355242972533, -34.94724649124913], [150.5356445595338, -34.94713989374463], [150.5358493537616, -34.94697113212209], [150.5359726324434, -34.94688569210462], [150.5361728836494, -34.94674669645656], [150.5363581800066, -34.94663265549644], [150.5364953844098, -34.9465565912887], [150.5368166983628, -34.94640609221966], [150.5368529362369, -34.94638183388298], [150.5371403237245, -34.94617830551596], [150.5374579195137, -34.94615199807873], [150.5375739134515, -34.94613559830395], [150.537776184117, -34.94610332692167], [150.53809480322, -34.94604279422123], [150.5384145768818, -34.9459436349099], [150.5385141437969, -34.9458938041646], [150.5387361603613, -34.94578392736173], [150.5389634396319, -34.94564205170144], [150.5390590375989, -34.94558091027244], [150.5393673304131, -34.94538937749934], [150.5393818468758, -34.94538010799386], [150.5397040732319, -34.94513534089612], [150.5397060140245, -34.94513381741194], [150.540008657905, -34.94488065170339], [150.5400309768149, -34.94486085301918], [150.5402865113969, -34.94462542012093], [150.540356739191, -34.94456103551465], [150.5405572203953, -34.94437004262818], [150.5406830228429, -34.94424370977606], [150.5408120183481, -34.94411434269369], [150.5410097175095, -34.94391252856553], [150.5410658194935, -34.94385862248771], [150.5412332779415, -34.94360115262282], [150.5412576376755, -34.94334078407451], [150.5411898249815, -34.94307854983066], [150.5411058170544, -34.94281598655749], [150.5410485149581, -34.94261369243657], [150.5410302605015, -34.94255359538988], [150.5409861772788, -34.94229184064284], [150.5409519358382, -34.94203028570814], [150.5408917270297, -34.94176820530356], [150.5407610825066, -34.94163077331012], [150.540445102399, -34.94160360518276], [150.5401256854939, -34.94169148507285], [150.5399005125297, -34.94174812476695], [150.5398061739595, -34.941782488819], [150.5397571229842, -34.94174521923691], [150.5397897977432, -34.94150532515488], [150.5398003936252, -34.9414852342083], [150.5398157179679, -34.94146311948759], [150.5399369989566, -34.94122714133988], [150.5400917165448, -34.94096941426926], [150.5401509240012, -34.94084681005813], [150.5402243578005, -34.94071124070604], [150.540476839513, -34.94054128937881], [150.5405843986281, -34.94045767303737], [150.5408025692606, -34.94024192569924], [150.5408372310742, -34.9402019328403], [150.5410282021894, -34.93994493922145], [150.5411339240392, -34.93975412797323], [150.5411640805522, -34.93968682856905], [150.5411931292491, -34.9394265563227], [150.5411484813677, -34.93926669661306], [150.5411168792791, -34.93916414961984], [150.5408627790977, -34.93889814182546], [150.5408431478959, -34.93888338679352], [150.5405333915969, -34.93864821989627], [150.5405073433548, -34.93863008182399], [150.5402206579467, -34.9385127912559], [150.5400048303524, -34.93835903901214], [150.5399118786975, -34.93824502995506], [150.5398154536691, -34.93809434144714], [150.5396096561003, -34.93782930886806], [150.5396077856595, -34.9378205279437], [150.5394854564686, -34.93756593055565], [150.5396162162262, -34.93753839373659], [150.5396659753903, -34.93756958862843], [150.5399279542004, -34.93770700146223], [150.5401644528486, -34.93784054999793], [150.5402397628038, -34.93787329820395], [150.5405506147597, -34.93807165308937], [150.5405889072978, -34.93811001098214], [150.5408203436084, -34.93837555928104], [150.5408572883082, -34.93840995613255], [150.5411327472269, -34.93864274889177], [150.5411661303726, -34.93867572913439], [150.541476929148, -34.93887604002003], [150.5417244816402, -34.93891559163313], [150.5417922407212, -34.93892524381528], [150.5418377210664, -34.93891788432006], [150.5421110929324, -34.93885586874535], [150.5424311772312, -34.93874519888533], [150.5425757967138, -34.93867196443443], [150.5427530622813, -34.93857416352148], [150.5430028369453, -34.9384197442028], [150.5430759988733, -34.9383678649944], [150.5433083555262, -34.93816506562803], [150.5434003670719, -34.93811350989483], [150.5437208314215, -34.9379899267044], [150.5439182881834, -34.93791654346023], [150.5440415638549, -34.93785734432174], [150.5443594580051, -34.93781991467017], [150.544418097502, -34.93792665182519], [150.5443534165839, -34.93802248022359], [150.5442794948535, -34.93818471136694], [150.5441581238664, -34.93844311727935], [150.5440453315072, -34.93870169756229], [150.5440148245884, -34.93875376450427], [150.5438318007898, -34.93895823987458], [150.5436846421852, -34.9392029781651], [150.5436781344156, -34.93921599289183], [150.5436837207442, -34.93923386361416], [150.5439952813673, -34.93940891582128], [150.5443109882623, -34.93944502151447], [150.5446272335732, -34.93946304322299], [150.5449430017277, -34.93949711252111], [150.5449858149892, -34.93950330404289], [150.5452585734663, -34.93953773878576], [150.5455748445612, -34.93955495749356], [150.5458924385164, -34.93952778144131], [150.5459096920221, -34.93952198140255], [150.5462126217762, -34.9394137002808], [150.5464580604428, -34.93927220117547], [150.5465349627129, -34.93922722387697], [150.5468075747626, -34.93901840170645], [150.5468591389509, -34.93897906101273], [150.547156419059, -34.93876458863076], [150.547182815605, -34.93874764180077], [150.5474941740503, -34.93851054851899], [150.5475069662732, -34.9385002070029], [150.547799781216, -34.93825586012468], [150.5478319308387, -34.93822539832769], [150.5480503824697, -34.93800005812659], [150.548158355021, -34.93790149958227], [150.5483330907962, -34.93774490487147], [150.5484845264888, -34.93758600048136], [150.5485684043882, -34.93748879401892], [150.5487679197597, -34.93723196096028]]]}}, {"type": "Feature", "properties": {"base": "RAAF Base Richmond", "anef_band": "25-30", "anef_min": 25}, "geometry": {"type": "Polygon", "coordinates": [[[150.7631514610622, -33.59468619394761], [150.7630829535064, -33.59466522704234], [150.76282502711, -33.59457682440097], [150.7626519521988, -33.59451429505839], [150.7623507717966, -33.59441663654109], [150.7622289361276, -33.59437701047369], [150.7619310243213, -33.59427197036631], [150.7617402583217, -33.59420541244253], [150.7616331194151, -33.59416669229425], [150.7613352428081, -33.59406034800777], [150.7610373453396, -33.59395479344271], [150.7610200381948, -33.59394810441768], [150.7606634218137, -33.59381162648684], [150.7604417674773, -33.59373546756012], [150.7602737343159, -33.59367569228526], [150.7601439433646, -33.59362716357106], [150.7598462031918, -33.59351573550256], [150.759764658609, -33.59348382021346], [150.759352958509, -33.59332850713878], [150.7592508339716, -33.59328858285721], [150.7591859654431, -33.59326251739195], [150.7590783642052, -33.59322373792632], [150.7588650817185, -33.59314700331384], [150.7586552972027, -33.59306802799988], [150.7583575758566, -33.59295593187186], [150.758161531296, -33.59288266724826], [150.758059854309, -33.59284387435172], [150.757762021731, -33.59273622798452], [150.7574640410534, -33.59263433133741], [150.7574079399168, -33.59261741938104], [150.7570813166499, -33.59252128457649], [150.7568675827578, -33.59244962760891], [150.7562711699908, -33.59226345075888], [150.755674147922, -33.59210070889055], [150.7555994169031, -33.59208144297571], [150.7550769509076, -33.59194489856208], [150.7549891969024, -33.59192251487019], [150.7546198257447, -33.59182754607814], [150.7544798264723, -33.59178637490317], [150.7542861356475, -33.59173100448379], [150.7541053238309, -33.5916794608405], [150.7538830108856, -33.59161602730295], [150.7536307574426, -33.59154253206577], [150.7534231392586, -33.59148107362778], [150.7532862706206, -33.59144277779977], [150.7526892407514, -33.59128087809717], [150.7525556249494, -33.59124503538043], [150.7521646979345, -33.59113472851794], [150.752092303621, -33.5911155851009], [150.7520380518372, -33.59110182576313], [150.7516779203568, -33.59100387793778], [150.7514952575658, -33.5909544876399], [150.7508978461443, -33.59080745985823], [150.7503816442339, -33.59069437255931], [150.7503000480764, -33.5906754927189], [150.7500009661098, -33.59061662594166], [150.7497018650396, -33.59055841901498], [150.7494028067517, -33.59049867334386], [150.7491964132568, -33.59045557242223], [150.749103820815, -33.59043597708455], [150.7488442990062, -33.59038270768273], [150.7487527625705, -33.59035973618376], [150.7485059130737, -33.59030853515367], [150.7483071559635, -33.59027055547313], [150.7480769954311, -33.59021642355924], [150.7479078933203, -33.59018538125991], [150.7477656233041, -33.59016536207594], [150.7474187428813, -33.59010408586914], [150.747309138093, -33.59009057941318], [150.7472107269868, -33.59008137557963], [150.7469627378028, -33.59005705291143], [150.7467095663742, -33.59002713007585], [150.7464094170247, -33.59000948332078], [150.746109031283, -33.59000083639518], [150.7458083260282, -33.59000456301827], [150.7455073179894, -33.59001992392336], [150.7452059978135, -33.59004718272116], [150.7449043383907, -33.5900874666238], [150.7447133896958, -33.59012232147603], [150.7446021689882, -33.59014732884521], [150.7442991432738, -33.59024015242318], [150.7440205339451, -33.59036126932482], [150.7440053016788, -33.59036947478699], [150.7439720447059, -33.59039784757334], [150.7436879107269, -33.5906245534531], [150.7435945897811, -33.59070392660545], [150.7434475043164, -33.59085398445137], [150.7432652350117, -33.5911734475058], [150.7431449338557, -33.59135163137034], [150.7430617714787, -33.59158088307828], [150.743052710768, -33.5916015323374], [150.7430232751547, -33.59185257905625], [150.7430529474593, -33.59191955171877], [150.7431487688402, -33.59210645302113], [150.7433441855947, -33.59227956110623], [150.7434496043766, -33.59236352624559], [150.7436395068119, -33.59248282456929], [150.743895369848, -33.59262324321105], [150.7439358968129, -33.59264519774107], [150.7442325097078, -33.5927989635836], [150.7443927571748, -33.59288389912579], [150.7445286480934, -33.59297099308486], [150.7447988372212, -33.59314288912535], [150.7448241471868, -33.59316771317104], [150.7450698261479, -33.5933994147976], [150.7450740526941, -33.59347115657776], [150.7451730622687, -33.59375209982652], [150.7451921911583, -33.59390481374157], [150.7451070722176, -33.594031052937], [150.7449593446687, -33.59417055656336], [150.7447925324476, -33.59438194652], [150.7447779786687, -33.59440042891332], [150.7447914478453, -33.59442360175341], [150.7448818351318, -33.59465390666242], [150.7450823333338, -33.59479774019746], [150.7452003620095, -33.59491129895132], [150.7453776334381, -33.59500238486186], [150.7456350304121, -33.59517080714055], [150.7456734395627, -33.59518755073117], [150.7459704527485, -33.59532638429415], [150.7461572790176, -33.59543191001482], [150.7462671495776, -33.59547750388349], [150.7465641623734, -33.59561642811206], [150.7467064147819, -33.59569350112671], [150.7468610838196, -33.59575899195237], [150.7471581334753, -33.59589666531218], [150.7472748604611, -33.59595544111504], [150.7474552633606, -33.59603129069922], [150.747752457394, -33.59616339337202], [150.7478685579828, -33.59621783792618], [150.7480497567419, -33.59629148154806], [150.7483472135119, -33.59641364063844], [150.7485041393245, -33.59648099550112], [150.7486193990219, -33.59652582023784], [150.7486841080953, -33.59655093578021], [150.7489422821206, -33.59665190809549], [150.7491081025604, -33.59671489206608], [150.7494496833058, -33.59685301572692], [150.7495374357493, -33.5968872148981], [150.749593421825, -33.59690932852948], [150.7496759921805, -33.59694686898222], [150.7498271355379, -33.59700824346192], [150.750132474378, -33.59712698366383], [150.7504300471494, -33.59724490452612], [150.7504971674975, -33.59727201735722], [150.7507275933206, -33.59736378969574], [150.7510251359112, -33.59748284479706], [150.7511501746647, -33.59753547836163], [150.7513224974193, -33.59760908901011], [150.7515298735926, -33.59769474862998], [150.7517663297093, -33.597794397374], [150.7519172876216, -33.59785881671934], [150.7520098279391, -33.59789770343094], [150.7524372177572, -33.59806204496777], [150.7525125158152, -33.59809171009969], [150.753107552674, -33.59833219517139], [150.7534139370254, -33.59845345036512], [150.7537027691254, -33.59856597805771], [150.7537623017239, -33.59858928983088], [150.7539589361547, -33.59866307644682], [150.7540636358777, -33.59870143998381], [150.7542982369328, -33.59879010300545], [150.7544504257232, -33.59884774458958], [150.7548175204578, -33.59898274337916], [150.7548937746027, -33.59901165419029], [150.7549429645325, -33.59903074586263], [150.7551728823804, -33.59911807258112], [150.7554891527247, -33.59923948160615], [150.7560847788101, -33.59945795446304], [150.7566154547861, -33.59964742007309], [150.7566804795684, -33.59967347995586], [150.7571004842923, -33.59983368809373], [150.7572758647229, -33.59990149211704], [150.7573024830625, -33.59991146635065], [150.7575734605168, -33.60001919024864], [150.7578710855903, -33.60013578939515], [150.7579723600378, -33.60017519806985], [150.7581686321231, -33.60025554544723], [150.7584661604442, -33.6003760378369], [150.7586206105426, -33.60043853407761], [150.7587635906365, -33.60050026217766], [150.7590609063188, -33.60062903691856], [150.7592276270518, -33.6007011195524], [150.7593330465424, -33.60074568921662], [150.7594010501306, -33.60077676223801], [150.7596554374958, -33.60089047046932], [150.759805984672, -33.60095980688868], [150.7602109085214, -33.60115694377406], [150.7602493644281, -33.60117540623565], [150.7602712075845, -33.60118617137669], [150.7603487894822, -33.60122459997649], [150.7608433245679, -33.60145921029777], [150.7610238306383, -33.60154252306289], [150.761209152646, -33.6016270080524], [150.7614375732683, -33.60173205113936], [150.761472102366, -33.60174810942232], [150.7617346887747, -33.60186884560438], [150.7620318860523, -33.60200251346941], [150.7620375528609, -33.60200513039342], [150.7620491135729, -33.6020101381872], [150.7623290770447, -33.60213650599508], [150.7626263725718, -33.60226639727956], [150.7626404465684, -33.60227242368694], [150.7629236832962, -33.60239578126078], [150.7632211036661, -33.60252100199243], [150.7632371746707, -33.60252800356704], [150.7635851532115, -33.60267972533501], [150.7638159803737, -33.60277005972192], [150.7638871439733, -33.60279814408875], [150.7641134578172, -33.60289307942867], [150.7644109472974, -33.60301575848501], [150.764523233825, -33.60306123013368], [150.7646486105228, -33.60311408466021], [150.7647084575053, -33.60313762153687], [150.7650060781104, -33.6032552407281], [150.7651857589798, -33.60332479025549], [150.7653037271071, -33.6033717922209], [150.7656013350763, -33.60349001071745], [150.7658536789856, -33.60358844461996], [150.7658989903218, -33.60360633721388], [150.7661966231819, -33.60372360892961], [150.7664943469514, -33.60383743470645], [150.7665335973128, -33.60385231267395], [150.7667921168197, -33.603949457781], [150.7670899419677, -33.60405936828369], [150.7672476701885, -33.60411679327296], [150.7673877668436, -33.60416931888875], [150.7676854604215, -33.6042843919554], [150.7679488331936, -33.60438103705358], [150.7679832963211, -33.60439397556893], [150.7682811479499, -33.60450302524672], [150.7685791429822, -33.60460644811667], [150.7686980488842, -33.60464614379293], [150.7688771922697, -33.60470788628714], [150.7691753477591, -33.60480518403096], [150.7694736597136, -33.60489643515728], [150.7695282924734, -33.60491270769125], [150.7697719502428, -33.60498854318637], [150.7700704516365, -33.60507248995662], [150.7703691365302, -33.60514933403476], [150.7704954415738, -33.60518173464176], [150.7706677710523, -33.60522815574248], [150.7709664296094, -33.6053060888342], [150.7712651865704, -33.60538019835389], [150.7715592462552, -33.60545249656894], [150.7715639592432, -33.60545371769835], [150.771862724695, -33.60552756118551], [150.7721615831466, -33.60559778853202], [150.7724605417906, -33.60566416398563], [150.7727428980629, -33.60572540774655], [150.7727595343381, -33.60572919411374], [150.7730584829037, -33.60579599893532], [150.7733574190303, -33.60586325968421], [150.7736564033183, -33.60592871253861], [150.7739554233053, -33.60599277232772], [150.7739867798759, -33.60599939203389], [150.7742544065069, -33.60605828146859], [150.774553429701, -33.60612225279266], [150.774852535526, -33.60618305022093], [150.7751516537439, -33.60624335994043], [150.7753097527143, -33.60627478694722], [150.7754507609686, -33.60630411416059], [150.7757498865273, -33.60636418368863], [150.7760490817359, -33.60642155885306], [150.7763483290173, -33.60647691118179], [150.7764148582124, -33.60649029463422], [150.7766475665912, -33.60653265727728], [150.7767403857388, -33.60655210414613], [150.776946538369, -33.60659877041633], [150.7772448311603, -33.60669135988859], [150.7774846501661, -33.60681706951436], [150.7775412515192, -33.60685691396758], [150.77783878499, -33.60697913489412], [150.7781427980436, -33.60684891636424], [150.7782952843744, -33.60683163729055], [150.7784443005755, -33.60681650883144], [150.7787444942334, -33.6068351016911], [150.778782599401, -33.60684039219137], [150.779044041391, -33.60687889592554], [150.7793433205542, -33.60693315920651], [150.7796424596415, -33.60699289965304], [150.779941529904, -33.60705533504369], [150.7802261316869, -33.6071179006642], [150.7802405121273, -33.60712122300953], [150.7805393341092, -33.60719338206985], [150.7808382007534, -33.60726381777334], [150.7811370599803, -33.60733456267517], [150.7813761224953, -33.60739012635764], [150.7814359320704, -33.60740482634304], [150.7817347172335, -33.60747849931141], [150.7820335272969, -33.6075512269212], [150.7823323452183, -33.60762365934244], [150.7824883225393, -33.60766166277433], [150.7826311007202, -33.60769856088489], [150.7829297701256, -33.60777683391075], [150.7832283905969, -33.60785704529877], [150.7835053858203, -33.60793148496742], [150.7835270032663, -33.60793758927082], [150.7838255201929, -33.60802188478829], [150.7841238518532, -33.60811344135124], [150.7843882447677, -33.60819889323568], [150.7844220439413, -33.60821049998713], [150.7847201710412, -33.60831010236625], [150.7850184501601, -33.60840379039269], [150.7852193527137, -33.6084653693469], [150.7853167325953, -33.60849737475376], [150.7856150872705, -33.60858817272349], [150.7859135663672, -33.60867411936317], [150.7861210248329, -33.60873310292441], [150.786212033167, -33.60876057121731], [150.7865105181805, -33.6088463343949], [150.7868090775933, -33.60892923457312], [150.7870800475793, -33.60900185646029], [150.7871076981369, -33.60900974330283], [150.7874062820567, -33.60909170785578], [150.7877049772411, -33.60916936431993], [150.7880037527542, -33.60924387569524], [150.7881201630953, -33.60927205432187], [150.788302505547, -33.60931929769286], [150.7886012750523, -33.60939408623898], [150.78890007808, -33.6094676065847], [150.7891988840005, -33.60954098792381], [150.7892072218896, -33.60954308092552], [150.7894975331321, -33.609620576741], [150.7897962336532, -33.60969812828608], [150.7900950284089, -33.60977205672383], [150.7902642823414, -33.60981356398421], [150.7903937862156, -33.60984745391829], [150.7906927970596, -33.60991293424001], [150.7909916887389, -33.60998310282009], [150.7912906060075, -33.61005228872829], [150.7914416367786, -33.61008618587834], [150.7915895241117, -33.61012146100756], [150.7918883725362, -33.61019338446135], [150.7921872734131, -33.61026327165871], [150.7924862897059, -33.61032865323335], [150.792629610973, -33.61035898629109], [150.7927853095664, -33.61039395950636], [150.7930843472994, -33.61045853679273], [150.7933834736605, -33.61051965608838], [150.7936826928529, -33.610577150249], [150.793981990935, -33.61063161225405], [150.794001795535, -33.61063506214805], [150.7942812511446, -33.6106874822949], [150.7945805476124, -33.6107419926095], [150.7948798447595, -33.61079653804273], [150.7951791054433, -33.61085248457663], [150.7954782998794, -33.61091104797725], [150.7954884135689, -33.61091316326855], [150.79588358767, -33.61100127996848], [150.7960117909973, -33.61103097635237], [150.7960762895995, -33.61104390207384], [150.7961568870062, -33.61106066712819], [150.7965511025708, -33.61113980844009], [150.7966745225629, -33.61116727590285], [150.7968330680118, -33.61120400782021], [150.7970864906728, -33.61125487188785], [150.7972723666566, -33.61130604802923], [150.7975153933738, -33.61135819417103], [150.7976528059622, -33.6113864673174], [150.7978705715029, -33.61143062499082], [150.798016606395, -33.61146138739881], [150.7981407582459, -33.6114879009566], [150.7981899446252, -33.61149863585092], [150.7984686634258, -33.61155980656923], [150.7986873486797, -33.61160848417972], [150.798869714742, -33.61164829022664], [150.7990666852434, -33.61169181881598], [150.7992212170153, -33.61172596099061], [150.7995444494977, -33.61178904438741], [150.7996649311164, -33.6118149984126], [150.7997600852965, -33.61183549597262], [150.7999626416816, -33.61187402832211], [150.8002633276751, -33.61193241272201], [150.8005625174709, -33.61199140880131], [150.8006656725064, -33.61201171057467], [150.8008616941593, -33.61205103100217], [150.801160893319, -33.61210969237049], [150.8014600942431, -33.61216839485604], [150.8015661764381, -33.61219009266108], [150.8017592634422, -33.61222826959243], [150.8020584444839, -33.61228778847619], [150.8020599309576, -33.61228809161121], [150.8023575612706, -33.6123498555981], [150.8026566506102, -33.61241292782984], [150.8029557481232, -33.61247578946978], [150.8032548438163, -33.61253864736841], [150.8033652120449, -33.61256287534253], [150.8035538445574, -33.61260535888009], [150.8038527490577, -33.61267578861265], [150.8040816726867, -33.61273083573087], [150.8044503321057, -33.61282580317192], [150.8050477480864, -33.61298239719696], [150.8051067889934, -33.61299753557869], [150.8055080169413, -33.61310410064732], [150.8056450364943, -33.61314411120456], [150.8062417490029, -33.6133286386697], [150.8066375683417, -33.61345806405279], [150.8068382785437, -33.61352048985786], [150.8071902331732, -33.61363712146403], [150.807434467488, -33.6137258939176], [150.8077326349141, -33.6138257111412], [150.8079776524991, -33.61390267158997], [150.8080309318409, -33.61392053724581], [150.8083296302566, -33.61399953461984], [150.8086288786103, -33.61405683329052], [150.8089288259695, -33.61408644283557], [150.8092295392647, -33.61408580139004], [150.8095309681377, -33.6140569803793], [150.8098327716829, -33.61401325182776], [150.8101345421032, -33.61397082087655], [150.8103812779785, -33.6139452623205], [150.8104360011698, -33.61394087541508], [150.8107370166019, -33.61392836699206], [150.8110377305431, -33.61392768331467], [150.8113383198605, -33.61393192870076], [150.8116386774102, -33.6139454370329], [150.8119387787578, -33.61396899022674], [150.8119799298524, -33.61397356353989], [150.8122386705982, -33.61400083927968], [150.8123100299031, -33.61400934714851], [150.812725920434, -33.61404939180408], [150.81283851842, -33.6140622161688], [150.812939001915, -33.6140734973423], [150.8133597428156, -33.61411775342303], [150.8134382658966, -33.61412750811608], [150.8135070608209, -33.61413666470094], [150.8140000807756, -33.61419761193059], [150.8140377612651, -33.61420282194034], [150.8140704830399, -33.61420719277195], [150.8144592703597, -33.61426900269038], [150.8146228981872, -33.61429520728273], [150.8146367603267, -33.61429793074723], [150.8152356604999, -33.61439691881678], [150.8156494955566, -33.61446386670809], [150.8158346211751, -33.61449347241982], [150.8161339304637, -33.61454864395135], [150.8161425818363, -33.61455033559143], [150.8164332005749, -33.61460547831928], [150.8167325822427, -33.61465771837088], [150.8170319414763, -33.61471086307687], [150.817331218416, -33.61476738087526], [150.8176288320591, -33.61482816656319], [150.8176303779543, -33.61482847653086], [150.8178997408976, -33.61488308439073], [150.817967348598, -33.61489775773487], [150.8182287280981, -33.61494958229879], [150.8184405480984, -33.61498953513625], [150.8186406261675, -33.61503572241116], [150.8188271067753, -33.6150697202081], [150.8189814930584, -33.61509576798669], [150.8192796962619, -33.61517007911834], [150.8194250972416, -33.61520524163223], [150.8197241823483, -33.61526941658752], [150.8200232310742, -33.61533505434726], [150.8202117064833, -33.61537690678551], [150.8203222870325, -33.61540042377982], [150.8206214769804, -33.61546049057279], [150.8209207417186, -33.61551779386075], [150.8212200425735, -33.61557367867647], [150.8215193098785, -33.61563072377294], [150.8216453594933, -33.61565376265291], [150.8218186929506, -33.615683185564], [150.8221182593676, -33.6157283767559], [150.8224180564163, -33.61576441498107], [150.8225524385116, -33.61578255620918], [150.8227182704986, -33.61578388707326], [150.8230191744749, -33.61577612755758], [150.8233212593872, -33.61572122293016], [150.8234202661775, -33.6156850217951], [150.8236266443628, -33.61553526075112], [150.8237153212549, -33.61543862634623], [150.8237768973149, -33.61518812178331], [150.8236898774692, -33.61493500264612], [150.823643119948, -33.61488007079184], [150.8234718148232, -33.61467957566919], [150.8233497952972, -33.61458658001255], [150.8231392823895, -33.61442213196887], [150.8230544796497, -33.6143725141593], [150.8227582518196, -33.61419457909073], [150.8227075354146, -33.61416294128958], [150.8224614150938, -33.61404108365286], [150.8221941502286, -33.61390231120031], [150.8221555837521, -33.61388652827707], [150.8218669705197, -33.61376486161694], [150.8216902168268, -33.61368921675669], [150.8213681491346, -33.61354705531704], [150.8212720877019, -33.6135062021545], [150.8212132645348, -33.61348133268034], [150.8211331224619, -33.61343927785184], [150.8209920273449, -33.61337795456977], [150.820677057264, -33.61325336015534], [150.820379467649, -33.61312985171026], [150.8203442678015, -33.61311494875599], [150.820081805637, -33.61300944083466], [150.8197841976884, -33.61288691706426], [150.8197029240396, -33.61285205275725], [150.819486705106, -33.61275984781787], [150.8192880605789, -33.61267744025938], [150.8190338730126, -33.61257800744506], [150.8188913360925, -33.61252095336419], [150.8188013796788, -33.61248501659241], [150.818411201957, -33.61232609058957], [150.8183187409053, -33.61228617661662], [150.8182960869643, -33.61227734120808], [150.8182602858941, -33.61226290982272], [150.8178413811692, -33.612078953462], [150.817701075292, -33.61202454027908], [150.8174799803091, -33.61193593963475], [150.8173561122545, -33.61188429864797], [150.817148771705, -33.61180063334226], [150.8171057848166, -33.61178293440489], [150.8168082130151, -33.61165931733831], [150.8165114196825, -33.61153779162291], [150.8165105930738, -33.61153745452582], [150.8162130013426, -33.61141469569644], [150.8159153828274, -33.61129293801575], [150.8158723950696, -33.61127491714499], [150.8155825324051, -33.61115887268362], [150.8153197348406, -33.61106599597906], [150.8147247685578, -33.61081208197963], [150.8145851140073, -33.61074899531939], [150.8141295326643, -33.6105688913832], [150.8135339831849, -33.61033834444287], [150.8132615587202, -33.61022241887559], [150.8130074470102, -33.61010266001364], [150.8129394196086, -33.61006890355753], [150.8128167714552, -33.61000667514543], [150.8125464377113, -33.60986948036827], [150.8123455587104, -33.609771899878], [150.8121944654362, -33.60970036662928], [150.8120015026577, -33.60959121328005], [150.811752481623, -33.6094438635506], [150.8114821735869, -33.60929920177124], [150.811255931794, -33.60918058016403], [150.8111590740378, -33.60912917085387], [150.8108618183268, -33.60899376134449], [150.8106724109533, -33.60891866190929], [150.8105640508053, -33.60887853193208], [150.8102657952334, -33.60878253444054], [150.8101576087765, -33.60874919054877], [150.8099671206111, -33.60870331703119], [150.8097327432417, -33.60865043236458], [150.8096681339417, -33.60863645473522], [150.8093689985275, -33.60857539550908], [150.8090697658414, -33.60851829138812], [150.8087705131787, -33.60846199294007], [150.808692910854, -33.60844569628858], [150.8084712824269, -33.60840475155271], [150.8083155837204, -33.60837373419304], [150.8081721135375, -33.60834508287489], [150.8078729655441, -33.60828460610694], [150.8075738894247, -33.60822140312757], [150.8072748784974, -33.60815554994001], [150.8070252687659, -33.60809926863925], [150.8069759094335, -33.60808815697072], [150.8066770261353, -33.60801739800952], [150.8063781487335, -33.60794633286554], [150.8060793118262, -33.60787368958647], [150.8058967543466, -33.60782766192976], [150.8057805501097, -33.6077981942389], [150.8054818941986, -33.60771845236076], [150.8051833356013, -33.60763498887565], [150.8049146050462, -33.60755864246005], [150.8048848125364, -33.60755005316526], [150.8045864176785, -33.60746017957551], [150.8042879749316, -33.60737212541931], [150.8040169138494, -33.60729111525426], [150.8039895666943, -33.60728273590706], [150.8036912605089, -33.60718944221236], [150.8033929419314, -33.6070965691216], [150.8031628678933, -33.60702435805961], [150.803094658108, -33.60700244626929], [150.8027964057398, -33.60690701687206], [150.802498108794, -33.60681346371053], [150.8023212574942, -33.60675781509252], [150.802199842591, -33.60671863184483], [150.8019015503249, -33.60662485339894], [150.8017909120326, -33.60659011698067], [150.8016032024869, -33.60653338298327], [150.801463232297, -33.60649097513885], [150.8013292283819, -33.60644756190948], [150.8012712665069, -33.60643088775798], [150.801006571691, -33.60634787066106], [150.8008206781489, -33.60628993105905], [150.8005531513147, -33.60621344643151], [150.8004097528689, -33.60616986312702], [150.8003081769466, -33.60613857526254], [150.7998384299922, -33.60600199769463], [150.7998128769584, -33.60599415449769], [150.7997948520833, -33.60598852852961], [150.7996888924133, -33.60595623996874], [150.7992834863238, -33.60583537422331], [150.7992160383949, -33.60581716865418], [150.7991245195964, -33.60579196775727], [150.7987675174705, -33.60568952939183], [150.7986190045696, -33.60564786760879], [150.7984143319463, -33.60558850617973], [150.7982060267933, -33.60552329722629], [150.7980221975436, -33.60546974393548], [150.7978604016371, -33.6054205159], [150.7977238612755, -33.60537809928478], [150.7974255953369, -33.6052837622467], [150.7971273445122, -33.60518876385026], [150.7970203575547, -33.60515396585078], [150.7968292000878, -33.60508965757104], [150.7965311125666, -33.6049883429115], [150.796233146706, -33.60488835178995], [150.796232993398, -33.60488829928448], [150.7959349259398, -33.60478620594562], [150.7956367637642, -33.60468795427743], [150.7954251872793, -33.60462236264663], [150.7953384768169, -33.60459458339005], [150.7950402045248, -33.60450066261257], [150.7947417998587, -33.60441191909774], [150.7945439303393, -33.60435506130415], [150.7944433567632, -33.6043247550574], [150.7941448887772, -33.60423863971897], [150.7938463316742, -33.60415595207041], [150.7935938983643, -33.60408652614637], [150.7935477788591, -33.6040731662436], [150.7932492970453, -33.60398761736968], [150.7929507548077, -33.60390446327984], [150.7926616500763, -33.6038183017556], [150.7926523631754, -33.60381542488096], [150.7923537066233, -33.60373675463929], [150.7920550546194, -33.60365797501519], [150.7917563084009, -33.60358291164255], [150.7916147384307, -33.60354802298435], [150.7914575769939, -33.60350728868548], [150.7912627812111, -33.60345428312097], [150.7911589171828, -33.60342888005113], [150.7908602752472, -33.60334979318992], [150.7905860319944, -33.60327806026357], [150.7905616152083, -33.60327141473374], [150.7903394926412, -33.60320926412487], [150.7902630126839, -33.60319082740391], [150.7899643270066, -33.60311349766078], [150.7896655713644, -33.60303897683342], [150.7895357903774, -33.60300770414665], [150.7893667917933, -33.60296536735648], [150.7890679574025, -33.6028939723472], [150.7887690491635, -33.60282544278947], [150.7884701036971, -33.6027584133431], [150.7883598904419, -33.60273509214124], [150.7881711124242, -33.60269319564867], [150.7878721348833, -33.60262743613929], [150.7875731083745, -33.60256363489389], [150.7872739420227, -33.60250532365681], [150.7870424654565, -33.60245993626432], [150.786974796308, -33.60244622200524], [150.7866756315632, -33.60238785848252], [150.7863763679995, -33.6023334002257], [150.7862423533908, -33.60230674166722], [150.7860771787156, -33.60227605195217], [150.7857781984288, -33.6022105474168], [150.7856583920491, -33.60218357330665], [150.7854793311013, -33.60214063279319], [150.7851804970683, -33.60206944799035], [150.7848817092089, -33.6019964782497], [150.7845829332298, -33.60192304107084], [150.7845390284565, -33.60191193765944], [150.7842843128044, -33.60184356902814], [150.7839856922967, -33.60176412239513], [150.7836870629152, -33.60168504424149], [150.7835240450014, -33.60164216295437], [150.783388475732, -33.60160432876931], [150.7830899527256, -33.60152114004079], [150.7827914157961, -33.60143850688313], [150.7825557666241, -33.60137321754716], [150.7824929118639, -33.60135461411335], [150.7821945840412, -33.60126387452701], [150.7818963074392, -33.60117115165774], [150.7816988156227, -33.60110626180698], [150.781598229398, -33.60107070970837], [150.7813004192961, -33.60095983512911], [150.7810134341984, -33.60084237896433], [150.7810029032357, -33.60083751716], [150.7807064845657, -33.60067241325117], [150.7806006434064, -33.60058338496827], [150.7804145899131, -33.60033085295066], [150.7804134004257, -33.60032843811966], [150.7803490955222, -33.60007569770068], [150.7803107939538, -33.59982342399518], [150.7803381646798, -33.59957232911484], [150.7803740934094, -33.59932138775888], [150.7804103097856, -33.59907045154182], [150.7804433520853, -33.59881945844948], [150.7804567022156, -33.59868780671365], [150.780487295094, -33.5985686606171], [150.7805645737939, -33.59831846139429], [150.7806407363413, -33.59806824208249], [150.7807096601347, -33.5978178925485], [150.7807653275105, -33.5975673053233], [150.7807793733846, -33.59731597091518], [150.7807954052381, -33.59720253065603], [150.7809371894878, -33.59681563035156], [150.7810364044401, -33.59656582431852], [150.7810873731323, -33.59631515206217], [150.7811241701615, -33.59610466119784], [150.7811410402509, -33.59606452867973], [150.7812519505013, -33.59581493224687], [150.7813276642964, -33.5957269004661], [150.7813197001406, -33.59556456140081], [150.7813663081148, -33.59531381073088], [150.7814895505157, -33.59456126255907], [150.7816022850452, -33.59442420414494], [150.7816161245283, -33.59431194617593], [150.7816935331007, -33.59406174876402], [150.7818801191693, -33.59331033562861], [150.7819819713964, -33.59306057536473], [150.782192207885, -33.59205799969122], [150.7822109900695, -33.59180674899812], [150.7821419178873, -33.59158046796472], [150.7820658171614, -33.59180414668269], [150.781817445484, -33.59251201984597], [150.7817990499625, -33.59255412181881], [150.7816803322381, -33.59280357893901], [150.7816343427787, -33.59290962558924], [150.7816138660162, -33.59305397317216], [150.781424377416, -33.59357200989479], [150.7813975226135, -33.59380485208617], [150.7812857932698, -33.59389063982723], [150.781268146603, -33.594054117997], [150.7812442691634, -33.59424464556813], [150.7811325113544, -33.59480644313192], [150.7809999377293, -33.59505565131462], [150.7809089025676, -33.5953056041718], [150.7808385499715, -33.59551871283422], [150.7808054798056, -33.59555533515106], [150.7807158712142, -33.59580531342282], [150.7806448872241, -33.59605562585147], [150.7805631626045, -33.5963057454565], [150.7803721411638, -33.59705707628561], [150.7802603681952, -33.59730665629711], [150.780196437948, -33.59755709521044], [150.7801820608984, -33.59767341898953], [150.7801154666042, -33.59780722792669], [150.7800055853589, -33.5980568418526], [150.7799183401248, -33.59830686177324], [150.7798617200782, -33.59855743143027], [150.7798581167514, -33.59858250061755], [150.7797320464335, -33.59880668983553], [150.7796136336433, -33.5990561499059], [150.7795868999049, -33.59909120880252], [150.7795401419296, -33.59925849671014], [150.779503112237, -33.59930575165214], [150.7793221414318, -33.59955408821236], [150.7792294423615, -33.59965058983567], [150.7789589971047, -33.59979915264659], [150.7789245099597, -33.59981772479789], [150.7786233306709, -33.59983849970499], [150.7783237593129, -33.59979659015789], [150.778280055453, -33.5997869567546], [150.7780248769501, -33.59972785144605], [150.7777262367916, -33.59964969426225], [150.7774277221388, -33.59956665704136], [150.7772526894399, -33.59951690902994], [150.7771293207304, -33.59947923115464], [150.7768309826281, -33.59938937529438], [150.7765326362507, -33.59929986658299], [150.7763596268171, -33.59924926784492], [150.7762343091706, -33.59920963114905], [150.7759360213681, -33.59911787954768], [150.7756376827053, -33.59902815646877], [150.7754848976294, -33.59898195010451], [150.775339437097, -33.59893480144807], [150.7750412198608, -33.59884039053786], [150.7747429148484, -33.59874939898424], [150.7746284261732, -33.59871495494941], [150.7744446848232, -33.59865553772948], [150.7741464989089, -33.5985599857131], [150.7738481335247, -33.59847144212767], [150.773771454452, -33.59844794459786], [150.7735499616848, -33.59837537173571], [150.7732518273551, -33.5982779150446], [150.7729536440482, -33.5981823432075], [150.7729530362166, -33.59818213642444], [150.7729513130661, -33.59818159203672], [150.7726556169634, -33.59808077001576], [150.7725229483008, -33.59803431234241], [150.7723575133529, -33.59798215367322], [150.772140061418, -33.59791539429215], [150.7720808417575, -33.59789612224009], [150.7720592562016, -33.59788953233378], [150.7717610512934, -33.59779492947946], [150.7714627607909, -33.59770367896697], [150.7712878116691, -33.59764845221343], [150.7711645957453, -33.59760757841404], [150.7708665371587, -33.59750734563549], [150.770568472219, -33.59740741015223], [150.7704960133152, -33.59738259446089], [150.770270540154, -33.59730234109639], [150.7699726519057, -33.59719559870023], [150.7697578999107, -33.59711769965264], [150.7696748237306, -33.59708655319665], [150.7693771147432, -33.59697290988396], [150.7690912275981, -33.59686408585149], [150.7690768146524, -33.59685821182899], [150.7690644183741, -33.59685360593039], [150.7687818291844, -33.59674052983085], [150.7684842338143, -33.59662261641353], [150.7684026074152, -33.59659007989899], [150.7681867079297, -33.59650194618238], [150.767754798086, -33.59632680312608], [150.7676718588625, -33.59629141664742], [150.7676232434342, -33.59627111461389], [150.7675916949802, -33.5962592907124], [150.767542898015, -33.596240495556], [150.7671420709114, -33.59607010217852], [150.7669967115003, -33.59601562344147], [150.7667721451483, -33.59592948550097], [150.7666508642741, -33.59588501493403], [150.7664400538492, -33.59579989373066], [150.7664014063769, -33.59578451433549], [150.7661038736229, -33.59566438502258], [150.7658060385884, -33.59555605240433], [150.7657889537345, -33.59555095463325], [150.7652560897096, -33.59535242415715], [150.7652104192772, -33.59533737038054], [150.7651790272339, -33.59532693273256], [150.7649957060073, -33.59527062900009], [150.7646673911698, -33.59517427776392], [150.7646139178788, -33.59515303101654], [150.7640177080741, -33.59495749742035], [150.76372739764, -33.59486698426223], [150.7634211531995, -33.59477538848461], [150.7632997132157, -33.59473679631815], [150.7631514610622, -33.59468619394761]], [[150.777872027669, -33.60568398740655], [150.7775737604059, -33.6055905200685], [150.77744693426, -33.60555846215897], [150.777309831139, -33.60552663046894], [150.777274964397, -33.60551766219543], [150.7769759976491, -33.60545147436066], [150.7766769998016, -33.60538652795464], [150.7763780033626, -33.60532154501747], [150.7762156672698, -33.60528473948704], [150.7760790461409, -33.60525505362489], [150.7758634192435, -33.6052082533955], [150.7757801100489, -33.60518774670327], [150.7754812650019, -33.60511691518246], [150.7751825056877, -33.60504277892494], [150.7750624636728, -33.60501240933314], [150.7749202228874, -33.60497910303349], [150.7748837346141, -33.60496912051121], [150.7745850211968, -33.60489321692226], [150.7742863908782, -33.60481412501349], [150.7740290748106, -33.60474222548093], [150.773987860775, -33.60473115681167], [150.7736892527042, -33.60465124420654], [150.7733906267459, -33.60457202632637], [150.7730919756951, -33.60449385214599], [150.7730098194793, -33.60447228765837], [150.7727932642749, -33.6044180000594], [150.7724945636669, -33.6043417953486], [150.7721958966578, -33.60426426000685], [150.7719718954512, -33.60420200493159], [150.7718973486028, -33.60418212334427], [150.7715987003183, -33.60410392724662], [150.7713000987593, -33.60402393766003], [150.7710015796811, -33.60394076597873], [150.7709717632158, -33.60393239486132], [150.770703043592, -33.60385825543248], [150.7704045525044, -33.6037740431866], [150.7701062056744, -33.60368425291807], [150.7700415203481, -33.60366403769947], [150.7698079984898, -33.60358906543269], [150.7695100207284, -33.60348499864442], [150.7694403737446, -33.60346041909974], [150.7692818100471, -33.60339874935488], [150.7692122998307, -33.60337099051707], [150.7689148816812, -33.60324526418685], [150.7686730308008, -33.6031361805028], [150.76861770352, -33.60311021308029], [150.7683207132756, -33.60296799990373], [150.768127090556, -33.60287474291079], [150.768023766092, -33.60282406212433], [150.7677267533875, -33.60268275093681], [150.7676748333321, -33.60265895350284], [150.7675766369574, -33.60261322123812], [150.7674296763394, -33.60254397328077], [150.7671326085851, -33.6024048726191], [150.767017436283, -33.60235153946996], [150.7668353891926, -33.60227168859399], [150.7666227610887, -33.60218274878462], [150.7663895275126, -33.602087976569], [150.7662405655054, -33.60202030318356], [150.7659913994881, -33.60191129723232], [150.7659130569629, -33.60187945025466], [150.7657917800215, -33.60182623052764], [150.7656458023415, -33.60176680057992], [150.7653483342107, -33.60164343141116], [150.7651572724775, -33.60156317980762], [150.7650508570849, -33.60152039780741], [150.7647533563667, -33.60139835779576], [150.7645199821307, -33.60130007559928], [150.7644753141629, -33.60128284456034], [150.7644559040124, -33.60127447750784], [150.7641583874589, -33.60115307078456], [150.7638859783653, -33.6010370276113], [150.7638609962646, -33.60102693474499], [150.7635634860798, -33.60090539410941], [150.7632661372511, -33.60077759371762], [150.7632581632688, -33.60077408842164], [150.7629686418391, -33.60065554743257], [150.762671349627, -33.60052566989583], [150.7626390453487, -33.60051130349103], [150.7623739003884, -33.60040195006729], [150.7620764895073, -33.60027668774449], [150.7620115579423, -33.60024836401987], [150.7617791931583, -33.6001470735299], [150.7614818451914, -33.60001949148979], [150.7614015154914, -33.59998573721877], [150.7611844559626, -33.59989353986806], [150.7608871676069, -33.59976367476809], [150.7607935170042, -33.59972314453506], [150.7605897767913, -33.59963789882937], [150.7602923512381, -33.59951340830742], [150.7601652471571, -33.59946018173564], [150.7599948948019, -33.59939014489708], [150.7596973744468, -33.59926947760828], [150.7595186511683, -33.59919688379415], [150.7593998821322, -33.59914775917298], [150.759102376396, -33.59902650069824], [150.7588720521356, -33.59893358249229], [150.7588049250472, -33.5989031730607], [150.7585075067065, -33.5987786954534], [150.758238361165, -33.59867051188053], [150.7582100436607, -33.59865588639462], [150.7579130279453, -33.59851583280037], [150.7576506784792, -33.598408272465], [150.7576157059169, -33.59838773812055], [150.757319089196, -33.59823244241238], [150.7571346354517, -33.59814732952639], [150.7570227571655, -33.59806610420468], [150.7567265740174, -33.59789406293851], [150.7567150713078, -33.59788813452207], [150.7564597354493, -33.59763191791563], [150.7564356714082, -33.59751832596469], [150.7564012626365, -33.59737927226104], [150.7563865586482, -33.59712742090779], [150.756294087787, -33.59687415839053], [150.7561566503018, -33.59668409410942], [150.7561142972232, -33.59661931172496], [150.7559964365176, -33.59650357657761], [150.755657652386, -33.59614480067211], [150.7556192803839, -33.59610715979215], [150.7556062819145, -33.59609204547144], [150.7555912335237, -33.59607314446879], [150.7555717147277, -33.59605381147048], [150.7554944655719, -33.59597205322853], [150.7552047484223, -33.59566051095155], [150.7551438564301, -33.59559536113919], [150.7549872053204, -33.59540750116121], [150.7549279435358, -33.59533985713608], [150.7547562416029, -33.59508515544366], [150.7547002533956, -33.59487987065233], [150.754684565001, -33.59483226908411], [150.7547021755256, -33.59480572443026], [150.7550077583888, -33.59461456632158], [150.7552401047693, -33.59459076935564], [150.7553041295971, -33.5945877908063], [150.7553090654735, -33.59458834173965], [150.7554467247363, -33.59459451953546], [150.7556093207011, -33.5946026113926], [150.7559090474413, -33.59463737484888], [150.7559519790391, -33.5946396667814], [150.7562085221549, -33.59468187745225], [150.7565078300267, -33.594732742044], [150.7568069653723, -33.59479028255208], [150.7571059054973, -33.59485546953443], [150.757201515408, -33.59487794002643], [150.7574046787356, -33.59492712054661], [150.757703390051, -33.59500109136439], [150.7580020806564, -33.59507588275238], [150.7582861213849, -33.59514919006823], [150.7583007133782, -33.59515302288354], [150.758599251291, -33.59523384835558], [150.7588448835909, -33.59530732623875], [150.7590722211676, -33.59537216497274], [150.7591961959719, -33.5954005431841], [150.7593585134692, -33.59544209662271], [150.7595910235252, -33.59551345409402], [150.7597931562538, -33.59556672634181], [150.760066956064, -33.59564302276505], [150.7601090883267, -33.59565592014251], [150.7602212177337, -33.59568742119483], [150.7603900407046, -33.59573593412927], [150.7606884170356, -33.59582316721309], [150.7609867851288, -33.59591065126136], [150.761046340053, -33.59592883153937], [150.7615835706152, -33.59608392206121], [150.7617710667344, -33.59613959572253], [150.7620674431655, -33.59622401480698], [150.7621803899415, -33.59625593276581], [150.7624788324412, -33.59634074833451], [150.7627772770741, -33.5964254129406], [150.7630114719955, -33.59649267954882], [150.7630757077101, -33.59651068871887], [150.7633742078225, -33.59659334404262], [150.7638934492444, -33.59676021521885], [150.763938769366, -33.59677443677452], [150.7639705748296, -33.59678315653365], [150.7645669588275, -33.59697241533501], [150.7647197127245, -33.59702058023038], [150.7650840375554, -33.59715174233219], [150.7651629381068, -33.59717746141176], [150.7652176628391, -33.59719497461918], [150.7653086085014, -33.59722747434439], [150.765487428977, -33.59729219714528], [150.7657588272025, -33.59738616169317], [150.7660567348971, -33.59749191417274], [150.7662362076056, -33.59755730960187], [150.766354612092, -33.59759892402143], [150.7666525007077, -33.5977055665864], [150.7669502945189, -33.59781586862562], [150.7669672460638, -33.5978220975346], [150.7672482036147, -33.59792172954848], [150.767546044404, -33.59803026876199], [150.7676991178345, -33.59808689602175], [150.7678438989302, -33.59813830461541], [150.7681417965333, -33.59824469846915], [150.7684396628495, -33.59835185113803], [150.7687377135934, -33.59845284434266], [150.7690357884464, -33.59855249081988], [150.7692370756054, -33.59861781939257], [150.7693339628902, -33.59864825179716], [150.7693852737541, -33.59866376491566], [150.76970299402, -33.59875859083656], [150.7699307521771, -33.59882275076797], [150.7701625650268, -33.59888609605075], [150.770229312408, -33.5989036057561], [150.7705279211747, -33.5989825974887], [150.7708266023881, -33.59905879674175], [150.7711252283956, -33.59913718517394], [150.7711954091933, -33.59915630091398], [150.7714238268514, -33.59921664340134], [150.7715181817186, -33.59924161402427], [150.771722316006, -33.59930037111133], [150.7720207111145, -33.59938777746299], [150.7721446854368, -33.59942499179294], [150.7723191018957, -33.59947539964906], [150.7726175909749, -33.59955922395602], [150.7729160613236, -33.59964375372221], [150.7730927772687, -33.59969365410676], [150.7732145909886, -33.59972604667762], [150.7735132227317, -33.59980434574778], [150.7738118818461, -33.59988164799466], [150.7741090016685, -33.59996353570927], [150.7741104136958, -33.59996389985218], [150.7744090700594, -33.60004133021829], [150.7747076824403, -33.60012049331073], [150.775006247075, -33.60020155976031], [150.7751261322463, -33.60023342538589], [150.7753049370947, -33.60027774552748], [150.7756037033623, -33.60035098383207], [150.7759024706502, -33.60042421464412], [150.7762011718032, -33.600500041229], [150.7762190892546, -33.60050467038842], [150.7764999619509, -33.60057241133438], [150.7767986768982, -33.60064773077197], [150.7770973007812, -33.60072661870685], [150.7772738271055, -33.60077521894385], [150.777395892886, -33.60080677846769], [150.7776944965933, -33.60088650846114], [150.7779930296932, -33.60096900052076], [150.7782661425759, -33.60104463710211], [150.7782915684563, -33.60105129522441], [150.7785905564866, -33.60111611086056], [150.778890619674, -33.60113902302315], [150.7791219370237, -33.60106000958307], [150.7791939018379, -33.60103642378612], [150.7793147113269, -33.60081188542647], [150.7795047806995, -33.60063755335629], [150.7796612611407, -33.6008181081894], [150.7797074001041, -33.60107052273741], [150.7797615364357, -33.60132308082547], [150.7797862628223, -33.6013851150617], [150.7800214789384, -33.60157933377161], [150.7800810798935, -33.60161271600691], [150.7803783691407, -33.60174392932464], [150.7806244635891, -33.60184174338688], [150.7806760392652, -33.60186031946914], [150.7809741719914, -33.60195868953939], [150.7810976562979, -33.60199765447913], [150.7812722909213, -33.60205762475293], [150.7814276398294, -33.60210774192422], [150.7815705633786, -33.60215059562864], [150.7818691315041, -33.602232047296], [150.7821677076773, -33.60231321334736], [150.7824022955841, -33.60237681050865], [150.7824663218038, -33.60239291123428], [150.7827650351619, -33.6024687620258], [150.7830636867769, -33.6025470514769], [150.7833622649558, -33.60262822007826], [150.7834302865152, -33.60264682780051], [150.783660925137, -33.60270621861252], [150.7839596014899, -33.60278359613049], [150.7842582455396, -33.60286225723536], [150.7844751095519, -33.60291713800852], [150.7845570074359, -33.60293635766443], [150.784855943541, -33.60300364656148], [150.7851549087308, -33.60306981699335], [150.7854538789527, -33.60313580938515], [150.7857032202045, -33.60319072195773], [150.7857528702233, -33.6032010091273], [150.7860519603596, -33.6032623489541], [150.7863510115833, -33.60332522867724], [150.7864757389513, -33.60335121351705], [150.7866499183514, -33.60339377686688], [150.7869433985873, -33.60346450957746], [150.7869487392959, -33.60346572542375], [150.7872476061591, -33.60353587424025], [150.7875464400371, -33.60360733413268], [150.7878452683931, -33.60367902985234], [150.7880853486733, -33.60373652788837], [150.7881441228458, -33.60374974739181], [150.7884429407271, -33.60382189388436], [150.788741687882, -33.60389682962835], [150.7890402686185, -33.60397832677535], [150.7891396196037, -33.60400696820233], [150.7893387986643, -33.60406178565017], [150.7896372567425, -33.60414813378252], [150.7899356050835, -33.60423875825943], [150.7900533017449, -33.60427488767657], [150.7902339905716, -33.60432799890764], [150.7905323965188, -33.60441646309396], [150.7908307937455, -33.60450527004939], [150.7909695283528, -33.60454284545807], [150.7911294773825, -33.60458287523029], [150.7914282428844, -33.60465729328798], [150.7917269183449, -33.60473526219198], [150.7920121394541, -33.60481305359648], [150.7920255121516, -33.60481645487061], [150.792324348577, -33.60488815523592], [150.7926226650296, -33.60498031780611], [150.7929211536016, -33.60506570711862], [150.7929755497537, -33.60508183924429], [150.7932195788962, -33.60515360288326], [150.7935178562768, -33.60524732758528], [150.7938160532032, -33.60534423527035], [150.7938301751299, -33.60534867667109], [150.7941144772234, -33.60543230357233], [150.7944128298353, -33.60552310562529], [150.7946824625584, -33.60561546660448], [150.794710901959, -33.60562499221118], [150.7950086823469, -33.60573840805387], [150.79530592413, -33.60587295991478], [150.7953173092988, -33.60587837408446], [150.7956027708566, -33.60602306390911], [150.7958291078966, -33.60613908554824], [150.7958995416209, -33.60617614594774], [150.7961966187205, -33.60631732831762], [150.7963892142016, -33.60640065536364], [150.7964940281978, -33.60644544390806], [150.7967917082829, -33.60656296060142], [150.7968730129998, -33.60659220901231], [150.7970700786008, -33.60666437412413], [150.7970896482609, -33.60667029575738], [150.7973881152676, -33.60675699244921], [150.7976865749864, -33.60684390627675], [150.797985011132, -33.60693181782216], [150.7979866169892, -33.60693228685879], [150.7982836277737, -33.60701270366126], [150.798582151058, -33.60709723659989], [150.7988806092703, -33.60718435261696], [150.7989367476339, -33.60720078988129], [150.7991791796112, -33.60726703559926], [150.7994776963443, -33.60735194453338], [150.7997761375082, -33.60743980363657], [150.7998743450754, -33.60746906371286], [150.8000746457052, -33.60752504941342], [150.8003731118517, -33.60761202117271], [150.8006714888905, -33.60770243109095], [150.8007834667499, -33.607736824077], [150.8009698544653, -33.60779341093928], [150.8012681954407, -33.60788529142251], [150.8015665155903, -33.60797811144413], [150.8016498891466, -33.60800381773741], [150.8018648102386, -33.60807186793659], [150.8021630298772, -33.60816869853248], [150.8024612195193, -33.60826673823691], [150.8024711052628, -33.60827000302145], [150.8027594787396, -33.60836197007502], [150.8030576377173, -33.60846127192883], [150.8031196978568, -33.6084807722405], [150.8032761748013, -33.60853589509104], [150.8033557740607, -33.60856149387785], [150.803654006965, -33.60865784390323], [150.8039521850441, -33.60875638204025], [150.8039903764156, -33.60876796793644], [150.804463114238, -33.60891557448213], [150.8045488676566, -33.60894085577598], [150.8046106611835, -33.60895860675709], [150.8049467735507, -33.60906873909721], [150.8051138799219, -33.60912473017539], [150.8051452906416, -33.60913557923146], [150.8051914099449, -33.609150910685], [150.8056188113038, -33.60928813030375], [150.8057417630701, -33.60932846032352], [150.8059211285689, -33.60938874735666], [150.8061909816668, -33.60946677735728], [150.8063383253156, -33.60951790520704], [150.8065879529374, -33.60960103854342], [150.8066364886077, -33.60961736439172], [150.8069346636091, -33.60971629553449], [150.8072327761214, -33.60981772121381], [150.8073745541658, -33.60986657629057], [150.8075308054673, -33.60992255282724], [150.8078287179356, -33.61003193442177], [150.808084451398, -33.61013075138998], [150.8081264593166, -33.61014829173382], [150.8084240166461, -33.61027176287352], [150.8087022382894, -33.61039328911959], [150.8087213886881, -33.61040268128534], [150.8087441505391, -33.61041330301315], [150.8090683988538, -33.61056688741632], [150.8092577049345, -33.61065471966464], [150.8093155890256, -33.61068592449151], [150.8096123299692, -33.61084189472667], [150.8097614929387, -33.61091523236695], [150.8099089222185, -33.61100369045174], [150.8102054354516, -33.61116865331704], [150.8102172760653, -33.61117489289391], [150.8105009559315, -33.61137309768617], [150.8105991198543, -33.61143324255112], [150.8107943997876, -33.61165961070156], [150.8108272951442, -33.61168887039429], [150.810792609433, -33.61173039972699], [150.8104877753491, -33.61189417606022], [150.8102585940635, -33.61193038863064], [150.810186069023, -33.61193417950824], [150.809885243619, -33.61193954543921], [150.8095846309535, -33.61193650363184], [150.8092841302137, -33.61192894713361], [150.8089836874539, -33.6119191971619], [150.8086833240426, -33.61190631648139], [150.8086750117504, -33.61190581481674], [150.80824677409, -33.61187195298152], [150.8080829410458, -33.61186680317695], [150.8079147698538, -33.61185867875803], [150.807549840154, -33.61182611705874], [150.8074827036303, -33.61182166180248], [150.8071828467289, -33.61178872005819], [150.8068831413293, -33.61174990269432], [150.8067141513272, -33.61172565725354], [150.8065835862203, -33.61170516590555], [150.8062841141908, -33.61165707053066], [150.8059898744642, -33.61160747273146], [150.8059847038286, -33.61160655582511], [150.8059623002987, -33.61160263770034], [150.8056852807, -33.61155665331506], [150.8053858706357, -33.6115061560858], [150.8052609001381, -33.61148518235286], [150.8050865217301, -33.61145335597182], [150.8047872161038, -33.61139877023611], [150.8044878655564, -33.61134606520119], [150.8043693306686, -33.61132277319808], [150.8041886677688, -33.61128725963669], [150.8038894857849, -33.61122784845774], [150.8035901936751, -33.61117288782998], [150.803291016328, -33.61111332699035], [150.8029918416863, -33.61105377045982], [150.80295199876, -33.61104600940177], [150.8026925426136, -33.61099903947194], [150.8023932406209, -33.61094453266838], [150.8020939607137, -33.61088907796272], [150.8017947203765, -33.61083208143435], [150.8014955126602, -33.61077391025492], [150.8014655728402, -33.61076800098568], [150.8011962612557, -33.61071738190367], [150.8008970418306, -33.61065970475955], [150.8005978979788, -33.61059897649186], [150.8002987153418, -33.61053988517062], [150.8000743432527, -33.610491668657], [150.7999996516627, -33.61047603645613], [150.7997005676584, -33.61041305262047], [150.7994015059561, -33.61034920947191], [150.7991025270647, -33.61028208043324], [150.7988260828493, -33.61021786610268], [150.798803600213, -33.61021301761821], [150.7985045760115, -33.61014775560971], [150.7982056210305, -33.61007979073759], [150.7979067151961, -33.61000986617803], [150.7976361648942, -33.60994509029268], [150.7976078390241, -33.60993884255379], [150.7973088478599, -33.60987240475559], [150.797009921048, -33.60980336354611], [150.7967110351725, -33.60973278054535], [150.7964572252497, -33.60967249782004], [150.796412139009, -33.60966262165908], [150.7961130388231, -33.60960049591516], [150.7958137460107, -33.60954590682735], [150.7955141307452, -33.60950408864447], [150.7952143741682, -33.60946778445566], [150.7949143797751, -33.60944082667076], [150.794614096628, -33.6094251652437], [150.794313696802, -33.60941413438762], [150.7940133576278, -33.60940077476014], [150.7937133477624, -33.60937440502216], [150.793693057799, -33.6093716202863], [150.7934136340275, -33.60933647284265], [150.7931142677365, -33.60928492273382], [150.7928151555733, -33.60922342092236], [150.792516142649, -33.60915799846424], [150.7922170620311, -33.60909529488129], [150.7922086453924, -33.60909353660891], [150.7919178553541, -33.60903755166413], [150.7916187787591, -33.60897472579654], [150.7913198298999, -33.60890691128446], [150.7910209717759, -33.60883555969104], [150.7909524274438, -33.60881951331561], [150.7907220087851, -33.60876833772937], [150.790423234124, -33.60869375628368], [150.7901245126707, -33.6086170878234], [150.7898676149788, -33.60854854129451], [150.789825852071, -33.60853805776883], [150.789527116596, -33.60846202863552], [150.7892282155568, -33.60839245716891], [150.7889292593759, -33.60832511110738], [150.7887089214295, -33.60827623814914], [150.7886443908085, -33.60826318016842], [150.7886302428678, -33.60826009934419], [150.7883311628168, -33.60819761641427], [150.7880321434735, -33.6081327748701], [150.7877332223641, -33.60806408484143], [150.7874835411997, -33.60800273203733], [150.7874344010958, -33.60799153093041], [150.7871355956528, -33.60791837788781], [150.786836921451, -33.60784008896758], [150.7865383647533, -33.60775727259119], [150.7864537951601, -33.60773271527614], [150.786239802722, -33.60767464154463], [150.7859411796813, -33.60759444182502], [150.7856426099702, -33.60751217998511], [150.7854709152007, -33.60746353042605], [150.7853440404482, -33.60742992191081], [150.7850454832746, -33.60734721593985], [150.7847470905801, -33.60725810512815], [150.7845493778998, -33.60719543598121], [150.7844487817203, -33.60716574279951], [150.7841503398618, -33.60707857958732], [150.7838520225871, -33.60698659690718], [150.783657033376, -33.60692785853353], [150.7835536041257, -33.60689859162244], [150.7832550874806, -33.60681443438454], [150.7829565237968, -33.60673214835053], [150.782680623038, -33.60665876730227], [150.7826578768876, -33.60665312337009], [150.7823590772704, -33.6065800879508], [150.7820602890137, -33.60650663547106], [150.7817615445769, -33.60643148449627], [150.7815895064311, -33.60638761012387], [150.7814627765773, -33.60635727996861], [150.7811639829374, -33.60628409499493], [150.7808652361215, -33.60620910208905], [150.7805664987801, -33.60613376226792], [150.7804960153885, -33.60611640132379], [150.7802676356915, -33.60606334596286], [150.7799685972919, -33.60599978874193], [150.7796694595897, -33.60594012283433], [150.7793702266618, -33.6058841805892], [150.7791344577662, -33.60584036865475], [150.7790709607148, -33.60582954144819], [150.7787712323793, -33.60579294894455], [150.7784713419916, -33.60576267726321], [150.7781702387259, -33.60577967115496], [150.777872027669, -33.60568398740655]]]}}, {"type": "Feature", "properties": {"base": "RAAF Base Williamtown", "anef_band": "25-30", "anef_min": 25}, "geometry": {"type": "Polygon", "coordinates": [[[151.9267266105824, -32.73046359635663], [151.9267007804253, -32.73037067065786], [151.9265732156996, -32.72994676027071], [151.9264131610711, -32.72952257547507], [151.9263896212315, -32.72944854399157], [151.9262915767433, -32.72923676118842], [151.9262273075625, -32.72909816152173], [151.9260216296082, -32.72867358143628], [151.9259480639389, -32.72850869888543], [151.9256827708806, -32.72801905360495], [151.9256002816584, -32.72782433459651], [151.9255537300261, -32.72767878502924], [151.9254626908275, -32.72738141860816], [151.9252493774567, -32.72697569027537], [151.9251692015772, -32.7267650435179], [151.9250756992775, -32.72655138293669], [151.9248866258491, -32.72612694333225], [151.9246866520725, -32.72570240994065], [151.9246080526306, -32.7255278449374], [151.9244934361967, -32.72527793420085], [151.924314054564, -32.72485357685099], [151.9242218143627, -32.7246363737608], [151.9241075751648, -32.72442898670067], [151.9240461045805, -32.72435764424569], [151.9238936397392, -32.72421574138662], [151.9237608528722, -32.72412943247673], [151.923473901486, -32.72404199090852], [151.9231859683896, -32.7240370487782], [151.9228975504288, -32.72407165142772], [151.922675270864, -32.72412392408592], [151.9224430895866, -32.72417205670172], [151.922320158707, -32.72418935296565], [151.9221619025726, -32.72422122530537], [151.9219467377371, -32.72428674898663], [151.9217423267748, -32.72434193771238], [151.9215615333098, -32.72440711111994], [151.921382689907, -32.72448561965172], [151.9211637611327, -32.72455528360575], [151.9208710115519, -32.72465200046179], [151.9205852885025, -32.72476146644493], [151.9204610906799, -32.72482045824154], [151.9200060410882, -32.72503091125913], [151.9195851615095, -32.72523573062273], [151.9194267004118, -32.72530858109087], [151.9190142165205, -32.725503099538], [151.9182681794684, -32.72584897031578], [151.9178283416654, -32.72606621379072], [151.9172846774375, -32.72631720970588], [151.9171095029247, -32.72640108070323], [151.916079028006, -32.72689673673023], [151.9160237891982, -32.72692291223331], [151.9159507862823, -32.72695533054082], [151.9147925359983, -32.72746991241945], [151.9141856059948, -32.72772598662829], [151.9136346228842, -32.72795638344468], [151.9124762328155, -32.72847994349974], [151.9123222748553, -32.72855546847097], [151.9113170855533, -32.72906546288516], [151.9107394206926, -32.72938736347817], [151.9101573018152, -32.72970165923118], [151.9092560980165, -32.7302200961301], [151.9089972204962, -32.7303609344176], [151.9078372275627, -32.73101156459347], [151.9077634990887, -32.73105273393463], [151.9066775858071, -32.73163243908709], [151.9063976610607, -32.73178441147212], [151.9062291885873, -32.73188498955011], [151.905517281848, -32.732305412073], [151.9053110098583, -32.73242188088716], [151.9048435277836, -32.732718524718], [151.904356040659, -32.73305433422934], [151.9039977112077, -32.73329592234319], [151.9036916383965, -32.73355408492694], [151.9032360367746, -32.73395708023037], [151.9032100336241, -32.73397907685489], [151.9031924063204, -32.73399666609697], [151.9027817439121, -32.73439176063874], [151.9026092795458, -32.73457393865249], [151.9023830375606, -32.73481108639493], [151.9020369539708, -32.73523086778715], [151.9020249784381, -32.7352463596219], [151.9016870032862, -32.73565062223577], [151.9014398378303, -32.73598686460997], [151.901375078901, -32.7360707049516], [151.9010633070926, -32.7364907841868], [151.9008539306637, -32.73678824532414], [151.9007649895156, -32.73691098455208], [151.900195661058, -32.73775162655642], [151.8996990092694, -32.73859289578297], [151.89967913839, -32.73863186050227], [151.8992552689546, -32.73943463149249], [151.8988865130933, -32.7402770241975], [151.8985900390107, -32.74112005082696], [151.898492266583, -32.74145242185898], [151.8983339283317, -32.74196343535948], [151.8981315179457, -32.74280728335924], [151.8979787000709, -32.74365157491491], [151.8978606796275, -32.74449616418855], [151.8977721042002, -32.74534101616865], [151.8977023105033, -32.74618603315213], [151.8976660631793, -32.7470313450379], [151.897663151091, -32.74787695002772], [151.8977013744516, -32.74872291672779], [151.8977922944397, -32.74956934283085], [151.8979565442756, -32.75041642164427], [151.8982110399988, -32.75126428966638], [151.8983667127519, -32.75165356005022], [151.8984506233268, -32.75188355218177], [151.8985368767105, -32.75211278421665], [151.8987382311715, -32.75254012106763], [151.8988436339248, -32.75275227560581], [151.8989547266444, -32.75296208638383], [151.8992223682494, -32.7533809718575], [151.8994926637887, -32.75379888038964], [151.8995008905129, -32.7538125141046], [151.9001016960492, -32.75466341510872], [151.9006266215599, -32.75529610654831], [151.9007847906132, -32.75551503913505], [151.9014665407215, -32.75636664769144], [151.9017619430326, -32.75668567124944], [151.9022237256862, -32.75721891350287], [151.9028992215211, -32.75791849154433], [151.9030411434028, -32.75807170610983], [151.9039265252206, -32.7589250840208], [151.9039585286191, -32.75895486065514], [151.9040380967303, -32.75902351131015], [151.9048494828099, -32.75977878421259], [151.9051778033646, -32.76006249318795], [151.9056637168737, -32.76050696584076], [151.905767425317, -32.76060306468145], [151.905797800782, -32.76063269519631], [151.9062475945613, -32.76105943733586], [151.9063172767006, -32.76112347978517], [151.9066850675446, -32.76148607038442], [151.9068866410705, -32.76168468342502], [151.9070942793417, -32.76191245540781], [151.9074553757727, -32.76229840428812], [151.9074893976257, -32.76233871622486], [151.9078631495958, -32.76276478958073], [151.9080237495145, -32.76294271142092], [151.9082367071316, -32.76319086013422], [151.9085920542923, -32.76359256146196], [151.908611969715, -32.76361694444222], [151.9089564340288, -32.7640427594493], [151.9091597983723, -32.76428944104305], [151.9093024664589, -32.76446858518852], [151.9096113604454, -32.76489409074981], [151.9097265328521, -32.76506985665998], [151.9098339292925, -32.76523853312131], [151.9098925518233, -32.76531935253035], [151.9101813250641, -32.76574467964593], [151.9102160938567, -32.7658020437641], [151.9102923297423, -32.76592763559381], [151.9104280042034, -32.76611901256445], [151.9104628375385, -32.76616994295023], [151.9105146878222, -32.76625342343851], [151.9106420542156, -32.76646362037712], [151.9107161565004, -32.76659496050229], [151.9108060202419, -32.7667880396952], [151.9108208711498, -32.76682079396392], [151.9108563678412, -32.76693148208182], [151.9108800528943, -32.76701920021429], [151.9109162379535, -32.76723092217327], [151.9109343137649, -32.76744248470379], [151.9109467097908, -32.76765399984617], [151.9109601946668, -32.76786552643983], [151.9109744337864, -32.76807705758881], [151.9109897288218, -32.76828859592428], [151.9110058723469, -32.76850014361162], [151.9110229963443, -32.76871170180704], [151.9110624724452, -32.76892345029455], [151.9111125590865, -32.76913529298207], [151.9111174214925, -32.76915524927381], [151.9111603221074, -32.76934711744377], [151.9112060160585, -32.76955892190733], [151.9112517479517, -32.76977072469555], [151.9113004449194, -32.76998255521454], [151.9113486754304, -32.77019438365039], [151.9113906847188, -32.77037744994379], [151.9113984004499, -32.77040622106341], [151.9114569261665, -32.77061813691671], [151.9115332370185, -32.77083020726707], [151.9116335034039, -32.77104248768421], [151.9116698471514, -32.77111516303336], [151.9117795313502, -32.77125516156417], [151.9119468425669, -32.77146802211354], [151.9119535940312, -32.77147649243477], [151.9123084272567, -32.77161208765415], [151.9127172249119, -32.77168611607374], [151.9128736866306, -32.77172955426556], [151.9130354498967, -32.77178713142962], [151.913102201277, -32.77180442045096], [151.9132089427799, -32.7718477872786], [151.9136357671848, -32.7719941952999], [151.9140741528956, -32.77210407820991], [151.9142486904632, -32.7721238482286], [151.9142509029, -32.77212411832312], [151.9142556301406, -32.77212227542441], [151.9145404309239, -32.77201035528458], [151.9146783083587, -32.77191453070253], [151.9148310782401, -32.77180508234045], [151.9149223513834, -32.77170523937855], [151.9150679416371, -32.77149509096938], [151.9151240777895, -32.77140504991405], [151.9151819584523, -32.77128467096412], [151.9152764220853, -32.77107408352271], [151.9153752502308, -32.77086352980734], [151.9154198362033, -32.77077734353526], [151.9154576779276, -32.77067972992563], [151.9154661682504, -32.77065290951634], [151.9155369488594, -32.770442114829], [151.9156072765815, -32.77023131816395], [151.9156764821507, -32.77002050774905], [151.9156847766752, -32.76999660502372], [151.9157187558842, -32.76988935135637], [151.9157457533507, -32.76980969984652], [151.9158166551072, -32.7695989079902], [151.915889234609, -32.76938812861687], [151.9159647456565, -32.76917737256355], [151.9160172440866, -32.76903566643631], [151.9160490708169, -32.76896669470875], [151.9161516089672, -32.76875617634772], [151.9162490088091, -32.76854561144734], [151.9163132298165, -32.76838799966151], [151.9163322768379, -32.76833492222761], [151.9163505368133, -32.76828221435244], [151.9164836055968, -32.76791341803721], [151.916611601345, -32.76754303036103], [151.9166291163983, -32.76749185933113], [151.9167742486554, -32.76707030112561], [151.9169140532342, -32.76664869464753], [151.9169699508188, -32.76647984269528], [151.9170468898999, -32.76622702774904], [151.9171880963886, -32.76580543300514], [151.9172096118336, -32.76574695213674], [151.9173505591222, -32.76538402173338], [151.9175258784956, -32.76496272129435], [151.9177088884187, -32.76454148898955], [151.9178029580409, -32.76433507781428], [151.917907262235, -32.76412038506771], [151.9181200381273, -32.76369940714602], [151.9183370162683, -32.7632784650898], [151.9183932855307, -32.76317124164126], [151.9185579232166, -32.76285755651617], [151.9187626048988, -32.76243650747335], [151.9189604077324, -32.76203218626398], [151.9189712699, -32.76201098786237], [151.918983872259, -32.76198387006463], [151.9191845749692, -32.7615945169976], [151.9194005435513, -32.76117356412027], [151.9195739435754, -32.76083783846008], [151.9196204502949, -32.76075264478442], [151.9198477263399, -32.76033178853856], [151.9200723325505, -32.75991090881575], [151.9201634103056, -32.75974138852695], [151.9203056370517, -32.75949010358102], [151.9205380720553, -32.75906929435348], [151.9207523605526, -32.75868652357087], [151.9207752180163, -32.75864851726072], [151.9210231451766, -32.75822783647101], [151.9212701273427, -32.75780714700818], [151.9213406289072, -32.75768625407596], [151.9215244123361, -32.75738651985773], [151.9216473143399, -32.75718537784854], [151.921916445012, -32.75675990701797], [151.9220507241434, -32.75654541645656], [151.9221365417354, -32.75640971124551], [151.9225156820617, -32.75580555607837], [151.9225852641074, -32.75570438137026], [151.9231763958021, -32.75486383008996], [151.9236881412776, -32.75413787672375], [151.9237756977025, -32.7540233499318], [151.9244028881004, -32.7531831020537], [151.9248596351905, -32.75254605393127], [151.9250282474577, -32.75234283508371], [151.9252745302954, -32.75204489349846], [151.9257155672921, -32.75150309591299], [151.92602935531, -32.75109850183668], [151.9264219322001, -32.75066351587265], [151.927113825404, -32.74982380368698], [151.9271983378702, -32.7497092761422], [151.9277962142371, -32.74898401406949], [151.9283686330465, -32.74820657128964], [151.9284187124623, -32.74814370440248], [151.9290045638038, -32.74730307820755], [151.9295114041582, -32.74646177417503], [151.929542549468, -32.7463985459238], [151.9297508577354, -32.74600946995724], [151.929957519945, -32.7456199494041], [151.930135118308, -32.74520065961497], [151.9302986258912, -32.74477722659753], [151.930421442857, -32.74435681157064], [151.9305293433855, -32.74393356473882], [151.9305942795912, -32.74351201430181], [151.9306448974128, -32.74308891178265], [151.9306628331591, -32.7426660879745], [151.9306604738914, -32.74224341358303], [151.9306530826556, -32.74217569811492], [151.9306109048246, -32.7417858450317], [151.930561703615, -32.74139693167552], [151.9304621129586, -32.7409718981292], [151.9303472136968, -32.74054947004191], [151.9300317754047, -32.73970113829608], [151.9296518157807, -32.73885225872903], [151.9296332239164, -32.7388164615582], [151.9292467763148, -32.73800316772696], [151.9288258933327, -32.73715393203719], [151.9285089113761, -32.73648791735405], [151.9284332707897, -32.73630494448469], [151.92810030807, -32.7354564579108], [151.9278081559105, -32.73460832747088], [151.9275382017267, -32.73376037826358], [151.9273954909811, -32.73325637183552], [151.927303609324, -32.73291273900452], [151.9271103240216, -32.7320654488139], [151.9270829598265, -32.7319447457204], [151.9269522358449, -32.73138933923838], [151.9269069403365, -32.73121807182213], [151.9268518727528, -32.73100820667963], [151.9267266105824, -32.73046359635663]], [[151.9140208826824, -32.76662364977602], [151.9137431154987, -32.766484651327], [151.9136697206106, -32.76640919787764], [151.913471079098, -32.76619606782464], [151.9134586609913, -32.7661822214281], [151.9133239096521, -32.7659833819252], [151.9131940109678, -32.76577084965908], [151.9131759194921, -32.765738983586], [151.9131034895611, -32.76561292066089], [151.9130361896912, -32.76550577275509], [151.9129374441654, -32.76534580875904], [151.9128743652103, -32.76524667694969], [151.9126960280322, -32.76495274736322], [151.9126762936097, -32.76492072756423], [151.9126640116075, -32.76490075073679], [151.9126109296077, -32.76481185175624], [151.912394929784, -32.76449546836892], [151.9122139422486, -32.76424102855106], [151.9120796558593, -32.76406991807949], [151.9120442573651, -32.76402436000984], [151.9119398916895, -32.76389615912882], [151.9118098698245, -32.76376903970146], [151.9116944247102, -32.76364375936748], [151.9116365852127, -32.7635833793837], [151.9115605330303, -32.76351590310304], [151.9114750250656, -32.76344842228815], [151.9112129559344, -32.76321675922856], [151.911189981677, -32.76319538696504], [151.9110170703832, -32.7630036512723], [151.9109056829957, -32.76288170923345], [151.910829928972, -32.76279061505892], [151.9107129724358, -32.76264992713033], [151.9105393288787, -32.76244030360732], [151.9104750391764, -32.7623647144049], [151.9104421046234, -32.76232558167902], [151.9103378917728, -32.76218789176488], [151.9101541824198, -32.76193910880346], [151.9098835670079, -32.76151393952108], [151.9097723412568, -32.76131171639094], [151.9096450887624, -32.76108904931948], [151.9093982939746, -32.76066408628469], [151.909207949378, -32.76034102850895], [151.9091449501832, -32.76023906574852], [151.9088619395055, -32.75981379033374], [151.9086419218229, -32.75950539689273], [151.9085543338196, -32.75938829208178], [151.9082298910381, -32.7589626543425], [151.9081460650926, -32.75885562668537], [151.9075124305284, -32.75811076655305], [151.9075101819461, -32.75810808245433], [151.9075066093559, -32.75810342726146], [151.9067724836442, -32.75725868251453], [151.906619674495, -32.75707179801748], [151.9063707029841, -32.75675330247475], [151.9060829887907, -32.75640703461886], [151.9054108928551, -32.75555553497463], [151.9052359238832, -32.75531304636331], [151.9047914287083, -32.75470449178306], [151.9042382902065, -32.75385402954811], [151.9041044001898, -32.75361070772453], [151.9038625166901, -32.75318642602804], [151.9037633988268, -32.75300424544218], [151.9033723556926, -32.75215519333989], [151.9030652667795, -32.75130687490633], [151.9029839213723, -32.7510104947637], [151.9028246599329, -32.75045913777569], [151.902648111006, -32.74961195707562], [151.9025320365064, -32.74876531364214], [151.9024867693562, -32.74791928616241], [151.902494338912, -32.74707372128216], [151.9025467278461, -32.74622854878459], [151.9026431385029, -32.74538376159558], [151.9027700735591, -32.74453924144046], [151.9029184515108, -32.74369491270738], [151.9030828064228, -32.74294257522769], [151.9031023143916, -32.74285088625777], [151.9033246768046, -32.74200720423016], [151.9035996366116, -32.74116397380254], [151.9039328231147, -32.74032125976817], [151.9042758383008, -32.73960829926847], [151.9043390967199, -32.73947917561799], [151.904832888166, -32.73863785864887], [151.9053884959139, -32.73779708335491], [151.9054512500193, -32.73770742842549], [151.9059870518427, -32.73695667225849], [151.9066220432114, -32.73618137642427], [151.906661833422, -32.73613130892568], [151.9066749195415, -32.7361170450755], [151.9067035178666, -32.73608780968317], [151.9070318857771, -32.73573849613319], [151.9073653208894, -32.73539310114563], [151.9074979948336, -32.73527858440491], [151.9077881453952, -32.73503581078893], [151.9080013152942, -32.73486015752616], [151.9083698073193, -32.73457663164714], [151.9085703937182, -32.7344422971459], [151.9089503105579, -32.73421128296843], [151.9092840855662, -32.7340256925151], [151.9095302092956, -32.73389557218968], [151.9101097103971, -32.73361219576219], [151.910114438811, -32.7336100941186], [151.910827811533, -32.73329491633029], [151.9112679760229, -32.73310512691529], [151.9120094974638, -32.73278092668312], [151.9124262922509, -32.73259243180189], [151.9135844631031, -32.73209141014593], [151.9137692975298, -32.73201806304019], [151.9139119472965, -32.73195179009753], [151.9147427284273, -32.73158036556396], [151.9148459122005, -32.7315370613602], [151.9153217157982, -32.73133721058292], [151.9159003116454, -32.73112536252978], [151.91590669651, -32.73112342235015], [151.916478498232, -32.73094789599128], [151.9167654494685, -32.73087996744351], [151.9170560269583, -32.73082386670416], [151.9173435580012, -32.7307897640485], [151.9176326678271, -32.73077317094356], [151.9179213492248, -32.73079046738491], [151.9182080603556, -32.73082654911371], [151.9184976300054, -32.7308889375746], [151.91878242002, -32.73096553869982], [151.9192817029775, -32.73115256459971], [151.9193558513809, -32.73118082876414], [151.9199287591036, -32.73143976756444], [151.9202074762007, -32.73158336018355], [151.9205011260689, -32.73174462517005], [151.9209013488553, -32.73201215291778], [151.9210724635562, -32.73213447299111], [151.921424626299, -32.73243947810749], [151.9216422721945, -32.73265247667558], [151.921829945688, -32.73286577865974], [151.9221535291977, -32.73329137910787], [151.9222095603408, -32.73338043911684], [151.9224009544914, -32.73371632006462], [151.9225977017642, -32.73414083292067], [151.9227509041682, -32.73456496725726], [151.922770530012, -32.73463281222774], [151.9228643493378, -32.73498875976117], [151.9229643384574, -32.73541243255022], [151.9230585861533, -32.73581516595647], [151.923154725744, -32.73625970738749], [151.9233345145934, -32.73710688286707], [151.9234856480673, -32.73795381987708], [151.9236245988858, -32.73880064404494], [151.9237449675423, -32.73964731240727], [151.9238292997559, -32.74049367115907], [151.9238482476875, -32.7408235006842], [151.923883720353, -32.74133977293883], [151.9239035350402, -32.74218558146669], [151.9238784136886, -32.74303099609938], [151.9238147918475, -32.74387608798509], [151.9238112485563, -32.74390111353625], [151.9237118203962, -32.74472083383017], [151.9235530235014, -32.74556510396371], [151.9233393704003, -32.74640890249407], [151.9230930931303, -32.74725242015541], [151.9228187996225, -32.74809569636898], [151.9226016392387, -32.74866751174062], [151.9225095521997, -32.74893867127366], [151.922189883864, -32.74978155163041], [151.9218373335809, -32.75062415606561], [151.9214416079868, -32.7514663837282], [151.9214150070065, -32.75151640605088], [151.9210330277622, -32.75230849926908], [151.9205804786028, -32.75315023452833], [151.9204210116492, -32.75341487340467], [151.9202358069955, -32.75374295167205], [151.9201016230386, -32.75399174124652], [151.9198665889126, -32.75441253170447], [151.9196469928866, -32.75478887905444], [151.9196223341711, -32.75483323819134], [151.9193978995098, -32.75525412303352], [151.9191814370694, -32.75567506821955], [151.9190570623889, -32.75592682468897], [151.9189787720038, -32.75609613996653], [151.9187922517349, -32.75651734268757], [151.9186052394252, -32.75693854880024], [151.9184649237409, -32.75724615747185], [151.9184159160088, -32.7573597266711], [151.9182297484604, -32.75778093542982], [151.9180402328337, -32.75820211495289], [151.9178726899348, -32.75857108995865], [151.9178499801197, -32.75862328778305], [151.9176659468287, -32.75904451796691], [151.9174755491208, -32.75946568489059], [151.9172807120613, -32.75987338305907], [151.9172741772487, -32.75988676461054], [151.9170752166731, -32.76030785683184], [151.9168717577327, -32.76072891377839], [151.9166897446896, -32.76109154866032], [151.9166609064894, -32.76114990642782], [151.916452381563, -32.76157091879753], [151.916228055767, -32.76199179408547], [151.9160998594416, -32.76221904769562], [151.9159872313005, -32.76241252617581], [151.915959680069, -32.76246263254842], [151.9158115149785, -32.76273030986096], [151.9157566229768, -32.76283334616494], [151.9156836706052, -32.76298201253752], [151.9156176193227, -32.76312054459362], [151.9155570261539, -32.76325443408638], [151.9155096565617, -32.7633707085202], [151.9154755053574, -32.76346513612202], [151.9154201244285, -32.76367606437628], [151.9153705406513, -32.76388704278168], [151.9153223517835, -32.76409803323389], [151.915290170306, -32.76421346525382], [151.9152359091994, -32.76452009808941], [151.9151348169758, -32.7648409482702], [151.9151100237989, -32.76494182528967], [151.9150506628527, -32.76515271884676], [151.9149796311304, -32.76536351129391], [151.9149068524508, -32.76556051799588], [151.9149014723145, -32.76557424196272], [151.9148140181785, -32.76578489206793], [151.9147192011958, -32.76599547631781], [151.9146218572959, -32.76620604058559], [151.9146106025603, -32.76622916087376], [151.9144625304369, -32.76641606972021], [151.9143182851125, -32.7665742715933], [151.9140533304515, -32.7666239310322], [151.9140295004516, -32.76662826089648], [151.9140208826824, -32.76662364977602]]]}}, {"type": "Feature", "properties": {"base": "RAAF Base Williamtown", "anef_band": "25-30", "anef_min": 25}, "geometry": {"type": "Polygon", "coordinates": [[[151.7936960635706, -32.75883365771756], [151.7934089719712, -32.75881033446581], [151.7930624980773, -32.7587518524146], [151.792834061099, -32.75871425710915], [151.7925454826867, -32.75864433938057], [151.7922598791844, -32.75856497869324], [151.7916861629843, -32.75838101645382], [151.7915159152094, -32.75831413322277], [151.7911129436071, -32.75816046693933], [151.790540034582, -32.75791717238462], [151.7904657419833, -32.75788119602032], [151.7899675140823, -32.75764538645876], [151.7895802026527, -32.7574498326793], [151.7893951989191, -32.75735868456883], [151.788823122603, -32.75705461367039], [151.7887613155385, -32.75701911146041], [151.7882513016189, -32.75673197910891], [151.7880077695241, -32.75658901701638], [151.7876796254968, -32.75639896037137], [151.7872804478425, -32.7561591719226], [151.7871080718428, -32.75605722202636], [151.7865722385319, -32.75572951173643], [151.7865366242046, -32.75570799060381], [151.7859653024343, -32.75534981260836], [151.7859300747864, -32.75532656255797], [151.7858882547498, -32.75530007437982], [151.7853940881589, -32.7549844004252], [151.7852183919396, -32.7548707782139], [151.784822909294, -32.75461603083039], [151.7845536347994, -32.75444152009499], [151.7842517801438, -32.75424504249781], [151.7839158637648, -32.75401252836497], [151.7836809976177, -32.75384855747041], [151.7833351073425, -32.75358407907601], [151.783110757232, -32.75341258228394], [151.7827215709844, -32.75315531667655], [151.782539583623, -32.75304560045453], [151.7819941994138, -32.7527254409116], [151.7819679940899, -32.75270951808494], [151.7813967429603, -32.75234924926195], [151.7813251948836, -32.75229612864507], [151.7808266098006, -32.75190657391147], [151.7807793770387, -32.75186801148033], [151.7802628808001, -32.75144017740189], [151.7802568702335, -32.75143578169485], [151.7798653574152, -32.75115853915406], [151.7796862218675, -32.75103241384187], [151.7796543033185, -32.75101144453527], [151.7794008209349, -32.75083615270006], [151.7793466732948, -32.7507970444658], [151.7791156896913, -32.75062056133191], [151.7790613016421, -32.75058285653637], [151.7788301969213, -32.75043156254162], [151.7787275346479, -32.75036820429159], [151.7785445189602, -32.75025552910125], [151.7783837083188, -32.7501534491318], [151.7782589636638, -32.75007128381191], [151.7780384793722, -32.74993867936701], [151.777973243638, -32.74989918760866], [151.7776873776046, -32.74973751616125], [151.777661405763, -32.74972359805122], [151.7774012937823, -32.74959220702482], [151.7772395004248, -32.74950807817902], [151.7771152455675, -32.7494443605791], [151.7768363370789, -32.74929799705444], [151.7768292221261, -32.74929442678388], [151.7768255987555, -32.74929263502952], [151.7766072016714, -32.74919553867045], [151.776319507606, -32.74905312674048], [151.7762569718222, -32.74901033488197], [151.7759780190755, -32.74886155151626], [151.7759709898866, -32.74885722929918], [151.7756853094509, -32.74868284623608], [151.7756256806647, -32.74864670576687], [151.7753996688282, -32.74850563518891], [151.7752784380322, -32.74843190485745], [151.7751140060984, -32.74832977741283], [151.7749368705913, -32.74821716645431], [151.7748284613053, -32.74814573163155], [151.7746558106945, -32.74800301480207], [151.7745438678442, -32.74789195277566], [151.774441214171, -32.74778951253455], [151.7742597900038, -32.74760098751551], [151.7742330791816, -32.74757607309965], [151.7740051961067, -32.74736244014042], [151.7739753806285, -32.74733435690274], [151.7737109091464, -32.74714815700776], [151.7736900402073, -32.74713579748015], [151.7734041820462, -32.74697441917732], [151.7733298054426, -32.74693301944683], [151.7731183146444, -32.74681447791994], [151.7729395429183, -32.74671779904088], [151.7728323833544, -32.7466592708675], [151.7725463048355, -32.74651452836201], [151.7725267108651, -32.74650235239181], [151.7722608941523, -32.74632151300767], [151.7722256588928, -32.74628799956935], [151.7719760602781, -32.7460865484959], [151.7719597141553, -32.7460739900535], [151.7716909166439, -32.74587391949456], [151.7716628729524, -32.7458596771653], [151.7714049864069, -32.74571903583126], [151.7712469662539, -32.74564419623255], [151.7711189091092, -32.74557493534121], [151.7708755206681, -32.74542915398712], [151.7708333425378, -32.74539302710332], [151.7706443055487, -32.74521547837452], [151.7705487933836, -32.74513782192662], [151.7703551181665, -32.74500123752301], [151.7702633787032, -32.74494538752509], [151.7699771447053, -32.74481300412896], [151.7698865278051, -32.74478523521435], [151.7696902489113, -32.74472882861511], [151.7694029117206, -32.74467645425045], [151.7691150654292, -32.74466146816792], [151.7689162234068, -32.74477570743312], [151.7688244175997, -32.74485015894783], [151.7686984149449, -32.74498497133885], [151.7685432297199, -32.74519485021438], [151.7685313542686, -32.74521432062295], [151.768415303465, -32.74540500074477], [151.7685263292635, -32.74557953598224], [151.7685525061768, -32.74561774868539], [151.7687129310459, -32.7458307286164], [151.7688093509844, -32.7459454507474], [151.768926418179, -32.74608106195728], [151.7691948174718, -32.74625826956765], [151.7693795392945, -32.74637667823913], [151.7696182717712, -32.74652963746763], [151.7698522715008, -32.7466875321997], [151.7699502627921, -32.74676902100515], [151.770190364604, -32.74711365781945], [151.7702311125158, -32.74753686499577], [151.7703409899485, -32.74796075048914], [151.7705068722767, -32.74818943785328], [151.7706164494028, -32.74838625638529], [151.7707247440014, -32.74859756339288], [151.7708266785555, -32.74881112985588], [151.7709027019656, -32.74905898835931], [151.7709159624958, -32.74923481282707], [151.7709615354463, -32.74944666340923], [151.771042903799, -32.74965886502258], [151.7710624627267, -32.74968563761553], [151.7711972155213, -32.74987178187303], [151.771345208526, -32.75007331765426], [151.7713549114706, -32.75008473171772], [151.7716282994834, -32.75043602869869], [151.7716830197629, -32.75051075149196], [151.7717860073906, -32.75074955016186], [151.7718762703416, -32.75093545677692], [151.7719087408351, -32.75099230992674], [151.7719964303171, -32.75114803794736], [151.7721334803315, -32.75136078450322], [151.7721907234336, -32.7514361690429], [151.772297081075, -32.7515737910399], [151.7724625487408, -32.75178681565524], [151.772469346787, -32.75179356130144], [151.7726657680556, -32.75203429805026], [151.7727568465648, -32.75216749256401], [151.7727900886698, -32.75221283099887], [151.7729598329214, -32.75242589685212], [151.7730400661684, -32.75252170655779], [151.7731438380914, -32.75263910210521], [151.7733237703227, -32.75284073720172], [151.7733342485446, -32.75285236581846], [151.7735372847241, -32.75306576078026], [151.7736077542845, -32.75314018684844], [151.7737313162047, -32.75327906332086], [151.7738913324638, -32.75346869789672], [151.7739106124141, -32.7534922174093], [151.7740890375957, -32.75370536670243], [151.7741748574406, -32.75380124230225], [151.7742807295375, -32.753918649507], [151.7744587665143, -32.75410624125431], [151.7744826865116, -32.75413202843231], [151.7746830657745, -32.75434538763284], [151.7747189769639, -32.75438111742403], [151.7748315147378, -32.75447858008476], [151.7750275873417, -32.75464273375621], [151.7750852040443, -32.75468668093356], [151.7752062993454, -32.75477331422684], [151.7755981246917, -32.75505463663973], [151.7757247515335, -32.75515422357716], [151.7757820419264, -32.75520174374799], [151.7761682464881, -32.75549764604943], [151.7762274927638, -32.75554107493934], [151.7763223881558, -32.75562983296703], [151.776528216666, -32.75579407562088], [151.776738169161, -32.75595494101611], [151.776821966221, -32.75602641278107], [151.7768608357327, -32.75605789340034], [151.777307524017, -32.75645455242943], [151.7774251586961, -32.75655952618683], [151.7774998316701, -32.75662410597386], [151.7777518841193, -32.75682974812287], [151.7778530531086, -32.75691318950896], [151.7782920165589, -32.75728283451599], [151.7783852280854, -32.75736402331825], [151.778446731433, -32.7574183699561], [151.7788215227326, -32.75776824647016], [151.7790157552129, -32.75794395787017], [151.7793033750708, -32.75819574898151], [151.7795850244373, -32.75845169502418], [151.7797592829392, -32.75862300099573], [151.780153649863, -32.75900677013584], [151.780198667174, -32.75905008255546], [151.7806786430967, -32.75947756161116], [151.7807229001068, -32.75951686379744], [151.7809511770693, -32.75973335220829], [151.7814142744453, -32.76016442000071], [151.7815809880939, -32.76033195413294], [151.7816564654019, -32.76040852734462], [151.7817488470833, -32.76049953899786], [151.781860553497, -32.76060067539981], [151.7823148042278, -32.76101397853819], [151.7824691578793, -32.76115688162326], [151.7825017734123, -32.76118651946354], [151.7827190439305, -32.76139636608372], [151.7829489785314, -32.76161367154782], [151.7829985319584, -32.7616626048607], [151.7833950426474, -32.76204081097796], [151.7835672565924, -32.76221376464605], [151.7838119606573, -32.7624676659305], [151.7841353421439, -32.76281244965111], [151.7842076548566, -32.76289431356895], [151.7845849151107, -32.76332077917039], [151.784654134156, -32.76339413756193], [151.7847029302179, -32.76344795366725], [151.7849205233033, -32.76364732507403], [151.7850042224823, -32.76372284296093], [151.7850314431963, -32.76374791938053], [151.7852684052689, -32.76396162071563], [151.7852721420151, -32.76396518565537], [151.7854757274068, -32.76417503229942], [151.7855790626528, -32.76427330235344], [151.7858403957893, -32.76455277477442], [151.7858866464338, -32.76460182431907], [151.7861251986528, -32.76481572267704], [151.7863660051955, -32.76502927602183], [151.7864096798248, -32.76506533063969], [151.786919380437, -32.76545744262694], [151.7869799695703, -32.76550421507926], [151.7871885725575, -32.76569221447573], [151.7873917825304, -32.76588482312752], [151.787549105098, -32.76602864890248], [151.7878381152827, -32.76631194764656], [151.7880759922707, -32.76654121715455], [151.7886870566023, -32.76710257518835], [151.7887591347127, -32.76716647013745], [151.7894171748994, -32.76777921604361], [151.7896847860983, -32.76802103072544], [151.7898252345383, -32.76816177333075], [151.790111160263, -32.76844795846421], [151.7902760543035, -32.76862443876331], [151.7903937661968, -32.76873331436747], [151.7905310717135, -32.76887481840822], [151.7906777230775, -32.76904230428221], [151.7907172543524, -32.76908802137001], [151.790894143004, -32.76930113037236], [151.7909612402284, -32.76938361122563], [151.7910692036419, -32.76951422348219], [151.7912401172663, -32.7697272763379], [151.791244648012, -32.76973316671808], [151.7914035372335, -32.76994025866247], [151.7915277105334, -32.77010843078733], [151.7915613913918, -32.77015318311004], [151.7917102858985, -32.77036602292907], [151.7918103360915, -32.77051655555306], [151.7918527424713, -32.77057879849258], [151.7918948889366, -32.77064248863041], [151.7920059232578, -32.77082410873084], [151.7920923973572, -32.77096664033456], [151.7921142878387, -32.77100412980894], [151.7922236289471, -32.77121658764304], [151.7923206587295, -32.77142892868847], [151.7923368240997, -32.77148299285159], [151.7924763134515, -32.77185323439062], [151.7925926109735, -32.77227716254038], [151.7926453903024, -32.77269093576484], [151.7926465765626, -32.77270048982479], [151.7926673679532, -32.77312349535327], [151.7926673481672, -32.77316510876756], [151.792613555391, -32.77396859086815], [151.7926390167809, -32.77478236344137], [151.7926413551589, -32.774814474864], [151.7926384081798, -32.77523725344668], [151.7926327082577, -32.77566000546693], [151.7926481826501, -32.77608295956685], [151.7926398051371, -32.77650568572432], [151.7926040258805, -32.77692814773775], [151.7925867794227, -32.77703083953639], [151.7925284658628, -32.7773502262304], [151.7923827670649, -32.77777162845484], [151.7922431194916, -32.77819308881055], [151.792176385793, -32.77847916913436], [151.7921268676811, -32.77866557630642], [151.792037904799, -32.77903672337533], [151.7919798136747, -32.77929892578072], [151.7919419190686, -32.77945860333801], [151.7918353541219, -32.77988038213675], [151.7917011544959, -32.78030189422998], [151.7915996407536, -32.78072372147244], [151.7915371867379, -32.7811459264567], [151.7914859186301, -32.78156823830307], [151.7914753391467, -32.78172163656637], [151.791392097215, -32.78241294493375], [151.7913373920087, -32.78325802984511], [151.7913270982166, -32.78410354319396], [151.7913703722288, -32.78494957238593], [151.7914526105798, -32.78579597945492], [151.7916229050462, -32.786643234027], [151.7918480639898, -32.7874910185588], [151.7918682839427, -32.7875498119493], [151.7921330344711, -32.7883393790176], [151.7924987552718, -32.78918851788075], [151.7929459217597, -32.79003844069598], [151.7929576040129, -32.79006022130261], [151.7929864806413, -32.79010936068306], [151.7933532695729, -32.79075027954923], [151.7934318221618, -32.79088873485796], [151.7935545441056, -32.79110318259671], [151.7937574700803, -32.79144808600495], [151.7939473300684, -32.79173931203837], [151.7941140001437, -32.79198313563961], [151.7943215013056, -32.79227827300315], [151.7945558587546, -32.79259078281086], [151.7952258930214, -32.79344284266278], [151.7952309879175, -32.79344878909757], [151.7952468190501, -32.79346736610546], [151.7959855912811, -32.79429576079946], [151.7962207474324, -32.79453931241528], [151.796382830054, -32.79471742638356], [151.7968175207836, -32.79514936850626], [151.7970239910544, -32.79533596290395], [151.7975210106933, -32.79580846840787], [151.7977415190969, -32.7960038548315], [151.7983234026608, -32.79650975548782], [151.798659925542, -32.79684714381574], [151.7986718648197, -32.79685839529628], [151.7990148150427, -32.79715283278972], [151.7994843840277, -32.79759503687859], [151.7996144777516, -32.79771304657316], [151.7996664099206, -32.79776272605369], [151.7997282788731, -32.797818997332], [151.7997990009659, -32.79787582613909], [151.8000477061673, -32.79808617706891], [151.8004608993896, -32.79843050253731], [151.8006068897031, -32.79856816789038], [151.8009386097035, -32.79886637156449], [151.8010471699168, -32.7989549433758], [151.8012104253206, -32.79909757253006], [151.8015931769372, -32.79942322311103], [151.8017352455373, -32.79955187058943], [151.8018990952556, -32.79969219108517], [151.8020785548173, -32.79983406162592], [151.8026200281663, -32.80027865812036], [151.8026487350892, -32.80030309929771], [151.8031295865094, -32.80070633580181], [151.8032187878762, -32.80078209647866], [151.8036299575541, -32.80113392416172], [151.8038412318404, -32.80132780690599], [151.8040870102041, -32.80154104033301], [151.8043586614879, -32.80175860364125], [151.8046345781488, -32.80198913004261], [151.8049286680649, -32.80224260201658], [151.8051325588258, -32.80241668968569], [151.805498603906, -32.8027319962419], [151.8056306975238, -32.80284424789886], [151.8060685430881, -32.80322195748266], [151.8061302555691, -32.80327181819547], [151.8063794527177, -32.8034468849869], [151.8066398494393, -32.80360972153454], [151.8068186820723, -32.80370118652081], [151.807212398423, -32.80390482184032], [151.8076200233302, -32.80413162647557], [151.8077846173104, -32.8042251101474], [151.8083366897625, -32.80456125451309], [151.8085535652418, -32.80470181771648], [151.8087487985348, -32.80483028919582], [151.8089279446054, -32.80494986924452], [151.8094069637241, -32.80528052675584], [151.8095324316848, -32.80536899723324], [151.8096042553776, -32.80541892552196], [151.8098395476694, -32.80559192767981], [151.810070291054, -32.8057496283559], [151.8101601014433, -32.8058137683737], [151.8103632914367, -32.80595740253995], [151.8108019369424, -32.80627591816602], [151.8109372105757, -32.80637903924321], [151.8110768931522, -32.80647903776361], [151.8112123921157, -32.80656917700259], [151.8115759218804, -32.80682140612385], [151.8118561585097, -32.80702401557937], [151.8120138775972, -32.80713303683751], [151.812354721105, -32.80737334025639], [151.8125290773597, -32.80749619537505], [151.8129795882406, -32.8077961957996], [151.8132623893164, -32.80799048863156], [151.8133423663293, -32.8080486029242], [151.8134227151003, -32.80810252786659], [151.813497470278, -32.80814742966044], [151.8136791931819, -32.80826323687722], [151.8142172485706, -32.80862571102682], [151.8145699169321, -32.8088484879807], [151.8146405837243, -32.80889539452488], [151.8149993830436, -32.80914258967232], [151.8157836978381, -32.80964493126083], [151.8158770277835, -32.80970646894946], [151.8165926163165, -32.8102070722116], [151.8169263650368, -32.81042955427557], [151.8171224346767, -32.81056385450978], [151.8174465708513, -32.81079718891357], [151.8180687324276, -32.81123842795563], [151.8183211553026, -32.81142078721928], [151.8189166842116, -32.81186184641024], [151.8192108702078, -32.81206604588482], [151.8194952568527, -32.8122774765053], [151.8197684432782, -32.81249632626458], [151.8203525736881, -32.81292821854117], [151.8206248425926, -32.81313373559374], [151.8211965779392, -32.81357985301656], [151.8214942116642, -32.813797019552], [151.8217370862875, -32.81398982145049], [151.8220116427824, -32.81422342534711], [151.8226352665372, -32.81471179937904], [151.8228036283479, -32.81484546784549], [151.8234306616027, -32.81536343382442], [151.8237763843528, -32.81562348096082], [151.8238737007365, -32.81570113846863], [151.8241907288862, -32.8159733111271], [151.8249174297878, -32.81654246791385], [151.824935222382, -32.8165567178537], [151.8256611188789, -32.81715228824186], [151.8260189887184, -32.81741249900193], [151.826058737037, -32.81744328387214], [151.8263889061143, -32.81771640071025], [151.827060483443, -32.81821608146134], [151.8271264618605, -32.81826849304014], [151.8271491763691, -32.81828763576772], [151.8271744226822, -32.81830726221557], [151.8272003115386, -32.81832555249696], [151.8272757336561, -32.81838158516445], [151.8279252626681, -32.81889307467361], [151.8282468077604, -32.81912459795228], [151.8283420365146, -32.81919802674383], [151.8286263993059, -32.81944550632778], [151.8290941313307, -32.81983414192501], [151.8292601169645, -32.81997969196266], [151.8293225542691, -32.82003953691333], [151.8293976189427, -32.82010664890413], [151.8294823639832, -32.82017879792357], [151.8298241817548, -32.8204922861363], [151.8301036855122, -32.8207565022106], [151.8301865582159, -32.82083396414151], [151.8305847633338, -32.82126049331401], [151.8306208371464, -32.82130294169883], [151.8308275662887, -32.82150271083231], [151.8310529473811, -32.82168767078855], [151.8311912379695, -32.82177695654531], [151.8317635077708, -32.822108641581], [151.831778268271, -32.8221172506079], [151.8323357814622, -32.82244036589975], [151.8325209184214, -32.82254698393069], [151.8329080991383, -32.82276905321135], [151.8332702950863, -32.82297677959662], [151.8334804337255, -32.82309677028911], [151.8340228312526, -32.82340659828782], [151.834052783249, -32.82342366847621], [151.8346250781464, -32.82375507400934], [151.8347636966949, -32.82383630187201], [151.835197310229, -32.82409161409913], [151.8354921983035, -32.82426589009532], [151.8357695956605, -32.82442438047161], [151.8362635607336, -32.82469586866432], [151.8363421080423, -32.8247400883352], [151.8369143883464, -32.82507391288851], [151.8370023396831, -32.8251255437778], [151.8374866601813, -32.82540872846647], [151.83763427119, -32.82549966895084], [151.838175908053, -32.82580926504323], [151.8384815667436, -32.82598489262426], [151.8386312949624, -32.8260723288642], [151.8392037073215, -32.82639728673485], [151.8392353567848, -32.82641469006109], [151.8397762754547, -32.82671065570855], [151.840009575094, -32.82684467434279], [151.8403641309613, -32.8270536200223], [151.8406691626952, -32.8272228880441], [151.8409212395857, -32.82735148517941], [151.8414398578, -32.82762361963506], [151.8415207228396, -32.82766483267346], [151.8415910718645, -32.82770493473441], [151.8420666694828, -32.82795774251218], [151.8422735617863, -32.82805773314971], [151.8432127338298, -32.8285162284875], [151.8433284344384, -32.82856661595065], [151.8441360036628, -32.82890404579564], [151.8443598355666, -32.82899583169626], [151.845507508866, -32.82943204588975], [151.8455084058384, -32.82943235685224], [151.8466559010039, -32.82981371676243], [151.8478044305439, -32.83018533799088], [151.8482080541716, -32.83030284375099], [151.8489534289139, -32.83052155854557], [151.850102582736, -32.83084631173534], [151.8506757976305, -32.83099954348069], [151.8509628607735, -32.83107480842989], [151.8512521159097, -32.83114235837047], [151.8514930671035, -32.83117864599376], [151.8524032152141, -32.83131717444337], [151.8529599641282, -32.83139657217976], [151.8535545780589, -32.83147184966879], [151.8541306102017, -32.8315220501604], [151.8547070771422, -32.83153843856559], [151.8552840723823, -32.83151349232969], [151.855574044382, -32.83148821723967], [151.8558615439548, -32.83145156807302], [151.8562383132587, -32.83136943875564], [151.8565041234601, -32.83131866623955], [151.8566787345376, -32.83122612548664], [151.8570200810206, -32.83104703703066], [151.8573086489906, -32.83093069171719], [151.8575996900556, -32.8308178770958], [151.8576144616341, -32.83081186257954], [151.8581792797251, -32.83059000067658], [151.8586276981723, -32.83039829940606], [151.8589571624831, -32.83026212271568], [151.8591817311794, -32.83017429538177], [151.8593387716263, -32.83010892820539], [151.8596326543986, -32.82997895313139], [151.8601576563276, -32.82974076847131], [151.8604988312387, -32.82958262195524], [151.8605250440472, -32.82956997245435], [151.860859435545, -32.8294130137561], [151.8613542083309, -32.82917641674533], [151.8616592216156, -32.82902914145683], [151.8618106170192, -32.82895670218619], [151.86201771739, -32.82886861123961], [151.8623327686494, -32.82874080158416], [151.8628185261701, -32.82855991293798], [151.8633534814381, -32.82832726537396], [151.8633984026342, -32.82830734539834], [151.8639784418957, -32.82804154990197], [151.8642743685747, -32.82791281890491], [151.8644914209405, -32.82781722497117], [151.8648858956593, -32.82767920462902], [151.8651373497731, -32.82760155712793], [151.8655860139539, -32.827501905764], [151.8656852397083, -32.82748058930133], [151.8657156278128, -32.8274735384403], [151.8660025540936, -32.8274372548176], [151.8662930018393, -32.82741690951877], [151.8665815552135, -32.82739881655243], [151.866870028162, -32.82738723398666], [151.8671584110211, -32.82739686004243], [151.8674462939088, -32.82741763659067], [151.8677362097582, -32.82745609234792], [151.8680217627815, -32.82751088304104], [151.868069970837, -32.82752439438445], [151.8685963801819, -32.82767137580458], [151.8691704893672, -32.82787231808754], [151.8693854119039, -32.82795909220539], [151.8697443162316, -32.82809538137371], [151.8703181004615, -32.82832204007929], [151.8704880181482, -32.82839185380635], [151.8708918046746, -32.82855562742395], [151.8714654678766, -32.82879232432151], [151.8714918680408, -32.82880425571187], [151.8715406050198, -32.82882415882517], [151.8720389565785, -32.82904325337842], [151.87252511139, -32.82925583981825], [151.8726124408556, -32.82929478915543], [151.8731856663879, -32.82956707012289], [151.8734115044988, -32.82968663005391], [151.8737584463472, -32.82987455198116], [151.8742269657209, -32.83011677609278], [151.8743313619867, -32.83017234244812], [151.8749040929763, -32.83048433114078], [151.8750186692176, -32.83054670335235], [151.8754769102343, -32.83079016865975], [151.8758482944133, -32.83097696627772], [151.8760499775129, -32.83107647443978], [151.8766230031997, -32.8313663776575], [151.8766977055333, -32.83140740135917], [151.8771954189051, -32.83170504157408], [151.8774411081449, -32.83183687997638], [151.8777683528067, -32.83200286048572], [151.8779317415832, -32.83208232757755], [151.8781116204977, -32.83218186000875], [151.8782385738203, -32.8322668388098], [151.8783409338077, -32.83232905072828], [151.8786153641228, -32.832481615755], [151.8786272847291, -32.83248765287908], [151.8789138565204, -32.83262838576928], [151.8790412925109, -32.83269683967814], [151.8792180505072, -32.83279753343095], [151.8794865423592, -32.83294688507266], [151.8797326243848, -32.83303521898085], [151.8799918816363, -32.83312815886507], [151.8800606127193, -32.8331554344561], [151.8803479225592, -32.83323771988063], [151.8805687786686, -32.83334472063484], [151.8806345214107, -32.83337708303736], [151.8809207481087, -32.83354580703065], [151.8809455508712, -32.83355949846629], [151.8812072161718, -32.8336957498841], [151.8813572967877, -32.83377458380301], [151.881493607634, -32.8338515022445], [151.8816867140614, -32.83398892817797], [151.8817793751332, -32.83405710842288], [151.8819381262086, -32.83417896909697], [151.8823175803399, -32.83436662039139], [151.8823520073039, -32.83438182332429], [151.8823720506739, -32.83438834683886], [151.8824452949276, -32.83441851706965], [151.882925673591, -32.83462354436142], [151.8833687633518, -32.83484956475957], [151.8834985959157, -32.83492532798414], [151.8837177699714, -32.83506408661805], [151.8837846463673, -32.83510934567221], [151.884071720469, -32.83521125947266], [151.884308222207, -32.83528075623559], [151.8843590247648, -32.83529482216784], [151.884646484365, -32.83536638556336], [151.8848250921405, -32.83543099628957], [151.8852201987722, -32.83560564723689], [151.8853100957546, -32.83564620777446], [151.8854661396509, -32.83571387850441], [151.8857934979894, -32.83587839356437], [151.8863115632224, -32.83614421762508], [151.8863665319841, -32.83617266569087], [151.8869390301554, -32.83650980079307], [151.887067449377, -32.83657374690256], [151.8874192155315, -32.83671466992223], [151.8876738693421, -32.83681660594681], [151.8880865684463, -32.83698197315402], [151.8883291378967, -32.83707324220831], [151.8891135188876, -32.83743754791141], [151.889233585219, -32.83749700479439], [151.8901132868505, -32.8379674224289], [151.8903796849089, -32.83808682196434], [151.8907831637081, -32.83829797594404], [151.8909049524688, -32.83836934298728], [151.8910446144472, -32.83843598942053], [151.8915257417503, -32.838681312105], [151.8916626018345, -32.83874761840599], [151.8917667922796, -32.83879676430684], [151.8921987620536, -32.83903198294553], [151.8924177350251, -32.83915807156154], [151.8926716222683, -32.83929123941863], [151.8928222099047, -32.83936235761644], [151.8932195527998, -32.8395879706726], [151.893244505495, -32.83960127470505], [151.8937176418352, -32.83984066374217], [151.8938175526164, -32.83989803832424], [151.8940431158931, -32.84001806089009], [151.8940951872943, -32.84004466784273], [151.8943075348052, -32.84014314195105], [151.8946910638958, -32.84035638536085], [151.8949635941348, -32.84049788988813], [151.8952501280594, -32.84064586198315], [151.8952842732402, -32.84066324146988], [151.8955366854871, -32.84079201351864], [151.8957060553439, -32.84087836479915], [151.8957964306877, -32.84091883450498], [151.8960681718434, -32.84106224141027], [151.8961098259131, -32.84108286116754], [151.896131504895, -32.84109352306285], [151.8963964462679, -32.84122415633635], [151.8965678018765, -32.84130877554861], [151.8966830670819, -32.84136586905089], [151.8969696926795, -32.84150688816817], [151.8970055492439, -32.84152403932484], [151.897256365635, -32.84164415130653], [151.8974545923244, -32.84173940110355], [151.8975430424217, -32.84178193955535], [151.8978297433564, -32.84191708281929], [151.8979121006779, -32.84195483982279], [151.8981164920194, -32.84204843427932], [151.8983819899627, -32.84217038191531], [151.8984032419343, -32.84218013557853], [151.8986900982555, -32.8423029078283], [151.8988866919016, -32.84238622460322], [151.8989769695918, -32.84242452853738], [151.8992639467673, -32.84253802073454], [151.899434792515, -32.84260245096544], [151.8995509848488, -32.84264625557643], [151.8998381474563, -32.84274445432919], [151.9000728351116, -32.84281946558116], [151.9001253991804, -32.84283624495015], [151.9004129237076, -32.84290519621777], [151.9007006755622, -32.8429557445171], [151.9009888737759, -32.84297048712699], [151.9012782293722, -32.84289092361087], [151.9013473548617, -32.8428306620894], [151.9013969171967, -32.84261969256045], [151.9012859800383, -32.84226187958814], [151.9012679758013, -32.84222285379565], [151.9012661743466, -32.84220325874901], [151.9012677907305, -32.84219575350488], [151.9012674492726, -32.84218862137095], [151.901078814218, -32.84184907990294], [151.9010512747178, -32.84177103890431], [151.9008951256992, -32.84147732525901], [151.9007224686793, -32.84118789921575], [151.9006633251696, -32.84109868765745], [151.900627615927, -32.84106303495071], [151.9005815334331, -32.84094766783733], [151.9005748579128, -32.84092123537852], [151.9005307484256, -32.84084904671283], [151.900409822893, -32.84054184964373], [151.9002927678414, -32.8402349533211], [151.9001684320704, -32.84007204520691], [151.8999806791439, -32.83965210991983], [151.8998140457078, -32.83922331519614], [151.8997298486743, -32.83902582676063], [151.8996005279809, -32.83863127295547], [151.899516829823, -32.83837508292652], [151.8993467900851, -32.83804643189916], [151.8992422720783, -32.83781483927532], [151.8990314115051, -32.83752519432704], [151.8988667128076, -32.83737560263734], [151.8987012072645, -32.83717601205274], [151.8985830845561, -32.83696020230713], [151.8984704150546, -32.83674179988486], [151.8984290586718, -32.83667427462211], [151.8982530361912, -32.83645777966461], [151.8980640964093, -32.83624825206755], [151.8979020193098, -32.83606854865326], [151.8976869438532, -32.83582211710416], [151.8973332207173, -32.83542818891419], [151.8973050305029, -32.83539594703745], [151.8969048421632, -32.8349696067794], [151.8967640304587, -32.83482091192172], [151.8965035112815, -32.83454326315109], [151.8961948363933, -32.83421418196559], [151.8961049484878, -32.83411693470646], [151.8957447670493, -32.83369095164147], [151.8956264131796, -32.8335458071453], [151.8954085796985, -32.83326517533135], [151.8952375015293, -32.83308062570626], [151.8950576913254, -32.83290184145903], [151.895020421063, -32.83286659158421], [151.894950050762, -32.83279838685087], [151.8947437726428, -32.83260698208238], [151.8945431026725, -32.83241191458166], [151.894399224684, -32.83223225991804], [151.8942145765349, -32.83197098864929], [151.8939208291072, -32.8315701171552], [151.8939143032493, -32.83156073982644], [151.8937255140443, -32.83134489443108], [151.8935269355061, -32.8311345062167], [151.8933521490303, -32.83092514850819], [151.8931700753476, -32.83070854122246], [151.8930199025854, -32.83049791515219], [151.8928777872806, -32.83028314642132], [151.8927852511538, -32.83013761431312], [151.8926038362046, -32.82985791319823], [151.8924275747131, -32.82943601320858], [151.8922626397892, -32.82900927458468], [151.892146833448, -32.82874348972257], [151.8920048964894, -32.82849005496593], [151.8916829534891, -32.82815852339991], [151.8916572088668, -32.82810101737755], [151.8915038530021, -32.82773412764277], [151.8913830922216, -32.82751887525319], [151.8912490609998, -32.82730906113437], [151.8910929933566, -32.82709987608092], [151.8909432183665, -32.82688354178271], [151.8906376993235, -32.82645802655344], [151.8905260882296, -32.8263160376377], [151.8902424908421, -32.82595862579262], [151.8899511432925, -32.82560632017947], [151.8896723656438, -32.82533920311971], [151.889388236355, -32.82507544920139], [151.8890529127515, -32.82475273154211], [151.8888550702411, -32.82459399097911], [151.8886519429178, -32.82443961209901], [151.8882467414198, -32.8241297873634], [151.8879588330674, -32.82389739676427], [151.8871036415818, -32.82331474548761], [151.8867191354627, -32.82304075553265], [151.8859597462585, -32.82256547345804], [151.8853656127683, -32.82218309068531], [151.8850878735534, -32.82201187367468], [151.884815625951, -32.82183536610552], [151.8845109213038, -32.8215834817546], [151.8842105565036, -32.82132718064236], [151.8836740558127, -32.82090288132162], [151.883411697444, -32.82066896581608], [151.8830128116588, -32.82047088118463], [151.8826568685852, -32.82027965260136], [151.8825294859231, -32.82021187400102], [151.8822520308734, -32.82005429428489], [151.8817603242921, -32.81975943420446], [151.8814935831108, -32.81961169633433], [151.8813846007311, -32.81954781682123], [151.8811077768875, -32.81938987781433], [151.8803618998559, -32.81893610429694], [151.8802399090364, -32.81886932151156], [151.8801834784724, -32.81883770341216], [151.8800615348332, -32.81875327327947], [151.8793912997263, -32.81831086050153], [151.8790961127613, -32.81812091454896], [151.8787687918505, -32.81789608188245], [151.8784632657959, -32.81770448459133], [151.8779523234573, -32.81737347909683], [151.8774595627613, -32.81703872949095], [151.8770185038576, -32.81672503661792], [151.8768091623576, -32.8165776425077], [151.8762828944092, -32.81618255558789], [151.8760873969479, -32.81602517631882], [151.8756669519122, -32.8157079479148], [151.8751797572512, -32.81532702951557], [151.8747575342961, -32.81497924433592], [151.8745252827981, -32.81479745253563], [151.8741192594871, -32.81447187734773], [151.873954571792, -32.814332538955], [151.8736157198956, -32.81404453826985], [151.873384215108, -32.81384076628967], [151.8731338288482, -32.81361739205454], [151.872814184131, -32.81332331914416], [151.8726690799745, -32.81319039838712], [151.8724865704795, -32.81300910255754], [151.8722444195963, -32.81278530091225], [151.872221713529, -32.81276355961063], [151.8717958155481, -32.81233691273047], [151.8716751074563, -32.81221202684691], [151.8713827321556, -32.81191037993926], [151.8711061388121, -32.81161234764505], [151.8709859528685, -32.8114839928482], [151.8706181794005, -32.81105786618224], [151.8705378999342, -32.81095520925464], [151.8702839573224, -32.81063204120005], [151.8701284648208, -32.81042192558607], [151.8699842269157, -32.81020652666922], [151.8699711250224, -32.81018343089033], [151.8697406728733, -32.80978151958067], [151.8696434898662, -32.80957122480834], [151.8695589909582, -32.80935706969558], [151.869456505622, -32.80893333470385], [151.8694476173018, -32.80851044481238], [151.8695411806146, -32.8080884799918], [151.8696269150753, -32.80766644537334], [151.8696359824912, -32.80737171244789], [151.8696351580838, -32.80707621114635], [151.8696490756594, -32.80651585996145], [151.8696738634195, -32.80597563018745], [151.8695959847347, -32.80428368762904], [151.8694885876242, -32.80343640559357], [151.8694323279843, -32.80301293878625], [151.8693694359498, -32.8025904027578], [151.8692671942791, -32.80217037743154], [151.869158315984, -32.80175128377556], [151.8689468201871, -32.80091197379426], [151.868943152449, -32.80089531263201], [151.8689359683898, -32.80087368058037], [151.8686699860637, -32.80004722512439], [151.8683300769667, -32.7991985333187], [151.8679266970023, -32.79834926700534], [151.8678176548723, -32.79814035922192], [151.8674938530183, -32.79749973291149], [151.8670140979606, -32.79664977288849], [151.866690424577, -32.79611528807618], [151.8665635449884, -32.7958951857521], [151.8664989259262, -32.79579949045524], [151.8659375997078, -32.79494878791547], [151.865810538044, -32.79476001156047], [151.8655591588879, -32.79441174789633], [151.8653411346063, -32.79409776445362], [151.8647147556817, -32.79324646709284], [151.8646136966132, -32.79310559242208], [151.8644259388331, -32.79286529997472], [151.8640680701669, -32.79239498232261], [151.8639141348916, -32.79220279207755], [151.8636339710038, -32.7918406577536], [151.863390428082, -32.79154321343054], [151.8632914481823, -32.79142194244798], [151.8630396942082, -32.79111721935624], [151.8627236997534, -32.79074076179421], [151.8626919034604, -32.79070308930756], [151.8626818090939, -32.79069115986721], [151.8624725475511, -32.79046851353036], [151.862240282063, -32.79026433852033], [151.8621539639597, -32.79021631222832], [151.8618709360979, -32.79013706424757], [151.8615793710067, -32.79007379752534], [151.8612893880257, -32.78998446636314], [151.8610053970789, -32.78988268265135], [151.8608775953429, -32.7898291414279], [151.8603997476318, -32.78962531688398], [151.8598589521381, -32.78938325546835], [151.8589530792659, -32.7889660013181], [151.8587131882604, -32.78883170217642], [151.8581763851025, -32.78847204001602], [151.8576430715663, -32.78810843909838], [151.8575702497936, -32.78806008224626], [151.8564265841495, -32.78734682674741], [151.8562633805846, -32.78725022655408], [151.8559178683466, -32.78703315156639], [151.8555701821783, -32.78681899307207], [151.8551394265967, -32.7866003832803], [151.8547060553716, -32.78638497415074], [151.8541373188884, -32.786075605424], [151.8538701390056, -32.78593179749765], [151.8535136921336, -32.78576404499881], [151.8530248748384, -32.78552936971482], [151.8518457753087, -32.78498680864749], [151.8511504252371, -32.7846665707462], [151.8507003578001, -32.78441640847291], [151.849682930284, -32.78380748131354], [151.849556471475, -32.78372829153119], [151.8487984837537, -32.78322962410766], [151.847969955663, -32.78268733534821], [151.8472705185675, -32.78221506837372], [151.8471020538248, -32.78209251257135], [151.8466115694845, -32.78173341262305], [151.8463668420851, -32.78155340817136], [151.846128741156, -32.78136773408528], [151.8459872780771, -32.78123662663586], [151.8455169557698, -32.78081201557472], [151.8452813137633, -32.78060015500517], [151.8450540739226, -32.78038240430254], [151.8449897195283, -32.78030898909014], [151.8446513185913, -32.77991753298403], [151.8443073279597, -32.77952989763577], [151.8440832653645, -32.77931156614983], [151.8438526923283, -32.77909793258868], [151.8433572607122, -32.77867550828051], [151.8427120906058, -32.77816542908562], [151.8422764557965, -32.77781990357272], [151.841570488535, -32.77731190519205], [151.8410211034856, -32.77696267481969], [151.8404272836422, -32.7765836718176], [151.8397242124389, -32.77610505092537], [151.8394202047708, -32.77590164487975], [151.8392845776875, -32.77581842299162], [151.8388964334771, -32.77552221633624], [151.8386576961844, -32.77533299267213], [151.8385473160056, -32.77524852446851], [151.8383421312171, -32.77506502587005], [151.8381441998307, -32.77487553643277], [151.8381043650277, -32.77483640473565], [151.8380583792651, -32.77478928629853], [151.8376690061449, -32.77439475602927], [151.837489315204, -32.77421366520304], [151.8372775875152, -32.77398839469907], [151.8370073429678, -32.77366379816544], [151.8369111827391, -32.77354210226781], [151.8366899509177, -32.77332657001006], [151.8364378453629, -32.773140969812], [151.8363766048315, -32.77311432980611], [151.8358647233714, -32.77289702195128], [151.8352831949164, -32.772681358554], [151.8350077207514, -32.77257191763294], [151.834717733452, -32.77246709453226], [151.8335708121701, -32.77203273450493], [151.8328652746004, -32.77181323681992], [151.8324229121833, -32.77167419866134], [151.8312746890825, -32.77134109921047], [151.8301267626449, -32.77098601324769], [151.8299718883351, -32.77094062707448], [151.8289788749894, -32.77062862913277], [151.8267584785758, -32.77006495239391], [151.8266814138253, -32.77004451996987], [151.8243832343392, -32.76951738338244], [151.8220838827714, -32.76908129147046], [151.8206649921535, -32.76883819517275], [151.8197844207109, -32.76865541613222], [151.8186351408979, -32.76840887645022], [151.8181673473939, -32.76829296316316], [151.8174865822593, -32.76810847035085], [151.8163387583768, -32.76775305893261], [151.8154523108909, -32.76742170322484], [151.815191989964, -32.76731859344545], [151.8148762664205, -32.76718329020173], [151.8144566941852, -32.76701785173668], [151.8140458061969, -32.76684106956486], [151.8137738710845, -32.76666084242976], [151.8136073426189, -32.76655862739324], [151.8132501503117, -32.76632942434179], [151.8129032640311, -32.76608995284073], [151.812740428677, -32.76594654222401], [151.8124891056164, -32.76570241723579], [151.8121208940049, -32.76530959074125], [151.8119392434138, -32.76511154653741], [151.8117664603897, -32.76490835483821], [151.8117252931089, -32.76484955734793], [151.811562801073, -32.76456160249143], [151.8114077046541, -32.76427038004164], [151.8112586999524, -32.76399951329529], [151.8110758662016, -32.76357680754603], [151.8109040905618, -32.76315053038644], [151.810647262134, -32.76240520183876], [151.8106148325734, -32.76230216686423], [151.8104326088427, -32.76161998364864], [151.8103714355816, -32.76145423808123], [151.8100866508817, -32.76060591573417], [151.8097296332512, -32.75975690652092], [151.8095349893503, -32.75938602734635], [151.8093886696996, -32.75914409068855], [151.809233079402, -32.75890657424384], [151.8090638137, -32.75869029907381], [151.8088886371463, -32.75847710192681], [151.8085322079301, -32.75805428935359], [151.8084020749486, -32.75792201129121], [151.8081738976935, -32.75773577019214], [151.8079382204166, -32.75755568237099], [151.8074635152147, -32.75719850441237], [151.8072611832292, -32.75705927314596], [151.8069800403262, -32.75689766087669], [151.8066941805777, -32.75674150722324], [151.8064076380358, -32.7565862624582], [151.8061171019256, -32.75643702083102], [151.8058845023513, -32.75633784825794], [151.8049712713903, -32.75594710036506], [151.8044004931863, -32.75575358193061], [151.8041134630877, -32.75566021134654], [151.8038238898304, -32.75557396089232], [151.803564277765, -32.75551905733283], [151.80330316818, -32.7554676039353], [151.8029897143333, -32.75539505914048], [151.8026747694548, -32.75533148043405], [151.8023876010311, -32.75531364943674], [151.802098216539, -32.75530768111958], [151.801808920754, -32.75530494698916], [151.8015225838536, -32.7553183069034], [151.801018022593, -32.7554457590615], [151.8006898239958, -32.75552361541429], [151.8003663214648, -32.75560957296045], [151.8000697389986, -32.75573907995073], [151.7997790741661, -32.75588064292424], [151.7994894351177, -32.75602384797173], [151.7992063682148, -32.75617493344299], [151.7990591992942, -32.75627261778499], [151.7980434551679, -32.75695951277561], [151.7978545412426, -32.75710668708382], [151.7968795779917, -32.75781443884836], [151.7966858954284, -32.75794108226899], [151.7962074538876, -32.7582023229412], [151.7959653302482, -32.75832922865357], [151.7957186475006, -32.75844864233028], [151.7952621297341, -32.75860630365764], [151.7946834175621, -32.75876745566609], [151.7945615293539, -32.75879871058521], [151.7942749377812, -32.75883165038454], [151.7939847253986, -32.75884331072655], [151.7936960635706, -32.75883365771756]], [[151.7993956069596, -32.78499790994948], [151.7990948254969, -32.78491332054813], [151.798822065379, -32.78478749811927], [151.7986882458819, -32.78459717031103], [151.798584133665, -32.78438416489746], [151.7984803168415, -32.78417236999042], [151.798444281546, -32.78410256246781], [151.7983452598897, -32.78377981770763], [151.7983300422703, -32.78374812150304], [151.798319611544, -32.78372614427929], [151.7982627678206, -32.78351782475283], [151.7982165091552, -32.78332422537471], [151.7981912362189, -32.78321302196645], [151.7980231250768, -32.7825360877618], [151.7980049083729, -32.7824765811813], [151.7979833011909, -32.7823731224791], [151.7979463749547, -32.78212214471102], [151.7978969873944, -32.78187593612193], [151.7978511699054, -32.78162949294494], [151.7978333821056, -32.78120651530838], [151.7978497077067, -32.78078386505211], [151.7979373706546, -32.7803618984255], [151.7980420762215, -32.77994009622591], [151.7981232994205, -32.77966014266406], [151.7982303844411, -32.77909628998287], [151.7983509280667, -32.77827781858252], [151.7983562694014, -32.77825188346674], [151.7983371155199, -32.77798787836406], [151.7983236093371, -32.77782876298352], [151.798266736663, -32.77740541017732], [151.7982767777168, -32.77698269929817], [151.7983202373682, -32.77656030898169], [151.7983581643599, -32.77642199993295], [151.7984328458863, -32.776138581949], [151.798544373797, -32.77571684639304], [151.798663914023, -32.77529518555366], [151.7987293015047, -32.77487300525303], [151.798731328778, -32.77474440816496], [151.7987277956805, -32.77457667514858], [151.7987162117895, -32.77445007232029], [151.798692723294, -32.77433739845156], [151.7986373310948, -32.77408576158393], [151.7986248392846, -32.77402638661687], [151.7985294650618, -32.77381407015417], [151.7984232097937, -32.77360164526874], [151.7983967047462, -32.77355456398925], [151.7983047701315, -32.77338910739564], [151.7981786242194, -32.7731764914912], [151.7981466175366, -32.77312873407584], [151.7979019292462, -32.77275103110259], [151.7978325264047, -32.77265318827324], [151.7975698801929, -32.77232503681068], [151.7972651639665, -32.77198934980726], [151.7972071265242, -32.77192037709142], [151.7971879102711, -32.77189856233866], [151.7971475830699, -32.77185437694749], [151.7968750240476, -32.77155189918682], [151.7967989631373, -32.77147202169357], [151.7966973681685, -32.7713585056307], [151.7966442025361, -32.77129872382585], [151.796578457265, -32.77122422839756], [151.796534797139, -32.77116782959359], [151.7964715698141, -32.77108717510066], [151.7961494678068, -32.77072951887982], [151.796053890856, -32.77061924433406], [151.7959205471731, -32.77048444543641], [151.7957570302003, -32.77032539221995], [151.7955611589682, -32.7701440828443], [151.7953719416325, -32.76995688693597], [151.7951892470091, -32.76976531869286], [151.7949933239138, -32.76951771925411], [151.7948614992023, -32.76933935871909], [151.7945448404613, -32.76891350460579], [151.7944274043596, -32.76874985690716], [151.7942127435481, -32.76848750309915], [151.7938601936643, -32.76807843159042], [151.7938438712982, -32.76806114268879], [151.7934277133326, -32.76763432979561], [151.7933485593844, -32.7675492070573], [151.7932919017497, -32.76748810578226], [151.7930370820932, -32.76720775748959], [151.7929562934959, -32.76712051388063], [151.7927237844959, -32.76688469385402], [151.7926221573742, -32.76678095384301], [151.7923487498792, -32.76649084853233], [151.7922080897454, -32.76635415313325], [151.7921554479634, -32.76629877742772], [151.7920036685175, -32.76614078045611], [151.7918713366491, -32.76600145870935], [151.7918002805053, -32.76592741542237], [151.7915982414585, -32.76571406108269], [151.7915872552571, -32.7657020646422], [151.7914005913551, -32.76550075274093], [151.7913032928914, -32.7653943511549], [151.7912042666345, -32.76528745489674], [151.7910193538643, -32.76508505411908], [151.7910092719782, -32.76507416958589], [151.7908224226926, -32.76486096059881], [151.7907356323959, -32.76475946119029], [151.7906385435485, -32.76464778399543], [151.7904572905449, -32.76443463047843], [151.7904519995535, -32.76442781472241], [151.7902890043364, -32.76422160191612], [151.7901687671751, -32.76406636865528], [151.7901232169064, -32.7640085972622], [151.7899703348635, -32.7637957170349], [151.7898860138259, -32.76367003181969], [151.7898237125883, -32.76358289708878], [151.789759923874, -32.76348795373639], [151.7896924982458, -32.76337022382569], [151.7896042224116, -32.7632027949648], [151.7895804291336, -32.76315773937927], [151.7894950697532, -32.7629455108966], [151.7894378573565, -32.76273355432795], [151.7894489943575, -32.76252225814505], [151.7896005101633, -32.76231231820714], [151.7896163909813, -32.76230358016289], [151.7899049885893, -32.76226754414017], [151.7901927259688, -32.76229509154734], [151.7902936619033, -32.76231901270631], [151.7904799381324, -32.76236184130954], [151.7907668488911, -32.76245091872687], [151.7910121362738, -32.76253735157229], [151.7910535987853, -32.76255159168841], [151.7913401309204, -32.76266842783957], [151.7915389419255, -32.76275383777937], [151.7916265911107, -32.76279064531872], [151.7919129368893, -32.76292174057295], [151.7920132508407, -32.76296981565355], [151.792199214863, -32.7630579204793], [151.7924610130506, -32.76318553590721], [151.7924854470441, -32.7631972078396], [151.7927715716106, -32.76334453466342], [151.792880329006, -32.76340097850908], [151.7930576881647, -32.7634928743754], [151.7932963618845, -32.76361639209341], [151.7933438099898, -32.76364089487578], [151.7934475298939, -32.76369448387675], [151.7936487784594, -32.7638032409061], [151.7937022258175, -32.76383170441312], [151.7939159156284, -32.76394668237145], [151.7941020965879, -32.76404695775244], [151.7942019622396, -32.7641004951044], [151.7944880072874, -32.76425414786951], [151.7945030439341, -32.76426221820856], [151.7947317897443, -32.76438573527304], [151.7949136817566, -32.76448260279585], [151.7950601333886, -32.76455935091286], [151.7953119058296, -32.76469280828371], [151.7953462100862, -32.76471087327741], [151.795632326365, -32.76485987828937], [151.7956704183836, -32.76487951296093], [151.7959943917249, -32.7650445133188], [151.7961501932754, -32.76512367397157], [151.796173228596, -32.7651354970443], [151.7962046402865, -32.76515153268895], [151.7966693015184, -32.76537987242745], [151.7967770847487, -32.76543411307568], [151.7970309412303, -32.76555494184248], [151.7970556598864, -32.76556656983519], [151.7970783374764, -32.76557749517679], [151.7973497926642, -32.76569702265255], [151.7975036876517, -32.76575530771339], [151.7977232672137, -32.76584664246082], [151.7979227486934, -32.76594190016158], [151.7980434504982, -32.76598746779922], [151.7982094107416, -32.76605073266904], [151.7984961916336, -32.76615077177297], [151.7986678782296, -32.76620486096243], [151.7987830949985, -32.76624156546586], [151.7990701452745, -32.76632181361907], [151.7993573242925, -32.76639233648751], [151.7995113600236, -32.76642434828995], [151.7996446414897, -32.76645242324804], [151.7999322015194, -32.76649461921397], [151.8002200005667, -32.76651919515808], [151.8005933757789, -32.76650918914464], [151.8007963478726, -32.76651198646442], [151.801084988067, -32.76648861226738], [151.8013733159546, -32.76645845776119], [151.8015416438107, -32.76644378666265], [151.8018999162095, -32.7664103093187], [151.8019822588626, -32.76640115980069], [151.8022544422029, -32.7663890460467], [151.8025267219803, -32.76639120079426], [151.8030538042237, -32.76645824302966], [151.8031020034753, -32.76646374368136], [151.8033922153473, -32.76653653060413], [151.8036760556033, -32.76662826166546], [151.8042484777152, -32.76689246155968], [151.8042487753561, -32.76689258786479], [151.8045420557117, -32.76705655453162], [151.804820404828, -32.76723857325453], [151.8049186128784, -32.76732166222331], [151.8053898912158, -32.76774567155462], [151.8053934694319, -32.76774900140043], [151.8056706198796, -32.76796370517565], [151.8059494389294, -32.76817710795183], [151.8059602596961, -32.7681868353958], [151.8061532886557, -32.7683939556992], [151.806338009369, -32.76860695274667], [151.8065225524375, -32.76882007926309], [151.8067116718838, -32.76902998723892], [151.8069032715221, -32.7692088252528], [151.8070967863179, -32.76938639081135], [151.8075882664955, -32.7698839505494], [151.8079695825688, -32.77021179888015], [151.8081382361536, -32.77034804426864], [151.8082353808869, -32.77043287695841], [151.8085711919205, -32.7707389171722], [151.8088050887417, -32.7709261340288], [151.8091250292778, -32.77116699359505], [151.8093756704078, -32.77135423914416], [151.809684370368, -32.77159511990783], [151.8099461174347, -32.77179286880983], [151.8102516852548, -32.77202331551916], [151.8105167708696, -32.77221640328486], [151.8108529438058, -32.77245183281042], [151.8110878387032, -32.77260917838663], [151.8114906966498, -32.77288069351408], [151.8116591135381, -32.772986579497], [151.8121893754274, -32.7733101267616], [151.8122307912972, -32.77333419092196], [151.812802580157, -32.77367377160732], [151.8129143729004, -32.77373980756636], [151.8133744791273, -32.77400538328243], [151.8136620057215, -32.77416969861781], [151.8139465321401, -32.77432570475651], [151.8144577497378, -32.77460004260138], [151.8145187699331, -32.77463240041584], [151.8150912306849, -32.77492239396599], [151.8153209534801, -32.77503101761897], [151.8156639267295, -32.77519508610135], [151.815999297187, -32.77533652949455], [151.8162368986103, -32.77544721135507], [151.8162779940972, -32.77546287354352], [151.8165235899778, -32.77555775916858], [151.8168104539922, -32.7756554058451], [151.8169029470296, -32.77568017993195], [151.8170975806077, -32.77573325411862], [151.817385050314, -32.77578520517289], [151.8177612621952, -32.77575721903543], [151.8180702070407, -32.77573086326078], [151.818538856102, -32.77569612395843], [151.8191397519835, -32.77569228917883], [151.8196917802334, -32.77567348391233], [151.8202681904241, -32.77566617302602], [151.8208444121542, -32.77567305821719], [151.8214207554654, -32.77567082139626], [151.8219971222838, -32.77566671224412], [151.8225734256451, -32.77566760018982], [151.8231493368017, -32.77569810748952], [151.8237248760227, -32.77575700567212], [151.8243004171734, -32.77581572998486], [151.8248757696205, -32.77588891523914], [151.8254509994337, -32.77597150995393], [151.8254551791015, -32.77597206889038], [151.8260263450178, -32.77604541872591], [151.8266011986354, -32.77615683979246], [151.8270205924193, -32.77625522870386], [151.827501768063, -32.77635723336937], [151.8277504458176, -32.77641515010771], [151.8281056784122, -32.77652013577801], [151.8285646489869, -32.77666983321558], [151.8288984399667, -32.77676958591155], [151.8291515261576, -32.77685228993988], [151.8294722469681, -32.77696163090093], [151.8300462739043, -32.77713699357599], [151.830542641961, -32.77728809453492], [151.8306203132961, -32.77731162491546], [151.8311940101337, -32.7775126083265], [151.8313864472647, -32.77757960947264], [151.8315400233795, -32.77763302110208], [151.8317677117691, -32.77771342389156], [151.831793370656, -32.77772257461157], [151.8320545236986, -32.77781690602438], [151.8322500034299, -32.77793823710834], [151.8323401839323, -32.77800858684049], [151.8325052325655, -32.77815202091887], [151.832628788321, -32.77825752166495], [151.8329095464403, -32.77854220663107], [151.8329433178664, -32.778578912716], [151.8331800629414, -32.77879617315347], [151.8334262835618, -32.77900622101316], [151.8334792645554, -32.77904909394044], [151.8338956580305, -32.77943340094197], [151.8340488229119, -32.77956872701469], [151.8343962558963, -32.77986086871158], [151.8346190112395, -32.7800405324947], [151.8347841589912, -32.78016494490191], [151.8349056989487, -32.78028841778325], [151.8350486706958, -32.78048066098239], [151.8351870803357, -32.78067542848339], [151.8352154950771, -32.78071410939367], [151.8353441624835, -32.78091948380325], [151.8354843838632, -32.78111757152442], [151.8355077212424, -32.78113963589971], [151.8357303742005, -32.78135310939444], [151.8357543032365, -32.78137589313269], [151.8359593004038, -32.78156664279436], [151.836064572355, -32.78166384446996], [151.8361861972003, -32.78177310843813], [151.8363240104582, -32.78188622964387], [151.8364604450395, -32.7819941085329], [151.8366092042346, -32.78211544298648], [151.8367251137449, -32.78220797059197], [151.8368944479588, -32.78234092929574], [151.8369978660677, -32.78242190914517], [151.8371501838044, -32.78253997530572], [151.8374649520292, -32.78279096619428], [151.8375390226976, -32.78284974116866], [151.8380353709872, -32.78324800143236], [151.8380601115197, -32.78326821442772], [151.8383065931812, -32.78348085602175], [151.8385673638242, -32.7837048998399], [151.8385868464164, -32.78371884988377], [151.8386053478292, -32.78373948284803], [151.8389940707384, -32.78413166533051], [151.8391743392747, -32.78430733187713], [151.8394312867114, -32.78455852677217], [151.8394589333593, -32.78458387729978], [151.8396851657205, -32.78477228369491], [151.8397440543903, -32.78481994624349], [151.8399547589081, -32.78498618466705], [151.840029344856, -32.78504312293012], [151.8402388801065, -32.78520022058916], [151.8403146474079, -32.7852654776546], [151.8404770133194, -32.78541383012873], [151.840599390231, -32.78553108526609], [151.8407017929953, -32.78562731562943], [151.8408841478067, -32.7857956389326], [151.8409349099589, -32.78584087887373], [151.8411691651976, -32.78604028655923], [151.8411888103677, -32.78605463200608], [151.8414550305905, -32.78621968892134], [151.8415317138184, -32.78626920990092], [151.8417408012289, -32.78640648972379], [151.8418432891747, -32.7864834951917], [151.8420261527497, -32.78662572754484], [151.8421048875459, -32.78669731917091], [151.8423108579913, -32.78689491396682], [151.8423262793427, -32.78691076997939], [151.8425750184695, -32.78712447364182], [151.8425958569514, -32.78714159890649], [151.8428363971315, -32.78733829359243], [151.842881042193, -32.78737401968459], [151.8431102097605, -32.78755222786361], [151.8431664320756, -32.78759065555766], [151.8434230109052, -32.78776652160417], [151.8434520220649, -32.78779202873523], [151.8436934064679, -32.78798042306516], [151.8437373461354, -32.78801405189688], [151.8440210412045, -32.78817973026815], [151.8443095186449, -32.78834051749249], [151.8444159765511, -32.78840990117237], [151.8448812247213, -32.78870348066278], [151.8451023304444, -32.78883904171227], [151.8454533690414, -32.78903274919139], [151.8459034217002, -32.78926923641779], [151.8460258252451, -32.78933819565958], [151.8461075879109, -32.78939208894678], [151.8464081570245, -32.78955450472642], [151.8465980139317, -32.78966476262082], [151.8466582327078, -32.78969899887881], [151.8468840610201, -32.78983182881376], [151.8470286432706, -32.78991381427807], [151.8471701527639, -32.78999551789587], [151.8473135364181, -32.79007533235387], [151.8478641449142, -32.79037601715493], [151.8481915643611, -32.79055872941109], [151.8483148728208, -32.79062351336876], [151.8488873568513, -32.79092844835577], [151.8490058767982, -32.7909890251504], [151.8494600866396, -32.79121460256721], [151.8498448056072, -32.79141954224303], [151.8500325126518, -32.79152464596342], [151.8505704911589, -32.79184901445797], [151.8506045029504, -32.79186877617593], [151.8511768337301, -32.79218686194577], [151.8513454341286, -32.79227893409359], [151.8517491432851, -32.79250691814917], [151.8521443510413, -32.79270906898853], [151.8523218975397, -32.7927925844856], [151.8528953732605, -32.79302243872479], [151.8531909433437, -32.79314146709197], [151.8534688920499, -32.79324917013793], [151.8540422734941, -32.79348674599635], [151.8541575899584, -32.79353062654479], [151.854752645763, -32.79379901583053], [151.855181470573, -32.79400529891501], [151.8551884447995, -32.79400896806249], [151.8557609304099, -32.79431713891256], [151.8559871606512, -32.79443547146656], [151.8561937581266, -32.7945405960777], [151.8563335700954, -32.79461376779057], [151.856808997693, -32.7948657862197], [151.8569061401869, -32.79491613499368], [151.8574780953583, -32.79526688620103], [151.8574908289023, -32.79527596620881], [151.8575071183631, -32.79529496705931], [151.8578615023167, -32.79572100940709], [151.8579634615215, -32.79584470786585], [151.8585500482347, -32.79657290686714], [151.8585848358354, -32.79661563598961], [151.8586132830884, -32.79665211649416], [151.8592224133267, -32.7974246531283], [151.8593342674433, -32.79757972744437], [151.8597457074563, -32.79825635561286], [151.8597580158364, -32.79827515080876], [151.8599061047605, -32.7985166615718], [151.8602820998688, -32.79912554089248], [151.8603104571764, -32.79917436002404], [151.8605315572648, -32.79955062084389], [151.8607587589784, -32.79997549781825], [151.8608737010454, -32.80021132565162], [151.860955730599, -32.80036927782368], [151.8609867312807, -32.80044291526781], [151.8611581467984, -32.80082474968577], [151.8612715576597, -32.80109854131638], [151.8613862847081, -32.80144336933068], [151.8614742986164, -32.80167324394569], [151.8615346539005, -32.80184657323036], [151.8616837681307, -32.80240528054043], [151.8617172155813, -32.80252107163932], [151.8617403494166, -32.80261504053743], [151.8618810035632, -32.80332933923137], [151.8618882772025, -32.80336824519145], [151.8618932049746, -32.80340231667168], [151.8619764781087, -32.80414878408294], [151.8619845649142, -32.80421473935405], [151.8620281826418, -32.80506075366418], [151.8620258746273, -32.80515194079493], [151.8620195766878, -32.80552920688149], [151.8620088867963, -32.80590619804912], [151.861954016839, -32.80632850866056], [151.8619480009759, -32.8063833154448], [151.8619076649437, -32.80675089565028], [151.8617926750193, -32.80696159850322], [151.8616703110781, -32.80717154816563], [151.8615769641227, -32.80759350866316], [151.8616755225144, -32.8080172129994], [151.8617880491438, -32.80821853571842], [151.8618979849008, -32.8084420446109], [151.8619213319945, -32.80847574085448], [151.8620216801847, -32.80861711675789], [151.8620903527918, -32.80871830845001], [151.8622071748937, -32.80886766402989], [151.8622766756577, -32.80894719895457], [151.862488524415, -32.80920860331707], [151.8625566184414, -32.80929364839955], [151.8629312306111, -32.80971986039629], [151.8630568317348, -32.80985463341779], [151.8633288048172, -32.81014627877261], [151.8636256693003, -32.81045964341268], [151.8637330956556, -32.81057275785861], [151.8641471708332, -32.81099932443914], [151.8641947191913, -32.81104837727668], [151.8645562865854, -32.81142584468432], [151.8647637129436, -32.81164248281016], [151.8649726638594, -32.81185242944872], [151.8653329809396, -32.81221522877752], [151.8653971940537, -32.81227908674833], [151.86561426712, -32.81249497751884], [151.8658096038135, -32.81270563281748], [151.8659020899677, -32.81280105907734], [151.8662368041478, -32.81313231149767], [151.8664715196377, -32.8133625909627], [151.8666743693949, -32.81355908257581], [151.867041081548, -32.81391389178742], [151.8671176002816, -32.81398590342872], [151.8675735826149, -32.81441283807578], [151.867610872906, -32.81444784127962], [151.8680283667308, -32.81483976025476], [151.8681805796359, -32.81498899822702], [151.8684761236177, -32.81526661730106], [151.8687503129718, -32.81552859759699], [151.8689283249155, -32.81569351291876], [151.8693201658966, -32.81605948123166], [151.8693870339637, -32.81612046570444], [151.8698614896448, -32.81654755700993], [151.8698902431464, -32.81657280637404], [151.8703595868953, -32.81697486187051], [151.8704606209599, -32.81706289429337], [151.870854672957, -32.81740213762049], [151.8709383569633, -32.81747158894632], [151.8710309030396, -32.81756123105748], [151.8713352592665, -32.81782928072198], [151.8716012224089, -32.81805711820135], [151.8718359150542, -32.81825660486476], [151.8721717390915, -32.81853789001423], [151.8723471989051, -32.81868401879069], [151.8727429574367, -32.81896359008266], [151.8728776587767, -32.81906176314897], [151.8729556863369, -32.81911230984804], [151.8732804127967, -32.81931390678159], [151.8733070651776, -32.8193297590704], [151.8733148679471, -32.81933489137487], [151.8735717940314, -32.81954066258612], [151.8736002437767, -32.81956659341392], [151.8737886273321, -32.81975401617194], [151.873885082087, -32.81984064058537], [151.8740654406083, -32.81996791288788], [151.8741708472699, -32.82004190863444], [151.8743765566637, -32.82018211546955], [151.8744566583812, -32.82023963777914], [151.8747106047773, -32.82039652344059], [151.8749150288182, -32.8205250782537], [151.8751124171487, -32.8206789834739], [151.875305535643, -32.82083714740901], [151.8754215295595, -32.82092981081678], [151.8755994705235, -32.82106474594059], [151.8758510150723, -32.82125238647586], [151.8759556207049, -32.82133291920161], [151.8761699279554, -32.8215534468701], [151.8762779564111, -32.82163903032915], [151.8763083448958, -32.82167930391677], [151.8763606160078, -32.82175059448235], [151.8765459858405, -32.82196447540315], [151.8766263621569, -32.82210496555547], [151.8767370434856, -32.82230815129537], [151.8767416957849, -32.82231740714752], [151.8768777396808, -32.82253003246495], [151.8770200328865, -32.82273113782287], [151.8770294710106, -32.82274279638079], [151.8772102561462, -32.82295582471585], [151.8773041879723, -32.82306130414742], [151.8774315839502, -32.82319139037463], [151.8776318410623, -32.82338241477061], [151.877873532838, -32.82364022473018], [151.8780385919887, -32.82380887047435], [151.8784166799854, -32.82423506604437], [151.8784422568644, -32.82426912274155], [151.8787500872673, -32.82466086424063], [151.8790093296968, -32.82503008946782], [151.8790383552855, -32.82507540431499], [151.8790652046323, -32.82510733753014], [151.87920707415, -32.82530758234725], [151.8793417388246, -32.82551178109566], [151.8795119253359, -32.82574854405601], [151.8797323230345, -32.82612609250776], [151.8798575537913, -32.82636201652605], [151.8801161700611, -32.82678713779251], [151.8801279605289, -32.82680537078301], [151.8801400919, -32.82682387964775], [151.8803953061449, -32.82721244407406], [151.8804708814689, -32.82730105727939], [151.8806895834701, -32.82763164417725], [151.8806947925765, -32.82763793173751], [151.8806967477116, -32.82764151577624], [151.8806988086114, -32.8276490775408], [151.880706264677, -32.82765899953637], [151.8807327745042, -32.82767749354457], [151.8810849525581, -32.82799488360246], [151.8812198012267, -32.82806543474169], [151.8812774011526, -32.82809908609761], [151.8813692964682, -32.82820977964894], [151.8814471168691, -32.828342208685], [151.8815340954852, -32.82849105078498], [151.8815676929461, -32.82859406024585], [151.8816678060673, -32.82875334291913], [151.881770462626, -32.82891597384224], [151.8817886801661, -32.82912754112454], [151.8816270946996, -32.8293375018917], [151.881549739971, -32.82937442377164], [151.8812608100055, -32.82942223129839], [151.8809725516923, -32.82941608981702], [151.8806848551737, -32.82936517460809], [151.8805663040652, -32.82932801866531], [151.8803976688586, -32.8292740056541], [151.8801104480564, -32.82918563163088], [151.8798229874687, -32.82911602551837], [151.8798106160737, -32.82910985304608], [151.8795365799347, -32.82896298155555], [151.879442392983, -32.82889515244824], [151.8792510704089, -32.82873815390963], [151.8791746237991, -32.82868135038206], [151.878965304891, -32.82853418895849], [151.8788354307145, -32.82846690599263], [151.878662807077, -32.8283656294704], [151.8785164966272, -32.82828123440515], [151.8783924195174, -32.82823392863696], [151.8781647992342, -32.82812510513628], [151.87807374334, -32.82808453314357], [151.8779603917502, -32.82803625770589], [151.8778188518893, -32.8279882213136], [151.877575826999, -32.8279108577845], [151.8772446907797, -32.82778992868293], [151.8767822401626, -32.82760288161575], [151.8766974627796, -32.82756315753727], [151.8766710799796, -32.82754813280894], [151.8766109503416, -32.82751250509472], [151.8762723949791, -32.82734115891935], [151.876098094056, -32.82725697772179], [151.8759135354904, -32.82717227402992], [151.8758113922822, -32.82712827324775], [151.8755243981631, -32.82702245635198], [151.8754635116079, -32.82700166302635], [151.8750046487139, -32.82682101409108], [151.8749505400963, -32.82680103816404], [151.8749181096589, -32.82678831848114], [151.8747864913809, -32.82673933833655], [151.8743765869904, -32.82658775525971], [151.87424473848, -32.82654024609883], [151.8739956752712, -32.82644777853022], [151.8738023786835, -32.82639416413969], [151.8735441780849, -32.82634868359582], [151.8734949245577, -32.82633408164799], [151.8733552925515, -32.82630365720246], [151.8732272963033, -32.82627073660535], [151.8729406759369, -32.82613579733948], [151.8728707083039, -32.82608789006326], [151.8726549284589, -32.82593221264051], [151.8725770483692, -32.82587383895736], [151.8723694332215, -32.82570858438618], [151.8723103260588, -32.82566003186304], [151.8720840067566, -32.82547962918972], [151.8720398412112, -32.82544619229645], [151.8717982430323, -32.82527764945917], [151.8717285927218, -32.8252319807284], [151.8715122160884, -32.82509621171806], [151.8713894168443, -32.82501751858052], [151.8712261552981, -32.82491772823664], [151.8710337701882, -32.82480290895342], [151.8709399463542, -32.82475123083998], [151.870648592934, -32.82458802990624], [151.8705352381853, -32.82452502557135], [151.8703673101993, -32.82443517278193], [151.8698603214916, -32.82415810454336], [151.8698113254989, -32.82413299699743], [151.8697946109946, -32.82412478698336], [151.869763759405, -32.82411175165981], [151.8693613680008, -32.82394663703036], [151.8692210148694, -32.82388549650028], [151.8689649243636, -32.8237723667358], [151.8689058532416, -32.82374763975844], [151.8688636001458, -32.82372629473491], [151.8686477669532, -32.82361861408901], [151.86855809706, -32.82357825488066], [151.8681050614304, -32.82334121600229], [151.8680748355793, -32.82332723405551], [151.8680587057302, -32.82331999690791], [151.8680364864264, -32.82331014577051], [151.8680083813462, -32.82329575483891], [151.86779602749, -32.82319097976222], [151.8675403284335, -32.82306589045902], [151.8675017939192, -32.82304484149131], [151.867215117855, -32.82291616757954], [151.8670987955667, -32.82286471514129], [151.8669284047669, -32.8227901033768], [151.8667343684776, -32.82272438983466], [151.8664024776539, -32.82262917201859], [151.8663540328338, -32.82261317467345], [151.8660661684447, -32.8225780779926], [151.8657780107224, -32.82256589273447], [151.8654895039874, -32.8225815390698], [151.8652006044017, -32.82262788617675], [151.8651864963643, -32.82263083095717], [151.8646220942938, -32.82277657729742], [151.8644210971494, -32.82284045139181], [151.8640431013714, -32.82296267725633], [151.8636246287493, -32.82306709803004], [151.8632104055505, -32.82320055436128], [151.8628858299174, -32.82327881040101], [151.8617286100931, -32.82359008021712], [151.8615212241335, -32.823659728206], [151.8605702977964, -32.82398647235954], [151.8594119232904, -32.8243867521636], [151.8592640268478, -32.82443077778663], [151.8590949064943, -32.82448325233116], [151.8582539092217, -32.82475824507821], [151.8579364881202, -32.82485462507759], [151.8572761623512, -32.82504941416903], [151.8570962906174, -32.82509793651963], [151.8569680854204, -32.82512190686907], [151.8567204709071, -32.82516975824558], [151.8561289930187, -32.82530179867194], [151.8559398697765, -32.82534353382539], [151.8556516991259, -32.82539598482379], [151.8553619797913, -32.82544135560903], [151.8550738137172, -32.82546748338109], [151.8547847554069, -32.82548703876301], [151.8542079493586, -32.82550010046646], [151.8539195012628, -32.82548626615613], [151.8536317712216, -32.82546427912331], [151.853343213842, -32.82542409467732], [151.8530562714241, -32.82537581551367], [151.8526422972186, -32.82526988612136], [151.8524818495874, -32.82520353047221], [151.8521759488924, -32.82503895279058], [151.8519171116662, -32.82484042705573], [151.8519100773468, -32.82482549099115], [151.8517430225733, -32.82441602460921], [151.851896696568, -32.82399462472915], [151.8519211948294, -32.82396140039953], [151.8521519286782, -32.82357415995733], [151.8524438117848, -32.82315402862116], [151.8525092412619, -32.82307345425096], [151.852749671446, -32.82273402265804], [151.8530498873798, -32.82231396815666], [151.8530965527, -32.82224177046521], [151.8532986571945, -32.82189343760433], [151.8535170291757, -32.82147263206571], [151.853687478341, -32.82112775034807], [151.8537248027856, -32.82105172506209], [151.8538344146248, -32.82084167332118], [151.8539419290456, -32.82063090727638], [151.854106160621, -32.82020960286229], [151.8541799123753, -32.81978747001841], [151.8541450329351, -32.81936434276065], [151.8539979584174, -32.8189401903756], [151.8538827103209, -32.81872482980793], [151.8537531797011, -32.81851513921617], [151.8537215461478, -32.81847527701251], [151.8534510698072, -32.81829385930274], [151.8531489481757, -32.81816446244011], [151.8528618509763, -32.81819600778221], [151.8525714591939, -32.81823432479371], [151.8522845790533, -32.81816175194018], [151.8519968258181, -32.81808210504971], [151.8518842956264, -32.81807520643639], [151.8514206288045, -32.8180515490796], [151.8511327219669, -32.81802542486429], [151.8508446732245, -32.81800236739582], [151.8505564930705, -32.81800188819972], [151.8502680437051, -32.81800546628637], [151.8496914911046, -32.81800268868295], [151.8491146938129, -32.81801880229085], [151.8490390420619, -32.81802135267742], [151.847960949645, -32.81806276524128], [151.8468261354651, -32.81803531413073], [151.8468081247121, -32.81803532544558], [151.8463479636354, -32.81802430689686], [151.8462317112126, -32.81802171207482], [151.8456553062014, -32.81800745890166], [151.8450788339293, -32.81799851343226], [151.8445023428839, -32.81799103077509], [151.8439257751442, -32.81798934362536], [151.8433587060968, -32.81799672266737], [151.8433490885304, -32.81799692653442], [151.8427720648183, -32.81803055076148], [151.8421946624167, -32.81809324677761], [151.8418180709241, -32.81812042419853], [151.8411852324962, -32.81818682632968], [151.8410401788043, -32.81819377353253], [151.8408997342038, -32.81819075263707], [151.8400300388709, -32.81817922580007], [151.8398873184009, -32.81816927661487], [151.8393108100802, -32.81809772749284], [151.8390229057545, -32.81805976667511], [151.8387361155939, -32.81801741859005], [151.838317594489, -32.81792511670471], [151.8378993749121, -32.81783102997872], [151.8375861626675, -32.8177699043141], [151.8372973798612, -32.81768560422262], [151.8370118836017, -32.81759280100033], [151.8367905468193, -32.81751305331221], [151.8364379637052, -32.81738833503732], [151.8361496095099, -32.81727626271521], [151.8358643806511, -32.81715824669146], [151.8357165686996, -32.81708026214864], [151.835489692843, -32.81688724150735], [151.8352941429654, -32.81667201545093], [151.8352833389989, -32.81665342508489], [151.835058404916, -32.81622852507707], [151.8348303813094, -32.81580359789393], [151.8348025088824, -32.81574987425], [151.8344532034033, -32.81506123580846], [151.8343963605529, -32.81495394340311], [151.8343572041874, -32.81488286736095], [151.8342945240049, -32.81476434897945], [151.8341707588703, -32.81439233419178], [151.8340696961153, -32.81410528729253], [151.8339534126901, -32.81368139714431], [151.8338479335811, -32.81325760552477], [151.8337514679497, -32.81283390174724], [151.8336408306061, -32.8124100638646], [151.833620745174, -32.81236025981883], [151.8334057474715, -32.81198506629954], [151.8332688552036, -32.8117705031795], [151.833124784655, -32.81155964066971], [151.8330557563241, -32.81147569735811], [151.8327477304289, -32.81113331855329], [151.8324873606498, -32.8108525054792], [151.8323679920433, -32.81070697028673], [151.8320080822647, -32.81028080586731], [151.83191972284, -32.81017196374131], [151.8316608340222, -32.80985475859757], [151.8313527468862, -32.80944150903304], [151.8313427889623, -32.80942898397251], [151.8310986643113, -32.80919262166077], [151.8309479641659, -32.80900249064598], [151.8307842107606, -32.80883091658046], [151.8305425916988, -32.80857589757312], [151.8302155622505, -32.80822948879961], [151.8301398145886, -32.80814932745238], [151.82972862612, -32.8077226774455], [151.8296805692692, -32.80767202884249], [151.8296468767001, -32.80763144346423], [151.8293470511538, -32.80729630399713], [151.8292763723191, -32.80722206706037], [151.8290787056135, -32.80699478677582], [151.8289699704302, -32.80686997044859], [151.8286824107082, -32.80661033534335], [151.8285093187006, -32.80645134604765], [151.8284998194072, -32.80644276398061], [151.8283223700749, -32.80629898654576], [151.8280901884053, -32.80607200900499], [151.8280254760989, -32.80601551852959], [151.8279992128768, -32.80599312669187], [151.8279394901323, -32.80594212329612], [151.8277331618494, -32.80576345376267], [151.8275232356001, -32.80558800908256], [151.827369054205, -32.80547964364547], [151.8268470318255, -32.80515886777943], [151.8268129050775, -32.80513532368252], [151.8267972913329, -32.8051186121852], [151.8267298836096, -32.80505772275347], [151.8264536072014, -32.8048194471981], [151.8263510037241, -32.80473141091778], [151.8262271914683, -32.80463136791553], [151.8260783946304, -32.80451745265913], [151.8259417366296, -32.80441876454546], [151.8257753775662, -32.8043032076564], [151.8256558624986, -32.80423810510854], [151.8253693034089, -32.80410960746985], [151.8253194966138, -32.80408752788378], [151.8250827213054, -32.80398296689879], [151.8248756973867, -32.80387195986424], [151.8247215518255, -32.80379247136307], [151.8245101509609, -32.80368466757386], [151.8242620382767, -32.80356631892795], [151.8240194486568, -32.80344111360318], [151.8239631183644, -32.80340281426987], [151.8239376180935, -32.8033838588824], [151.8233798086923, -32.80301229726894], [151.823374630272, -32.80300910672383], [151.8233661288793, -32.80300408625396], [151.8230816878715, -32.80286267339579], [151.8227932987633, -32.80272649791709], [151.8225099915651, -32.80258131383084], [151.8222208421039, -32.80242086309386], [151.8217096276621, -32.80215097753489], [151.821648294264, -32.80212225834634], [151.8210759815155, -32.80180631438913], [151.8208892520071, -32.80172044724384], [151.8206033347185, -32.80157002092989], [151.8205034340167, -32.80150836362782], [151.8201110168555, -32.80129030975138], [151.8200345984249, -32.80125135937209], [151.8199311651439, -32.80118970567287], [151.81964826618, -32.80102889677158], [151.8193588186729, -32.80087713898951], [151.8193196245782, -32.80086004293418], [151.8187853912153, -32.80064661130484], [151.8182835941865, -32.80042746265599], [151.8182361425892, -32.80040934890701], [151.818212222483, -32.80039693548667], [151.8176395527873, -32.80010962744797], [151.8174238165097, -32.79999653910983], [151.8170669444817, -32.79981796477875], [151.8167830539949, -32.7997245359316], [151.8164927625626, -32.79964534347334], [151.8159804154377, -32.79956009199333], [151.8159175795845, -32.79954849402259], [151.8156296710896, -32.79946128893852], [151.8153434955074, -32.79936880106277], [151.8150574772125, -32.79930333586577], [151.8147686486971, -32.79924676375072], [151.8145285463127, -32.79921176972977], [151.8142146618243, -32.79917100554849], [151.813904251952, -32.79911967246846], [151.8136186502064, -32.79902618545464], [151.8132116371692, -32.79893505892028], [151.812901522865, -32.7988942373421], [151.8124687249709, -32.79880036081153], [151.8118969318491, -32.7986803050868], [151.8118914635122, -32.79867928465808], [151.8118750574588, -32.79867559207844], [151.8115874435319, -32.79859042419997], [151.811320090981, -32.79847795870802], [151.8111252496316, -32.7982456689225], [151.8110102869966, -32.79803460657178], [151.8109052527037, -32.79782077357089], [151.8107569833877, -32.79747524588265], [151.8107239417189, -32.79739624475985], [151.8105773060298, -32.79697204579998], [151.810462308759, -32.79654814671284], [151.8103607428914, -32.79612437510832], [151.8102776201275, -32.79570077881169], [151.8102219384983, -32.79527744305028], [151.8102110010772, -32.7951875113165], [151.8101662785497, -32.79485410747685], [151.8100865617888, -32.79443054327101], [151.8099908579054, -32.79400682710326], [151.8098845325203, -32.79358300985132], [151.8097658413299, -32.79315907514609], [151.8096658640355, -32.79283829500127], [151.8096323847359, -32.79273499972152], [151.8095001457344, -32.79231093583638], [151.8093893737988, -32.79188707577873], [151.8092725728307, -32.79146315852864], [151.809150501969, -32.79103919080177], [151.8091150390032, -32.79091783547386], [151.8090169238536, -32.79061511351017], [151.8089194294481, -32.79034050724897], [151.8088819207935, -32.79019102300896], [151.8087685493335, -32.78976713760636], [151.8086774927536, -32.78934346437092], [151.8086049367234, -32.78891996655608], [151.8085692779974, -32.78861926589377], [151.8085524815098, -32.78849666090281], [151.8084953924164, -32.7880733106158], [151.808457595292, -32.78765014433441], [151.8083939540207, -32.78722673163099], [151.8083403620205, -32.7868034144941], [151.808309079231, -32.78659242313523], [151.808278668814, -32.78638002071551], [151.8082500472968, -32.78595694159316], [151.8081769180104, -32.78553343841673], [151.8081816333624, -32.78532110684546], [151.8081614311997, -32.7851104827206], [151.8081532046083, -32.78489900076482], [151.808067951339, -32.78468678578315], [151.8080457489525, -32.78465585463942], [151.8079319942493, -32.78451649435181], [151.8078089257473, -32.78438472702112], [151.8076726511288, -32.7842602168372], [151.8076053739333, -32.78421186814563], [151.8074765190415, -32.78412072108517], [151.8072498931166, -32.78397124663235], [151.807015601353, -32.78383115277916], [151.8069316599777, -32.78379059454483], [151.806904742745, -32.78377701588033], [151.8066211216742, -32.78365627644774], [151.8063314693305, -32.78354573245929], [151.8058430469478, -32.78339717140739], [151.8057573672027, -32.78337633923508], [151.8054709355702, -32.78333081428093], [151.8051820690757, -32.78329692589836], [151.804894231637, -32.78328305992073], [151.8046059621111, -32.78327771320915], [151.8043172335848, -32.78328940955248], [151.8040291802851, -32.78330930614902], [151.8035608389987, -32.78337539132372], [151.8034516759957, -32.78339465943822], [151.8031609450845, -32.78346712345922], [151.8028732553828, -32.783548342031], [151.8025818253121, -32.78364599875857], [151.802294174583, -32.78375114263105], [151.8022638411738, -32.78376367297562], [151.8022098543123, -32.78378528575678], [151.8017141055387, -32.78402763053816], [151.8015726937915, -32.78409896439149], [151.8013660964314, -32.78420002070078], [151.801133452305, -32.78434704994697], [151.8008922095253, -32.78448039837127], [151.8006531706237, -32.78461600174228], [151.8005525510838, -32.78468498889941], [151.8002696077087, -32.78483856130754], [151.7999724066549, -32.78496624212323], [151.7996860308831, -32.78499961629797], [151.7993956069596, -32.78499790994948]]]}}, {"type": "Feature", "properties": {"base": "HMAS Albatross", "anef_band": "25-30", "anef_min": 25}, "geometry": {"type": "Polygon", "coordinates": [[[150.5614496103194, -34.92765782234477], [150.5614076059343, -34.927573677797], [150.5611400550829, -34.92741510876488], [150.5608239609448, -34.92739335362114], [150.5605060256618, -34.92743385283046], [150.560277843599, -34.92747699633196], [150.5601609541839, -34.92750546057732], [150.5599764191672, -34.92754492879328], [150.5598685525613, -34.92756867212148], [150.5595495694073, -34.92764450215378], [150.5592312814383, -34.92769668946488], [150.5590334407968, -34.9277054761161], [150.5585971381198, -34.92771919866027], [150.5582809509208, -34.92770016559513], [150.5579649405697, -34.92767590693319], [150.5573330030304, -34.92762399549787], [150.5567012920593, -34.92756439510674], [150.5560684817174, -34.927541962671], [150.5558800731275, -34.92754015692577], [150.5554352328244, -34.9275342816029], [150.5551180022563, -34.92755086425723], [150.5548003925907, -34.92758021370713], [150.554482186276, -34.92762961177624], [150.5542297723484, -34.9276901857466], [150.5541630849382, -34.9277092205009], [150.5538831216375, -34.92782140066447], [150.553604938635, -34.92793846023858], [150.5535657979663, -34.92795558969931], [150.5535213176512, -34.9279882686638], [150.5531997774895, -34.92819480399646], [150.5528756544614, -34.92839838265377], [150.5528172616577, -34.92844431649627], [150.5525866407799, -34.92869688125552], [150.5523673061099, -34.92895697116967], [150.5522865707662, -34.92906090727132], [150.5522199665354, -34.9291455164979], [150.5519095523844, -34.92946946879584], [150.5518931889259, -34.92948311425732], [150.5515706157042, -34.92967914963327], [150.5515329408207, -34.92970757262719], [150.5514476973656, -34.92977051812863], [150.5511392696518, -34.92997566418717], [150.5510500250999, -34.93002458520044], [150.550924483947, -34.93010415991881], [150.5506716524787, -34.93038731230445], [150.5505852803096, -34.93048621364045], [150.550271088959, -34.93077317259127], [150.5501856902705, -34.93086364875217], [150.550076278565, -34.93099767203984], [150.5498503814994, -34.93121422783184], [150.5496181419967, -34.93142676229968], [150.5495559462078, -34.93148398587846], [150.5495285864711, -34.93150834535163], [150.5492484805745, -34.93172122862325], [150.5489695130206, -34.93193495217128], [150.548936732674, -34.93196563647598], [150.5488832060903, -34.9320170421168], [150.5485152631225, -34.93232394581133], [150.5483193910515, -34.93249293937907], [150.5482831427215, -34.93252665423427], [150.5480050529582, -34.93278190119577], [150.547993746818, -34.93279146974754], [150.5476796943012, -34.93303619183837], [150.5476695665504, -34.93304067724392], [150.5473500950629, -34.93313177533787], [150.5471568641565, -34.9332864936668], [150.5470261454943, -34.93337314720713], [150.5467847382068, -34.93353983903546], [150.5467026579928, -34.93359898488558], [150.5464290168189, -34.93379351270431], [150.5463794736836, -34.93381454630565], [150.5460608930679, -34.93387560159681], [150.5458456616851, -34.93404258563663], [150.5457365202276, -34.93413096946392], [150.5455186381828, -34.93429683851991], [150.5454632531593, -34.93433658609013], [150.545412518797, -34.93437378862177], [150.5451565895519, -34.93455038037354], [150.5450890955788, -34.9345971880511], [150.5447661850128, -34.93480329397107], [150.5447660946151, -34.93480334688013], [150.5444439676594, -34.93498613940454], [150.544311511494, -34.93505501593359], [150.5441222308688, -34.93515278333314], [150.5438011969632, -34.9352958395998], [150.5437778250088, -34.93530508405149], [150.5434809207308, -34.93541348130555], [150.5431610240475, -34.93551835162941], [150.5430457983027, -34.93555113449145], [150.5428417102619, -34.9356036411869], [150.542522435284, -34.93568762907358], [150.5422033546082, -34.93576508615769], [150.5420812494662, -34.93579247465618], [150.5418845698462, -34.93583261122279], [150.541566063369, -34.93589080894452], [150.541247968217, -34.93593520701978], [150.5409305800458, -34.93595592107567], [150.5406140236998, -34.93594877020325], [150.5402974489704, -34.93594225798398], [150.5399809964964, -34.93593163563349], [150.5396627944122, -34.93597958288331], [150.5395481616973, -34.93600203322234], [150.5393444618418, -34.93603189018785], [150.5390273224693, -34.93604425631844], [150.5387110632893, -34.93602716835551], [150.5383951163649, -34.93599964821522], [150.5382522099645, -34.93597576509501], [150.5380802111728, -34.93593728877153], [150.5377672953407, -34.93580842006872], [150.5374535808854, -34.93570628982127], [150.5374108156381, -34.93569784076584], [150.5371390689281, -34.93563084730602], [150.5370582987482, -34.93569069065478], [150.5371320782257, -34.93586457261159], [150.5371576257104, -34.93595356777814], [150.537305392353, -34.93621742533253], [150.5374327760334, -34.93640195134265], [150.5374770928669, -34.93648176912001], [150.5376004624927, -34.93674513351561], [150.53768241529, -34.9370076568888], [150.5376978114913, -34.93726882949278], [150.5376548859794, -34.93752882032709], [150.5375379758468, -34.93778731066652], [150.5373846944351, -34.93800958959946], [150.53712711293, -34.93803983952523], [150.537066446975, -34.93805873993978], [150.5369611433674, -34.9382973330878], [150.5368981991045, -34.93855691844595], [150.5368468372402, -34.93872042036003], [150.5368285863289, -34.9388163664853], [150.5367534824427, -34.9390757040552], [150.5367158696415, -34.93918849158092], [150.5366642655201, -34.93933475621714], [150.5365646546275, -34.93959359542038], [150.5364596636025, -34.93985232733718], [150.5363730369053, -34.94005908023189], [150.5363498899061, -34.94011096110097], [150.5362278723353, -34.94036934529129], [150.5360973477519, -34.94062755867839], [150.536035856702, -34.94074054847744], [150.5357959222283, -34.94114316348436], [150.5354559763659, -34.94165798549676], [150.5354379710068, -34.94168394204593], [150.5353714982289, -34.94176879770328], [150.535027711955, -34.94217101284289], [150.534838474386, -34.94236203769429], [150.5347166672659, -34.94247833424356], [150.5344912876762, -34.9426818426187], [150.5343535908966, -34.94279431779785], [150.5340665646538, -34.94302963325151], [150.5339316720689, -34.9431379978729], [150.5338691993143, -34.9431909298026], [150.5337757399759, -34.94330536761976], [150.5335461785369, -34.94355131797539], [150.5334363287856, -34.94370385846463], [150.533412119479, -34.94372555298065], [150.5331321994906, -34.94395853959315], [150.5330872671163, -34.94399428527663], [150.5327850619566, -34.94421234640294], [150.5327634751711, -34.94422756618729], [150.5324411430531, -34.9444120968115], [150.5323408018227, -34.944464178619], [150.5321196994813, -34.94456693177671], [150.5319005065267, -34.94463405829589], [150.5317999278053, -34.94466596851146], [150.5315763559254, -34.94470949904519], [150.5314813294394, -34.94472583505456], [150.5311637310571, -34.94475238608118], [150.5311014451635, -34.94475115950684], [150.530846842801, -34.94475523737981], [150.5305305821353, -34.94473716933953], [150.5304796504789, -34.94472932682908], [150.5302147792872, -34.94470382822288], [150.530028950557, -34.9446780273118], [150.5298993231617, -34.94465898223177], [150.5295840513113, -34.9446079682815], [150.529351975804, -34.94466425252995], [150.5292650079332, -34.94468266089598], [150.5289701590772, -34.94465648182666], [150.5289490451397, -34.94465467535196], [150.5289477622488, -34.94465602597097], [150.5287230845815, -34.94491231323553], [150.528621091897, -34.94502608630114], [150.5283040627974, -34.94503361698389], [150.5279878082251, -34.94501531603692], [150.5276684518674, -34.94510033165687], [150.5273513374133, -34.94511065383904], [150.5270342716918, -34.94511939223355], [150.5268377683328, -34.94513478195194], [150.526716757724, -34.9451429872571], [150.5263986748366, -34.9451855890066], [150.526080517349, -34.94523062267194], [150.5257622473581, -34.94527934826289], [150.5254437657263, -34.94533518218668], [150.5252968432241, -34.94536424190966], [150.5251251556598, -34.94539519407135], [150.5248063181372, -34.9454627953404], [150.5244871576519, -34.94554115867106], [150.5242382287045, -34.94560351868449], [150.5241679520586, -34.94562092207957], [150.5238489246459, -34.94569482263512], [150.5235300933194, -34.94576210740985], [150.5232114692191, -34.94582252886789], [150.5231300932521, -34.94584177575695], [150.5228923794431, -34.94589840933088], [150.5225738970563, -34.94595413086671], [150.5222554993236, -34.9460069866405], [150.5219371216746, -34.94605912252325], [150.5218352531751, -34.94607621179961], [150.5216187557151, -34.9461108975666], [150.521300104415, -34.94617217538428], [150.5209807861825, -34.9462555021239], [150.520801910944, -34.94631597373944], [150.5207031194113, -34.94634849050135], [150.5206606854543, -34.9463648254748], [150.5203400203879, -34.9464928935983], [150.5201725362565, -34.94656397956714], [150.5200192092551, -34.94662569691019], [150.5196984850346, -34.9467556220518], [150.5195572902783, -34.94681227033146], [150.5193779524573, -34.946879155212], [150.5190574851352, -34.94700053195879], [150.5189044506069, -34.94705978970853], [150.5187356811739, -34.94716613612758], [150.5185159550101, -34.94731270906163], [150.518527881234, -34.94757381266578], [150.5187178727234, -34.94775685825488], [150.5187914038684, -34.94784005852659], [150.5189917682984, -34.94810501323997], [150.5190222009278, -34.94817108292563], [150.5190986143057, -34.94836805651045], [150.5191452561683, -34.94862986933919], [150.5191564802161, -34.94875515832405], [150.5191614566979, -34.94895443814215], [150.5191868397321, -34.94915243851619], [150.519246736543, -34.94939167891437], [150.5192481678379, -34.94943625279183], [150.5192966405529, -34.94957693088969], [150.5193338612592, -34.94967716223766], [150.519456794861, -34.94994053391542], [150.5195954871756, -34.95017329389083], [150.5196156116823, -34.95020463877643], [150.5198223204885, -34.95046972165323], [150.5199009896919, -34.95054893279934], [150.520173969879, -34.95073776519928], [150.5202115321334, -34.95075744389368], [150.5205255667119, -34.95085002066446], [150.5208411250226, -34.95089208136199], [150.5211576226585, -34.95090300877996], [150.5214744550128, -34.9509027460827], [150.521791488969, -34.95089582944007], [150.5221080900101, -34.95090332986177], [150.5224242518227, -34.95092538255284], [150.5227401559117, -34.95095596340747], [150.5230555531326, -34.95100343340528], [150.5231393495452, -34.95102440756938], [150.5234123846626, -34.95108858730191], [150.5236846642856, -34.95115439268307], [150.5239302055807, -34.95123408729148], [150.5242099410997, -34.95134186323861], [150.524311443237, -34.95138291638978], [150.5246235185386, -34.9515408721673], [150.5247572300386, -34.95161388391381], [150.524934770699, -34.95172627668626], [150.5251520461351, -34.95188279358763], [150.5252445194706, -34.95196175988275], [150.5254453865846, -34.952149633533], [150.5255521793642, -34.9522666904486], [150.5256920976099, -34.95241552238269], [150.5258091792792, -34.9525692252007], [150.5260105805085, -34.95287916357023], [150.5260549737138, -34.95294463798325], [150.526074198423, -34.95298213613637], [150.5261581714938, -34.9531871686691], [150.5262932649498, -34.95347121460065], [150.526315357899, -34.9537312520867], [150.5263098367517, -34.95399327182497], [150.5262431491963, -34.95425281315596], [150.5261771557191, -34.95451228846423], [150.5261762532404, -34.954774112211], [150.5262031772937, -34.9550345386931], [150.5262195669407, -34.95508361725661], [150.526306025935, -34.95546924563934], [150.5263435966604, -34.95555912013538], [150.5264231757548, -34.95570094215572], [150.5265501893942, -34.95595465665997], [150.5267051164277, -34.95607247947981], [150.5267269653442, -34.95608865173784], [150.5270178116849, -34.95621056245909], [150.5273327879396, -34.95627281957093], [150.5276492872107, -34.95628436763565], [150.5279659457356, -34.95629065899988], [150.5280861898169, -34.95627850157689], [150.5283546396948, -34.95623747775363], [150.5286021146707, -34.95620824217087], [150.528898779508, -34.95616809956311], [150.5289556759034, -34.95616315283212], [150.5292234036513, -34.9561394903422], [150.5292379069432, -34.95613834961023], [150.5295550195075, -34.95612950856588], [150.5298716219299, -34.95613761881435], [150.5299934203472, -34.95615516109854], [150.5301869799749, -34.95618722756944], [150.5305005933777, -34.95629495829172], [150.5307503919382, -34.95643142232655], [150.530812398346, -34.95646295814203], [150.5311224682791, -34.95668884288546], [150.5311351326619, -34.95670010779662], [150.5314328305816, -34.95690505941405], [150.5315271900234, -34.95696894186875], [150.5317437662385, -34.95710219777703], [150.5319972804899, -34.95723936030186], [150.532055586663, -34.95726988935678], [150.5323679828123, -34.9574184276554], [150.532584812379, -34.95751216574212], [150.5326807397851, -34.95755496162531], [150.53299756143, -34.95755598265453], [150.5330857652228, -34.9575223475718], [150.533317835402, -34.95744185298986], [150.5336364507696, -34.9573830344201], [150.5339542519908, -34.95735134388218], [150.534271529349, -34.95733714674122], [150.534588468975, -34.95733420746421], [150.5349052366106, -34.95733700363348], [150.534968499985, -34.95729973405821], [150.5352272420018, -34.95716497005935], [150.5354602920042, -34.95704886000078], [150.5355489162878, -34.95700394068177], [150.5358696387091, -34.95687464985394], [150.5360117510461, -34.95679919405109], [150.5361915860193, -34.95670442601579], [150.5364727096224, -34.95654768985958], [150.5365138307972, -34.95652421997363], [150.5368353818159, -34.95636714109344], [150.5370067210062, -34.9562976656282], [150.537155986271, -34.95624164466329], [150.5374755118429, -34.9561521646803], [150.5377943184459, -34.95608668559566], [150.5379878918746, -34.95605670910078], [150.5381125730491, -34.95603964421321], [150.5384316589691, -34.95596480119434], [150.5387502462555, -34.95590661421227], [150.5390686195706, -34.95585556192748], [150.5393180801929, -34.9558228199387], [150.5393866774347, -34.95581504056742], [150.5397043707605, -34.95578671643415], [150.540022215968, -34.95575328517469], [150.5403401304172, -34.95571755031199], [150.5406590222108, -34.95564909793569], [150.5408854248832, -34.95559372006164], [150.5409836840065, -34.95538755587432], [150.5410322144802, -34.95533583318786], [150.5409880086842, -34.95524284467939], [150.5408545394799, -34.95507137249666], [150.5409969072687, -34.95494507937178], [150.5413134501805, -34.95495510786805], [150.54162696371, -34.95506654611336], [150.5416596759437, -34.9550876804027], [150.5419376158299, -34.95527379859823], [150.5421318301342, -34.95535810284986], [150.542217233301, -34.95538768106923], [150.5422509177475, -34.9553923912635], [150.5425648381449, -34.95549032631158], [150.5427403128618, -34.95548689736137], [150.5428819333113, -34.95548195247972], [150.5431974368521, -34.95552686337595], [150.5433453732841, -34.95558195366226], [150.5438258816338, -34.95570262001161], [150.5441391378433, -34.95578760221633], [150.5444547847884, -34.95586308991591], [150.5444913778711, -34.95586712444072], [150.5450820752143, -34.95593238566983], [150.5450863961751, -34.95593287358429], [150.5450901175128, -34.95593352750143], [150.5450981198144, -34.95593499739596], [150.5451332665058, -34.9559405603157], [150.545717262782, -34.95602764545504], [150.5460325189538, -34.95608102036721], [150.5463510051775, -34.95602605281942], [150.5466665688663, -34.95606912945885], [150.5466964492286, -34.95597216262064], [150.5467679475072, -34.95571274577514], [150.5468105277046, -34.95555873928248], [150.5468321668159, -34.95545318276021], [150.5468963615393, -34.95519361820521], [150.5469655904434, -34.95493415631938], [150.5470229313897, -34.95474363102261], [150.547082931953, -34.95467566558978], [150.5472043525482, -34.95456217112866], [150.5472899110637, -34.95441898637], [150.5473525650406, -34.95431453655056], [150.5476408442577, -34.95416521549441], [150.54767433227, -34.95414919808843], [150.5479925397365, -34.95410331916457], [150.548207385357, -34.95391579792192], [150.5483177738103, -34.95382163133712], [150.5486346386923, -34.95382072682338], [150.5489502790348, -34.9538610146102], [150.5492665665813, -34.95387954219285], [150.5495828552639, -34.9538979968313], [150.5497247391106, -34.95394643474691], [150.5499707060155, -34.95405072547641], [150.5502089386594, -34.95415313313015], [150.550521853851, -34.95420314527797], [150.5508400492155, -34.95423954111641], [150.5514717069306, -34.9543075279683], [150.5517878476492, -34.95432688990854], [150.5521044021668, -34.95434075791343], [150.5524217772835, -34.95433663215783], [150.5527385789219, -34.95432411320405], [150.5530185495144, -34.95428703356629], [150.5532983859958, -34.95424803400147], [150.5533747582368, -34.95424019288589], [150.5536927022447, -34.95420305604796], [150.5540104582055, -34.9541723176157], [150.5543277190354, -34.95415819067449], [150.5546446699669, -34.95415444857565], [150.554988715846, -34.9541715943999], [150.5552771004003, -34.95419661259604], [150.5559102734687, -34.95421371799864], [150.5562268552203, -34.95422530544272], [150.5565433574483, -34.95423391707101], [150.5570345591127, -34.95421161343199], [150.5571780662079, -34.95419931796732], [150.5575799613607, -34.95410473577613], [150.5578159774109, -34.95405692296845], [150.5581322031476, -34.95404905829048], [150.5584498110877, -34.95405171849995], [150.5589910560857, -34.95405714554391], [150.5590834936061, -34.95405169219572], [150.5593612191498, -34.95402654077549], [150.559718560046, -34.95400508440167], [150.5600368709254, -34.95395550530014], [150.5602498586676, -34.95389756182379], [150.5603562137279, -34.95387102616951], [150.560677233616, -34.95373011380451], [150.5607700995921, -34.95364715411182], [150.5610028573858, -34.95343375299893], [150.5610314128531, -34.95340292226172], [150.5610721145003, -34.95336469185281], [150.5613106284245, -34.95313628926488], [150.5614092739532, -34.95303991238194], [150.561657828122, -34.95271513571316], [150.5617131354742, -34.95264455704262], [150.5617270688167, -34.95262292978236], [150.5620354953886, -34.95210739905741], [150.5623231131243, -34.95164783807854], [150.5623592123553, -34.95159217471274], [150.5626314522666, -34.95133210126863], [150.562919560694, -34.95108170014822], [150.5629561510976, -34.95105236366129], [150.5629748157046, -34.95103877083551], [150.5630267101011, -34.95100027033618], [150.5633941429846, -34.95072288361405], [150.5635936171437, -34.95057350467158], [150.5636233830925, -34.95053511213337], [150.5637827565315, -34.95031643785575], [150.5637391778197, -34.95005470065462], [150.5636407381257, -34.94994886722122], [150.563490555617, -34.94978884825406], [150.5633323098036, -34.9496652477352], [150.563142631263, -34.94952100224231], [150.5630223553831, -34.94943332029811], [150.5628392628208, -34.94930113692158], [150.5624152038407, -34.94898467323372], [150.562402289705, -34.94897469150789], [150.5617824747053, -34.94850799591859], [150.5616917380363, -34.94844841967785], [150.5611605741385, -34.94811183790881], [150.5608170380158, -34.94790912357115], [150.5605374632222, -34.94775663697811], [150.5601303017147, -34.94754382219799], [150.5599126869602, -34.94745795588341], [150.5596377724992, -34.94736369933133], [150.5596046891114, -34.9473536051272], [150.5595918007573, -34.94735084508824], [150.559284155779, -34.94728589348654], [150.5590378483341, -34.94723787425988], [150.5587981836716, -34.9472055737902], [150.5586535893202, -34.94718262239797], [150.5583381151109, -34.94713744604366], [150.5580226179194, -34.94709313838382], [150.5578369737601, -34.94706662500573], [150.5577071759321, -34.94704690099468], [150.5573919445733, -34.94699349726545], [150.5570768229416, -34.94693649262985], [150.556761853952, -34.94687440175687], [150.5564470585059, -34.94680644141454], [150.5563145877688, -34.94677512904479], [150.5561325740051, -34.94672798611788], [150.5558149332896, -34.94663610438596], [150.5556147419907, -34.94657770473816], [150.5555042426489, -34.94654978935154], [150.5553576479938, -34.94651263461839], [150.554959680617, -34.94641690386521], [150.5548752257193, -34.94639468451601], [150.5545611564636, -34.94630244059726], [150.5542539824778, -34.94621191003768], [150.5542471023253, -34.9462096717541], [150.5539333142763, -34.94610793282249], [150.5536198217791, -34.94599635741378], [150.5534649198521, -34.94593514939191], [150.5533069946777, -34.94586238524175], [150.5529946661528, -34.94571163606292], [150.5528991190903, -34.94566288432543], [150.5526831717647, -34.94553295128242], [150.5524695872381, -34.94539336367598], [150.5523729481399, -34.94531153570244], [150.5521757225317, -34.94512657698272], [150.5520659833361, -34.94498055356883], [150.551986560655, -34.94486190085246], [150.5518777962789, -34.94459884515425], [150.5518292320262, -34.94433700429937], [150.5518241879569, -34.94407604001731], [150.5518409514222, -34.9438155164616], [150.551864119565, -34.94355512104727], [150.5519048303047, -34.94329508033798], [150.5519634893518, -34.9430354005101], [150.552032027424, -34.94277592081795], [150.5521128612086, -34.94251668798489], [150.5521412119683, -34.94245073249931], [150.5522290489582, -34.94225816835262], [150.5523576274283, -34.94199989838108], [150.5524768893264, -34.94181567715339], [150.5525317177295, -34.94174254570288], [150.5527587325423, -34.94148626002277], [150.5528048922386, -34.94143857480697], [150.5530027980082, -34.94123031653402], [150.5531316770488, -34.94110231214802], [150.5532631361239, -34.94097470143527], [150.5534578128683, -34.94078787764965], [150.5535285209676, -34.94071918593806], [150.5537831010602, -34.94050184448867], [150.5538270236077, -34.94046433904202], [150.5539698053135, -34.94020635328837], [150.5540525298113, -34.93994715648302], [150.5541187774511, -34.93986601923677], [150.5542451510544, -34.93969017537029], [150.5544481359268, -34.93944279153641], [150.5544579423564, -34.93943359819986], [150.5547464798082, -34.93917854712481], [150.554775081024, -34.93910066657384], [150.5548247791876, -34.93891926254628], [150.5549830654138, -34.93866158667055], [150.5551087533404, -34.93853190115959], [150.5552400219457, -34.93840589933268], [150.5554349162144, -34.93821586125631], [150.5554952209338, -34.93815017403938], [150.5557126054661, -34.93789368791238], [150.5557629486915, -34.93783683661627], [150.5559411440314, -34.93763742588112], [150.5560905770019, -34.93747128366277], [150.5561396218495, -34.93741968513683], [150.5561717789033, -34.93738120557259], [150.5563862788734, -34.93712466105615], [150.5564188702413, -34.93708318392345], [150.5565897091784, -34.93686789137701], [150.5567479673771, -34.93666796567391], [150.5567936804005, -34.93661113319661], [150.5569997359308, -34.93635441756538], [150.5570769319504, -34.93625705957265], [150.5572056380504, -34.93609769647787], [150.5574059985219, -34.93584256018062], [150.5574073373701, -34.93584089144969], [150.5577354918768, -34.93541359647145], [150.5577659204904, -34.93537459009536], [150.5578022869984, -34.9353271103418], [150.5581806251784, -34.93481299474178], [150.5582566795412, -34.93470468960464], [150.5583959748802, -34.93450492650197], [150.5585158752333, -34.93434543355829], [150.5585465995606, -34.934298627244], [150.5585939599496, -34.934221517867], [150.5587865227466, -34.93393558771038], [150.5588807770043, -34.93378362124855], [150.5590598126798, -34.93348240238146], [150.5591264378354, -34.93337113469619], [150.5591769292517, -34.93326784786723], [150.5594269126916, -34.93275114767988], [150.5596228877877, -34.9323197482492], [150.5596609983249, -34.93223412438977], [150.5597354559472, -34.9320609683914], [150.5598865840274, -34.93171693372568], [150.5601017500367, -34.93119953118742], [150.560216362073, -34.93089351001186], [150.5602961281832, -34.93068170852206], [150.5604006800526, -34.93042294795157], [150.560418675132, -34.93038301931472], [150.5605195121503, -34.9301644721607], [150.5606038482589, -34.92997659719913], [150.5607399265388, -34.92966107340271], [150.560746057032, -34.92964729679477], [150.5607580006179, -34.92962075023019], [150.5608614814414, -34.92938875214276], [150.5609792695567, -34.92913025284037], [150.5610965791604, -34.92888339856717], [150.5611020150968, -34.92887185495852], [150.5612202942667, -34.92861336722694], [150.5613324889068, -34.92835475915547], [150.5614316003013, -34.92809588424024], [150.5614376194585, -34.92806284192835], [150.5614772624029, -34.92783593790381], [150.5614496103194, -34.92765782234477]], [[150.547630714241, -34.93590468607493], [150.5478338645735, -34.93564792690444], [150.5479112207017, -34.93556297525981], [150.5482302852719, -34.93548582710019], [150.5484762497337, -34.9354000374077], [150.5485513950574, -34.93534000105137], [150.5487897109455, -34.93514550269077], [150.5488756966392, -34.93508694974815], [150.5491635124291, -34.93489218605544], [150.5491991277613, -34.93486299687743], [150.5495199692558, -34.93472608789108], [150.5498022493655, -34.93464421565693], [150.5498397496361, -34.9346247656552], [150.5501634213765, -34.93439257545032], [150.5501657721881, -34.93439068838416], [150.5504874233791, -34.93414930147912], [150.550507799399, -34.93413672534012], [150.550810032182, -34.93395272491546], [150.5509254546204, -34.93388428768463], [150.5511324622689, -34.93376218716827], [150.5513868486886, -34.93363273155518], [150.5514541089991, -34.93359790465666], [150.5517750844164, -34.93345615993388], [150.5519918746127, -34.93338406742856], [150.5520951542566, -34.93334480269533], [150.5524148945456, -34.93324454539481], [150.5527346456474, -34.93314393915034], [150.5527594340926, -34.93313867705558], [150.5530537751063, -34.93306418800705], [150.5533746578488, -34.93292536170316], [150.5534440658201, -34.93289161185385], [150.5536962430529, -34.9327629326757], [150.5539327173669, -34.9326405939218], [150.554018054827, -34.93259279222195], [150.554231870434, -34.93247111394146], [150.5545667527966, -34.93228632747463], [150.5546622856898, -34.93223192406884], [150.5547057655124, -34.93220472357649], [150.5547641794576, -34.93217689835745], [150.5548530236359, -34.93213740221688], [150.5553056263603, -34.93190085396122], [150.555339370903, -34.93188633399291], [150.5556266492518, -34.93175702685875], [150.5559466874627, -34.93164642378406], [150.5559786796209, -34.93163834057111], [150.5562659460047, -34.93156202735952], [150.5565836173713, -34.93153106555371], [150.5568974079698, -34.93163099759226], [150.5569144880764, -34.93165717238304], [150.556901102583, -34.93191776592198], [150.556887910752, -34.93195114327767], [150.5567956657679, -34.93217650733419], [150.5566568486802, -34.93243457496465], [150.5565515666965, -34.93261131996894], [150.5565029909205, -34.93269234372491], [150.5563452859407, -34.93295003284385], [150.5562189657804, -34.93314524832647], [150.5561792437528, -34.9332075529403], [150.5560164296452, -34.93346513874337], [150.5558866381836, -34.93366977533691], [150.5558532811469, -34.93372271855776], [150.5557076163966, -34.9339608831695], [150.5556017271123, -34.93412765989643], [150.5555265813547, -34.93423786635196], [150.5554049222966, -34.9344245440933], [150.5553135608827, -34.93456613416515], [150.5552223276104, -34.93470673461803], [150.5551938752675, -34.93475289419126], [150.5550870329796, -34.93501160453633], [150.5549960053673, -34.93527063420834], [150.5548873054704, -34.93552930890928], [150.554880714271, -34.93554357544241], [150.5547811687641, -34.93578803312442], [150.5546492513264, -34.93604623900632], [150.5545442436672, -34.93620696223104], [150.5544857380081, -34.9363038093432], [150.5542904426065, -34.93656073727556], [150.5542142320551, -34.93665266602221], [150.5541356906796, -34.93675633983952], [150.5540808072234, -34.93681737698063], [150.5538857304873, -34.93704749630615], [150.5538612964981, -34.93707381832701], [150.5536162926658, -34.93732974460443], [150.5535588620852, -34.93738721045622], [150.5533958552559, -34.93758616437577], [150.5533062719098, -34.93784522161741], [150.5532247360891, -34.93797101844564], [150.5530959054253, -34.93810184470703], [150.5528988583569, -34.93827721933854], [150.5528186348355, -34.93835711993881], [150.5525725589689, -34.93859748166238], [150.5525491160184, -34.93861254876418], [150.552379130699, -34.93886998546174], [150.5523734734758, -34.93897605868449], [150.5522425044511, -34.93904392497956], [150.5520920668625, -34.93912505949663], [150.5519203346582, -34.93922511040347], [150.5516729345122, -34.93937747071834], [150.5515974627158, -34.93942989971856], [150.5512996745869, -34.93963080658511], [150.5512741756218, -34.93964855259048], [150.5509592430095, -34.93988480144418], [150.5509501719158, -34.93989123793847], [150.5506261211372, -34.94013540016215], [150.5506213418681, -34.94013884832526], [150.5503018393554, -34.94038734154776], [150.5502955279911, -34.94039313709902], [150.5499933811748, -34.94064790153595], [150.5499768499876, -34.94066291154445], [150.5497413218256, -34.94090367799123], [150.5496493044247, -34.9410243716784], [150.5495428601608, -34.9411605341632], [150.5494029809337, -34.94141857341754], [150.5493135207621, -34.94166243388332], [150.5493086870071, -34.9416775316389], [150.5492459496094, -34.94193712725217], [150.54918480115, -34.94219675488995], [150.5491190712615, -34.94245628999545], [150.5490438877797, -34.94271563469965], [150.5489579729034, -34.94296408566521], [150.5489543350928, -34.94297468825818], [150.548852799536, -34.94323350079765], [150.5487373293137, -34.94349203089536], [150.5486211824062, -34.94363552303281], [150.5485348130301, -34.94374880425505], [150.5483598242729, -34.94400613262275], [150.5482926852641, -34.94402823105588], [150.5480386227104, -34.94399964603991], [150.5479769296344, -34.94399312499223], [150.5479660234141, -34.94399817979797], [150.5477905987636, -34.94425549798649], [150.5477128257287, -34.94451478887765], [150.5477051737372, -34.94477549659149], [150.5477016414322, -34.9450362870129], [150.54771510994, -34.94529742082631], [150.5477453499561, -34.9455588931454], [150.5477848660233, -34.94582055306802], [150.5478285709592, -34.946082297582], [150.547875648316, -34.94634411019331], [150.5479043432694, -34.94642980563435], [150.5481003371476, -34.94660951024719], [150.5482132056369, -34.94669663963788], [150.5485252883819, -34.94685545542836], [150.5485508577608, -34.94687946973704], [150.5488345019679, -34.9471105755992], [150.5489649389683, -34.94714869243182], [150.5491488374242, -34.94719383081457], [150.5494640424661, -34.94724786026836], [150.5497791342839, -34.94730566740236], [150.5500939087734, -34.94737423217464], [150.550409083614, -34.94742928242778], [150.5507273773018, -34.94737962024533], [150.5509696942086, -34.94745001224521], [150.5510414829582, -34.94747066202933], [150.5513550550664, -34.94757966218737], [150.5516680434248, -34.94770827457336], [150.5517107793393, -34.9477258215465], [150.5519807017238, -34.94784805795467], [150.5522935326997, -34.9479821115761], [150.5523175367417, -34.94798895218253], [150.5526841637562, -34.94813798389373], [150.5529200405228, -34.9482217514834], [150.5530889277242, -34.9482753305208], [150.5532339262637, -34.94832042545659], [150.5535481856411, -34.94840651484731], [150.5537516418635, -34.94846507044059], [150.5541762763742, -34.94859316543608], [150.5548040602835, -34.94879020156446], [150.5549347619076, -34.94883424465462], [150.5553501402869, -34.94897763397262], [150.5554312821704, -34.94900634459583], [150.5555548257896, -34.94905243241413], [150.5558694174405, -34.94916715261883], [150.5560579557809, -34.9492409836372], [150.5563651257892, -34.9493754454644], [150.5563742948815, -34.94937900105583], [150.5563878673344, -34.94938522646129], [150.5566817805886, -34.94957178622002], [150.5568197918843, -34.94965478201669], [150.5569302171252, -34.94991786650473], [150.5566948930677, -34.95017399275213], [150.5566633165615, -34.95019372203353], [150.5563410978755, -34.95037534681001], [150.556232018183, -34.95042553815017], [150.5560200523473, -34.95051737841692], [150.5556988121525, -34.95066600841261], [150.5556751409742, -34.9506751888415], [150.5553785497159, -34.95078164318966], [150.5550590653281, -34.95087101840039], [150.5548509114951, -34.95091945252392], [150.5547401452076, -34.95094142065568], [150.5543655125396, -34.95101723608883], [150.5541035025925, -34.95104191657214], [150.5538084666807, -34.95110492151218], [150.5535146238005, -34.95117343630949], [150.5534656353871, -34.9511835154097], [150.5531474877997, -34.9512278518979], [150.5528293427257, -34.95127205263543], [150.552511212936, -34.95131580975834], [150.5521931427712, -34.95135751123047], [150.5520231220839, -34.95138418677874], [150.5518748585152, -34.95140635901078], [150.5515564795661, -34.95145841812467], [150.5512381400554, -34.95150917955505], [150.5509197839253, -34.95156044656443], [150.5506016226467, -34.95160515442905], [150.5505207927723, -34.95161474484871], [150.550283757066, -34.95163987750743], [150.5501648149209, -34.95160756156815], [150.549969592461, -34.95155036053751], [150.5496522282633, -34.95156824465477], [150.5494032432151, -34.95159219029784], [150.5493345254866, -34.9515975755412], [150.5490174859406, -34.95160459050521], [150.5487002420679, -34.95161842370584], [150.5483821917221, -34.95165940624287], [150.548061469811, -34.95178996359238], [150.5477438878354, -34.95181515655059], [150.5477307989709, -34.95181927883186], [150.547423456433, -34.95193599384686], [150.5473607712403, -34.9520726652359], [150.5472538414408, -34.95233136629258], [150.5471537524722, -34.95259020545484], [150.5470818534989, -34.9527669980651], [150.5467658022378, -34.95274073045931], [150.5464483550489, -34.95276124888505], [150.5461334854806, -34.95269536217853], [150.5458185528643, -34.95263156684302], [150.5455032851711, -34.95257906310798], [150.5451871850835, -34.95255445747426], [150.5448696920184, -34.95257652893514], [150.5448373864447, -34.95257013529618], [150.5447215316015, -34.95254103668441], [150.544555007436, -34.95250451279708], [150.5442394997101, -34.95246005882939], [150.5439251480701, -34.95237692226215], [150.5436089455048, -34.95235577567439], [150.5432915675232, -34.95237402835693], [150.5429733795787, -34.95241942499842], [150.5426577939695, -34.95237764319552], [150.542372849492, -34.95223264927284], [150.5423456796035, -34.95221962157677], [150.5420332260925, -34.95207301513796], [150.5419458047446, -34.95203602921299], [150.5417958065968, -34.95196010460415], [150.5417207895184, -34.95192587935929], [150.541406716673, -34.95183356064956], [150.5410912479346, -34.9517879731531], [150.5407747555067, -34.9517766542067], [150.5405897174375, -34.95167481449573], [150.540462857139, -34.95161162593388], [150.5401497799238, -34.9514860680078], [150.5398442233004, -34.95139884813733], [150.5398356121704, -34.95139704264585], [150.5395197101257, -34.9513660265917], [150.5392029298423, -34.95136440003228], [150.5390643308391, -34.95138304068558], [150.5388845836763, -34.95141513991462], [150.5385633418704, -34.95156266863461], [150.5382459123422, -34.9515827236645], [150.5379281127651, -34.95161514572953], [150.537891355384, -34.95162011736545], [150.5376098428244, -34.95166327485441], [150.5372911612623, -34.95172514963019], [150.5369719407606, -34.95180501555592], [150.5368224242118, -34.95185929370234], [150.5366514182355, -34.95192835895051], [150.5363307202775, -34.95205753022435], [150.5360891908621, -34.95204361804628], [150.5360145481251, -34.95203551244867], [150.5356977307561, -34.95203505262509], [150.5353810922593, -34.95202861875561], [150.5350645349652, -34.95201947131528], [150.5347473440989, -34.95203148152018], [150.5344298784812, -34.95205266491104], [150.5342954782446, -34.95206885478973], [150.534111751482, -34.95209590021085], [150.5337925904701, -34.95217364850947], [150.5334718499475, -34.95230405486097], [150.533444214293, -34.95231242192216], [150.5331512320635, -34.95243034683796], [150.5328339270892, -34.95244610594858], [150.5325178932819, -34.95241946804248], [150.5322405307398, -34.95228795882849], [150.5322060323501, -34.95225369839619], [150.5321190335825, -34.95210005134192], [150.5321049943713, -34.95202434304281], [150.5320878705832, -34.95176313445421], [150.5321139420906, -34.95150280374281], [150.532114142205, -34.95140622627491], [150.5321244470033, -34.95124215706318], [150.5321285171417, -34.95107432025947], [150.5321307726085, -34.95098142490599], [150.5321074856519, -34.95072009099522], [150.5320210283105, -34.95045747297382], [150.5319464387846, -34.95034516990415], [150.5318225077289, -34.95019257629059], [150.5317230059169, -34.95011923750621], [150.5316382985675, -34.95005563055139], [150.531370354899, -34.94992252206572], [150.5313258684016, -34.94990915828367], [150.531010734369, -34.94985287215962], [150.5306945425532, -34.94983187607767], [150.5303773659567, -34.94984368363475], [150.5303200091794, -34.94985419303362], [150.5300594073969, -34.94988152419734], [150.5299872182723, -34.94989438802276], [150.5297407164039, -34.94994379764756], [150.5294219904517, -34.95000718020071], [150.5292943802871, -34.95003681276654], [150.5291035760079, -34.95006021182587], [150.5287896889361, -34.94996241581555], [150.5284722649415, -34.94998244071536], [150.5284075343959, -34.94991714817127], [150.5283664351271, -34.94986140000515], [150.528165964623, -34.94963212170103], [150.5280482116116, -34.94959406040891], [150.5278516971324, -34.94954708330221], [150.5275358107524, -34.94951599483579], [150.5272230259375, -34.94938164713716], [150.526908132741, -34.94931753776336], [150.5268576174386, -34.94930895104864], [150.5265926549499, -34.94927283736155], [150.5262771131999, -34.94923035724906], [150.5259618509208, -34.94917855190045], [150.5256476820283, -34.94909035257314], [150.5254993048092, -34.94902041154415], [150.5253357094664, -34.94892921153598], [150.5251274420514, -34.9487519711036], [150.5250752153398, -34.94849004629725], [150.5251888231551, -34.94823150213506], [150.525043268824, -34.94811851090111], [150.5247444237432, -34.94796158186909], [150.5247316217879, -34.94794666566065], [150.5245271058652, -34.94769629070328], [150.5247412575829, -34.94762626465609], [150.5250606267126, -34.94754126888114], [150.5253800556461, -34.94745430280335], [150.5253818285737, -34.94745285598555], [150.5253802423667, -34.94744809243565], [150.5253083201635, -34.94719049741371], [150.5253947457414, -34.94696570149131], [150.5254112338038, -34.94693173501315], [150.5257181322723, -34.94674691723742], [150.5259758571077, -34.9466823825548], [150.5260207533522, -34.9466697023804], [150.5260373387868, -34.94666722521765], [150.5263549585, -34.94664027304987], [150.5266718404539, -34.94663782635013], [150.5269887741711, -34.94663373721534], [150.5273060240908, -34.94661906229771], [150.5276236957617, -34.94659038384083], [150.5277587931743, -34.94656854230806], [150.5279420317519, -34.94653953970862], [150.5282583320301, -34.94655651286593], [150.5285760161183, -34.94652736420403], [150.5286626636107, -34.94647624578317], [150.5288994649089, -34.94630621310938], [150.5292135445825, -34.94639714118767], [150.5295308386876, -34.94638095647855], [150.5298419883409, -34.94650024697336], [150.5298440444617, -34.94650103862659], [150.5300680601138, -34.94657931843057], [150.5301573299099, -34.94661845645874], [150.5304710098966, -34.94672279491095], [150.5306852452367, -34.94677826241355], [150.5307854869814, -34.94680057005638], [150.5311008322408, -34.94684940240467], [150.5314167285029, -34.94687989641466], [150.5317328692496, -34.94690226644377], [150.5320496885198, -34.94690199365232], [150.5322761796882, -34.9468853900388], [150.5323671634274, -34.9468798527497], [150.5326850650559, -34.94684347178202], [150.5328017996039, -34.94682129444595], [150.5330040687159, -34.94677030395076], [150.5333250355934, -34.94663161864202], [150.5335324258613, -34.94657527936079], [150.5336445687832, -34.94654074399182], [150.5339648746364, -34.94642406717657], [150.5341712898985, -34.94632739652303], [150.5342864569786, -34.94626472840321], [150.5345653735852, -34.94607453903922], [150.5346099105933, -34.94604289334319], [150.53492236442, -34.9458209273123], [150.5349336355789, -34.94581192284375], [150.5352575257057, -34.9455753811925], [150.5352703976521, -34.94556713262295], [150.535580753563, -34.94536090211045], [150.535622722412, -34.94531342424483], [150.5358034928723, -34.9450562325772], [150.5359085818909, -34.94499268061708], [150.5362306495061, -34.94481682306269], [150.5362581359173, -34.94480459872898], [150.5365525696445, -34.94464585258009], [150.5367518773326, -34.94455375639149], [150.5368743796324, -34.94447851608345], [150.53719510567, -34.94434736613192], [150.537509824984, -34.94441697554288], [150.5378282869257, -34.94436147918248], [150.5379633750686, -34.94431746914768], [150.5381491243661, -34.94422654253759], [150.5383779368086, -34.94406501427039], [150.5384743666381, -34.94394426134886], [150.5385615759102, -34.9438078768618], [150.5385627100469, -34.94354703865963], [150.538488516274, -34.9434710676245], [150.5381747260715, -34.9433704815761], [150.538042863615, -34.943275636463], [150.5380294301742, -34.94301450337196], [150.5381377726272, -34.9427558386401], [150.5381961028843, -34.94265566334565], [150.538271701586, -34.94249769357975], [150.5384084804816, -34.94223960513563], [150.5385312946968, -34.94204039944572], [150.5385617906305, -34.9419818521564], [150.5386793074963, -34.94172337382946], [150.5387839997909, -34.94146463439665], [150.5388725597418, -34.94122181493799], [150.5388778831211, -34.94120567673485], [150.5389532837753, -34.9409463433409], [150.5390289584992, -34.94068701642772], [150.5391052815779, -34.94042770110195], [150.5391717862932, -34.94016818869181], [150.5391908520221, -34.93990771375235], [150.5392317592823, -34.93980295302845], [150.5395506888484, -34.93973117026559], [150.5397047686432, -34.93965726631541], [150.5398087196567, -34.93939851226668], [150.5397979062036, -34.93913743072989], [150.5395949944609, -34.93887245757486], [150.539576947019, -34.93885251012227], [150.539474336069, -34.9386091520077], [150.5394174293717, -34.93834713633458], [150.539344033107, -34.93808478843584], [150.5392863762714, -34.93797553932546], [150.5391950617411, -34.93782090682214], [150.538993119613, -34.93755595237479], [150.5389824559111, -34.93754539009956], [150.5386945851318, -34.93728903958532], [150.5386737905508, -34.93727408251141], [150.5383883807984, -34.93702197158666], [150.5383655968244, -34.93698706899909], [150.5382120042442, -34.93675753421496], [150.5383781646058, -34.93656668594622], [150.5386929963134, -34.93663158666982], [150.5389715510124, -34.93677293183396], [150.5390046922791, -34.93680142279169], [150.5392579474903, -34.93703959794226], [150.5393133622213, -34.93707256344749], [150.53962483215, -34.93725006274286], [150.5397665313286, -34.93731076470203], [150.5399379749773, -34.93737161040536], [150.5402527149712, -34.93743974139318], [150.5405684790943, -34.93747358398826], [150.5408844355999, -34.93750101519475], [150.5411576794947, -34.93759980655057], [150.5411975293332, -34.93762430905804], [150.5415115018241, -34.93771820452474], [150.5418284395447, -34.93771279370378], [150.5421473511536, -34.93764126820855], [150.5421989759232, -34.93762088955344], [150.5424674935722, -34.93752848768855], [150.5427859803933, -34.9374711550675], [150.5431037777071, -34.93743693595638], [150.5434219640878, -34.93738964815753], [150.5434473973767, -34.93738529267011], [150.5437406742511, -34.93732477060718], [150.5440601890973, -34.93723291915251], [150.5443175826535, -34.93714203452288], [150.5443804081149, -34.93711745321531], [150.5447017961995, -34.93696271220955], [150.544758036566, -34.93693572968255], [150.5448643830623, -34.93689223047033], [150.5449504183147, -34.93683470340164], [150.5450231407851, -34.9368094302514], [150.5453443044677, -34.93666213630866], [150.5454028141986, -34.93664225368786], [150.5456650279464, -34.93652961294731], [150.5459825242526, -34.93650531825278], [150.5460806510389, -34.93657347524777], [150.546076433078, -34.9366558696421], [150.5459947909336, -34.93691508252931], [150.5459673905747, -34.93701309928883], [150.5459401089419, -34.93717483926139], [150.5459606315982, -34.93723987943667], [150.546276237595, -34.93727910744462], [150.5464692005547, -34.93718553190848], [150.5465983845851, -34.93709882425719], [150.5467413332286, -34.93693016867854], [150.5469247577684, -34.93677661746352], [150.5470108206501, -34.93667475036005], [150.5472315952853, -34.93641834836302], [150.5472529428405, -34.9363935366448], [150.5474072425188, -34.93616103538506], [150.5475823017224, -34.935970898074], [150.547630714241, -34.93590468607493]], [[150.5324457422604, -34.95594417634823], [150.5324138435836, -34.95588927488609], [150.5323135627883, -34.95568062902026], [150.5322103520429, -34.95541766998548], [150.5321145211318, -34.95530503243123], [150.5319103754105, -34.95515071138527], [150.531842714099, -34.95491594516039], [150.5318397682772, -34.95488841494603], [150.5321325263384, -34.95470470635672], [150.5322052422753, -34.95463498550129], [150.5322884793308, -34.954375816744], [150.5323541050996, -34.95411629040393], [150.532473787212, -34.95389037782843], [150.532497550554, -34.95385834635391], [150.5327578395912, -34.95360277646057], [150.5328005886515, -34.9535580655791], [150.5330823451932, -34.95334851048312], [150.5331247550198, -34.95331357296732], [150.5331764660937, -34.95335042315423], [150.5334368083572, -34.95347312809537], [150.5336041160485, -34.95361997370395], [150.5337468231553, -34.95370075091239], [150.5340590121478, -34.95385585862772], [150.5341425326768, -34.95389177237593], [150.5343726686724, -34.95396204968949], [150.5346873227232, -34.95403496303749], [150.5350027697696, -34.95408141892324], [150.5353186043665, -34.95411495893495], [150.5353668405012, -34.95417749594162], [150.5355666495511, -34.95444241315738], [150.5356235194254, -34.95451310807289], [150.5357983810169, -34.95470797857911], [150.535932256099, -34.95478373281401], [150.5362440482993, -34.95495238231325], [150.5362945679354, -34.95497891019596], [150.5365572454491, -34.95507414435406], [150.5368701195608, -34.95520672927142], [150.5369743117965, -34.95525356537922], [150.5368666720785, -34.9553218944074], [150.5367481761382, -34.95541456271451], [150.5365451361994, -34.95547861106706], [150.5364755485874, -34.9555043044947], [150.5362255622068, -34.9555697658991], [150.5359059134352, -34.95566339219141], [150.5356613206499, -34.95574863858508], [150.5355850264068, -34.9557983425384], [150.5352751805525, -34.95600165942341], [150.5352618164767, -34.95601080126431], [150.5349418237356, -34.95611581388329], [150.5346252809894, -34.95610566916355], [150.534308096161, -34.95611694909263], [150.5339903030367, -34.95614851295187], [150.5336720817842, -34.95619437289099], [150.533505404091, -34.95622657216654], [150.5333533332354, -34.95625779031315], [150.5330333922547, -34.95636097285825], [150.5327208706447, -34.95621670673592], [150.5327125509992, -34.9562104600364], [150.5324457422604, -34.95594417634823]]]}}, {"type": "Feature", "properties": {"base": "RAAF Base Williamtown", "anef_band": "25+", "anef_min": 25}, "geometry": {"type": "Polygon", "coordinates": [[[151.8329916567914, -32.65142585310738], [151.8328380981398, -32.65137376357909], [151.8325487145179, -32.65149890520366], [151.8322618816893, -32.65142765250091], [151.8319752289456, -32.65134269988103], [151.8316871650821, -32.65136624176205], [151.8314347189332, -32.65150945618926], [151.8313970537502, -32.6515471813738], [151.8312810079035, -32.65171944962632], [151.8312330953765, -32.65193041218173], [151.8311020622327, -32.65210313014586], [151.831000540135, -32.65213965509144], [151.8308124655961, -32.65224422888917], [151.830772043315, -32.65234893534747], [151.8307966757869, -32.65256057349513], [151.8308080953245, -32.65257989305249], [151.8309899375992, -32.65277378238995], [151.8310919360554, -32.65288128107939], [151.8313314304595, -32.65298837133189], [151.8313779561416, -32.65301512310073], [151.8316657585803, -32.65301211504359], [151.8319534880253, -32.653014697552], [151.832240382211, -32.65308150673956], [151.8325270086413, -32.65316892792221], [151.832814521243, -32.65318821840073], [151.8330969513345, -32.65300479854257], [151.833100356963, -32.65300162801053], [151.8331054396015, -32.65294535801865], [151.833118413137, -32.6527935893434], [151.8331089810923, -32.65267278996749], [151.8331035417803, -32.65258204233712], [151.833101432743, -32.65237061397884], [151.8331148837007, -32.6522183717897], [151.8331248946627, -32.65215942335149], [151.833248818352, -32.65194916664074], [151.8332908114002, -32.65173814822705], [151.8331557098125, -32.65152546758362], [151.8331243487733, -32.65148974473676], [151.8329916567914, -32.65142585310738]]]}}, {"type": "Feature", "properties": {"base": "RAAF Base Williamtown", "anef_band": "25+", "anef_min": 25}, "geometry": {"type": "Polygon", "coordinates": [[[151.8497176895148, -32.67303065135724], [151.8495387345463, -32.67300226190628], [151.8492528826475, -32.67284814164299], [151.8491845392762, -32.67281436173727], [151.8489667458092, -32.67271640959228], [151.8486802251124, -32.67261457645463], [151.8483912336935, -32.67270536149073], [151.8483590046646, -32.67280678713462], [151.8483499395868, -32.67301810453171], [151.8483854217895, -32.67315833105562], [151.8483994609178, -32.67322996762988], [151.8484661661305, -32.67344198841823], [151.84855885322, -32.67365424761215], [151.8486650863886, -32.67379474098573], [151.8487243885633, -32.67386718317243], [151.848898187077, -32.6740801863732], [151.8489483876419, -32.67414789300642], [151.849066976519, -32.67429314337858], [151.8492291712497, -32.6745060396741], [151.8492315702887, -32.67451046668975], [151.8493491520425, -32.67471854862333], [151.8494845257538, -32.67493119861257], [151.8495134502916, -32.67497474126793], [151.8496422800364, -32.67514405366217], [151.8497965719678, -32.67534235538858], [151.8498087000594, -32.67535698795962], [151.8499736941529, -32.67556990897839], [151.85007950878, -32.67572475940864], [151.8501187150288, -32.67578264671977], [151.8502806336365, -32.67599553117998], [151.8503622535042, -32.67612216037264], [151.8504241020519, -32.67620825434653], [151.8504647520389, -32.67628544759918], [151.8505472732757, -32.67642079139449], [151.8506437352419, -32.6766184586964], [151.8506508122703, -32.6766331484738], [151.8506556309197, -32.67664216195237], [151.8507689980912, -32.67684563963365], [151.8507983219098, -32.67694074734675], [151.8508530217056, -32.6770578177904], [151.8509236120516, -32.67724033619271], [151.8509355729551, -32.67726999035978], [151.8509602455925, -32.67745271746577], [151.850976758606, -32.67748177606865], [151.8510107812804, -32.67769349615963], [151.8509422058652, -32.67788456160787], [151.8509565317129, -32.67790440780726], [151.8509147023181, -32.67793615018343], [151.8507957346295, -32.67811434348823], [151.8507379326907, -32.67832522248671], [151.8507710050621, -32.6785369339068], [151.8508450157351, -32.67874902030371], [151.8509029209928, -32.67885618689667], [151.8510009221992, -32.67896184876059], [151.8511569105314, -32.67917468574092], [151.8511861940557, -32.67921343597152], [151.851378568755, -32.67938812379231], [151.8514702054962, -32.67951317118644], [151.8515563358665, -32.67960115967929], [151.8516683495513, -32.67981359347368], [151.8517517233674, -32.68000791401477], [151.8517609044269, -32.68002584907964], [151.8518774559932, -32.68023833218507], [151.8519843208709, -32.68045071857631], [151.8520327955755, -32.68053763728722], [151.8521098793323, -32.68066327592243], [151.8522248304134, -32.68087573609694], [151.8523141369243, -32.68104675524808], [151.852337917302, -32.68108817911241], [151.8524573170164, -32.68130067978012], [151.8525760297854, -32.68151317404266], [151.852595626217, -32.68154436355604], [151.8527176297411, -32.68172587750399], [151.8528599226751, -32.6819385791793], [151.8528781218039, -32.68196350283824], [151.8530152388174, -32.68215140773071], [151.8531549265969, -32.68236409322145], [151.8531607508147, -32.68237259006077], [151.8533082145768, -32.68257690287373], [151.8534435454583, -32.68276882159944], [151.8534611477459, -32.68278970910751], [151.8536496652778, -32.68300284032279], [151.8537272891847, -32.68309086909738], [151.853847106118, -32.68321605278697], [151.8540111088829, -32.68340712563327], [151.8540321913885, -32.6834291520783], [151.8542092072953, -32.68364218536351], [151.8542946086704, -32.68374877311896], [151.854386780989, -32.68385521553205], [151.8545290232679, -32.68403132067778], [151.8545604022466, -32.68406820936411], [151.8545781223852, -32.68408931286876], [151.8547573943164, -32.68428141633086], [151.8548619969077, -32.68440193567204], [151.8549532418333, -32.68449461253732], [151.8551263335252, -32.68470760076502], [151.8551456726386, -32.68473010498235], [151.8553588480979, -32.68492112301914], [151.8554302678743, -32.68498645577415], [151.8556905673088, -32.68513555780032], [151.8557160340396, -32.68515113194906], [151.8560033241213, -32.68519638440682], [151.856094994204, -32.68513924633879], [151.8562014054394, -32.68492880821719], [151.8562792553359, -32.68471811755859], [151.8562976549726, -32.68468937795348], [151.8565857563229, -32.68467088733297], [151.8566811728336, -32.68472178130344], [151.856871913817, -32.68480494449665], [151.8570930226921, -32.68493693474073], [151.8571576205525, -32.68497426881987], [151.8574337006639, -32.68515144658664], [151.8574431534355, -32.68515769809693], [151.8577262646237, -32.68536551941287], [151.8577283520862, -32.68536709968839], [151.8580136633209, -32.68556794655439], [151.858034728079, -32.68557973630817], [151.858299015067, -32.68576571044798], [151.8583489711685, -32.68579400506593], [151.8585846720835, -32.68593957951077], [151.8588725762453, -32.68593687777508], [151.8589460628319, -32.68579943772738], [151.8589383418882, -32.68558795900509], [151.8588796233794, -32.68538285888758], [151.8588773487681, -32.68537599569822], [151.8587308686709, -32.68516325464577], [151.8585972334009, -32.6849522951162], [151.8585960914282, -32.68495061990723], [151.8584604388124, -32.68473798502413], [151.8583222157722, -32.68452531863784], [151.8583149260704, -32.68451544657302], [151.8581965171902, -32.68431276609812], [151.8580539771801, -32.68410006011737], [151.8580327801943, -32.68406612464798], [151.8579289155261, -32.68388751310954], [151.8577922489901, -32.68367486031531], [151.8577507540127, -32.68360761878341], [151.8576623359648, -32.68346226090705], [151.8575231207461, -32.68324958461409], [151.8574684456756, -32.68317167642346], [151.8573748012906, -32.68303682524459], [151.8572227788941, -32.68282403197014], [151.8571856316323, -32.68277527830816], [151.857084469816, -32.68261136344137], [151.8569936420706, -32.68239912739335], [151.8569050206451, -32.68220652282793], [151.8568977431729, -32.68218684507008], [151.8568694560093, -32.68197517877996], [151.8568489951284, -32.68176359175868], [151.8569130525248, -32.68157608238397], [151.8569409839426, -32.68155302140303], [151.8572034779866, -32.68137432157306], [151.857213825826, -32.68134409854719], [151.8572051696384, -32.68124131845701], [151.8571918150994, -32.68113248946094], [151.8570885687456, -32.68092014032266], [151.8569973211304, -32.68070790041941], [151.8569260758668, -32.68055380879917], [151.856893583723, -32.68049553868047], [151.8567878571868, -32.68028316669398], [151.8567082935834, -32.68007103304808], [151.8566461935916, -32.67992831991171], [151.8566067611881, -32.67985869912008], [151.8564816968451, -32.67964615062886], [151.856364133629, -32.6794738093509], [151.856333957707, -32.67943339531087], [151.8561722882267, -32.67922051281442], [151.8560811623036, -32.67909137907367], [151.8560216004453, -32.67900773024974], [151.8558837188276, -32.67879507225842], [151.8557985836353, -32.67867815651579], [151.855708749227, -32.67858206788117], [151.855514632312, -32.67837275989865], [151.8555105214756, -32.67836885109398], [151.8553089361418, -32.67815560335526], [151.8552306938823, -32.67806650248571], [151.8551098791744, -32.67794237837995], [151.8549469704601, -32.67774363799793], [151.8549293214204, -32.67772932193816], [151.854704041048, -32.67751585698568], [151.8546625681691, -32.677473937466], [151.8544514723842, -32.6773021424757], [151.8543777912799, -32.67723389699404], [151.8541689000073, -32.67708814548126], [151.854093124119, -32.67698519821948], [151.8539832243112, -32.67687504095034], [151.8538675993301, -32.67666257611376], [151.853810620946, -32.67656737575186], [151.8537091377707, -32.67644971979939], [151.8535595374783, -32.67623694425981], [151.8535274779068, -32.67619984199081], [151.8533615930487, -32.67602372672354], [151.8532440102219, -32.67585780270423], [151.8532088264327, -32.67581092979884], [151.8530585126503, -32.67559814714889], [151.8529614766661, -32.6754427501258], [151.8529179428538, -32.67538545339897], [151.8527370504603, -32.67517239079399], [151.8526779737106, -32.67510391146067], [151.8525066516397, -32.67495887516009], [151.8523934150268, -32.67484780181866], [151.8522222630387, -32.67474486521468], [151.8521079788713, -32.67466033158917], [151.8518211483724, -32.6745819456375], [151.8516597374089, -32.67452830926169], [151.8517637689162, -32.67431785275409], [151.8517257514783, -32.67410609619134], [151.8516456576929, -32.67389394653623], [151.8515494116007, -32.67368165695478], [151.8515449068702, -32.67367599196734], [151.8513229816065, -32.67346817551328], [151.8512605532565, -32.67340446016107], [151.8510448110304, -32.6732542198751], [151.8509753739596, -32.67319746591204], [151.8507696481465, -32.67304029117935], [151.8506905678342, -32.67296143164765], [151.8505107660256, -32.67282651901274], [151.8504059144014, -32.67271359303561], [151.8501190297935, -32.67264012554932], [151.8500010304062, -32.67282184801928], [151.8498786348467, -32.67303212678183], [151.8498258650394, -32.67305659149963], [151.8497176895148, -32.67303065135724]], [[151.8530644106042, -32.6770780612984], [151.8529427817275, -32.67690541683612], [151.8529268192871, -32.67686538683967], [151.8529436596848, -32.67683672902399], [151.8532311439611, -32.67686459228599], [151.853235609186, -32.67686820968106], [151.8533459721186, -32.67708062699381], [151.8532273788462, -32.67715923149456], [151.8530644106042, -32.6770780612984]]]}}, {"type": "Feature", "properties": {"base": "RAAF Base Williamtown", "anef_band": "25+", "anef_min": 25}, "geometry": {"type": "Polygon", "coordinates": [[[151.8533459721186, -32.67708062699381], [151.853235609186, -32.676868209681], [151.8532311439611, -32.67686459228599], [151.8529436596848, -32.67683672902399], [151.8529268192871, -32.67686538683967], [151.8529427817275, -32.67690541683612], [151.8530644106042, -32.6770780612984], [151.8532273788463, -32.67715923149456], [151.8533459721186, -32.67708062699381]]]}}, {"type": "Feature", "properties": {"base": "RAAF Base Richmond", "anef_band": "20-25", "anef_min": 20}, "geometry": {"type": "Polygon", "coordinates": [[[150.782652054148, -33.59156307181087], [150.7827118578481, -33.59131255642807], [150.7827548582061, -33.59112319488462], [150.7827739736302, -33.59106208344978], [150.7828532129417, -33.59081191738004], [150.7829223697465, -33.59056157051236], [150.7829877749216, -33.59031115633933], [150.7830469714893, -33.5900606308271], [150.7830868733295, -33.58989627358142], [150.7831106554104, -33.58981018569295], [150.7831740550953, -33.58955973542334], [150.7832371656684, -33.58930927992247], [150.7833006813399, -33.58905883163271], [150.7833540715836, -33.58880820082594], [150.7834116155262, -33.58855764542124], [150.7834228241869, -33.58851512470089], [150.7834716080659, -33.5883071338543], [150.7835252423512, -33.58805650929179], [150.7835695159166, -33.58780571396294], [150.7836070391702, -33.58755480062604], [150.7836399062242, -33.58730380283708], [150.7836709602522, -33.58705277153798], [150.7837029222164, -33.58680175748815], [150.7837703260237, -33.58668193113906], [150.7837812272157, -33.58655157378444], [150.7837788936279, -33.58634698961486], [150.7837405512027, -33.5865508449509], [150.7834686759294, -33.58672294018491], [150.7834428895608, -33.58679709780607], [150.7833587625784, -33.58704717691239], [150.7832645860858, -33.58729707683336], [150.7831481880386, -33.58750014908588], [150.7831311626178, -33.58754627222865], [150.7830411373249, -33.58779624434565], [150.7829543471487, -33.58804627735037], [150.7828613765219, -33.58829619650037], [150.782825159848, -33.58837638495305], [150.7827654072692, -33.5885460627963], [150.7826772105306, -33.58879606833734], [150.7825896205204, -33.5890460856736], [150.7825088166205, -33.58929622359409], [150.7825004059372, -33.58931977117548], [150.7824257929706, -33.58954632065149], [150.7823412126527, -33.58979639170548], [150.7822581394969, -33.59004648872406], [150.7821867166007, -33.59029679456806], [150.7821736764697, -33.59034001488139], [150.7821017152146, -33.59054685685727], [150.7820172206001, -33.59079692815635], [150.7819420922519, -33.59104716736089], [150.7818746238952, -33.59129754387072], [150.7818455668327, -33.59141383640934], [150.7817992506087, -33.5915477795508], [150.7817141554973, -33.59179783979555], [150.7816664255096, -33.59190926451861], [150.7816379189304, -33.59204805885476], [150.7815708337041, -33.5922984419983], [150.7815161731502, -33.59253744463837], [150.7815121634777, -33.59254897604364], [150.7814272498955, -33.59279903927106], [150.7813540267938, -33.59304931213859], [150.7812856597866, -33.59329967256696], [150.7812245654372, -33.59355016241334], [150.7811844360306, -33.593752167467], [150.7811668953556, -33.59380071463926], [150.7810698047196, -33.59405055955403], [150.780983175375, -33.59430059109074], [150.7809093642502, -33.59455085352986], [150.7808578743216, -33.59476449280896], [150.7808416924398, -33.59480122507738], [150.7807134567053, -33.59505051077223], [150.7805749791367, -33.59529961200296], [150.7805423569853, -33.5953455025429], [150.7803777948384, -33.59554765990789], [150.7802531677978, -33.5957970093064], [150.7802280852806, -33.59587774003989], [150.7801537449606, -33.59604681097358], [150.7800648535607, -33.59629680157478], [150.7799666041826, -33.59654662459961], [150.7799068754375, -33.5966804790678], [150.7798318999761, -33.596795792588], [150.7796868073996, -33.59704477388463], [150.7795921863325, -33.59722863974813], [150.7795316140949, -33.59729357362441], [150.7792984645307, -33.59754097355607], [150.7792831010669, -33.5975580921953], [150.7789779443818, -33.59773427346271], [150.7787938169207, -33.59778349663537], [150.7786752080206, -33.59781603905345], [150.778374478592, -33.59781954335278], [150.7780749318414, -33.59777696149769], [150.7780468638714, -33.59777007823811], [150.7777761852857, -33.59770320745429], [150.7772405327454, -33.59752959659027], [150.7771849182964, -33.59751152322666], [150.7771798718823, -33.59750977451085], [150.7771765026509, -33.59750854317571], [150.7771594445669, -33.59750254465041], [150.7767516383963, -33.59735375688079], [150.776584153037, -33.59729331278612], [150.7759885997624, -33.59707051033871], [150.7757356730016, -33.59697377311947], [150.7753932716973, -33.59683906202299], [150.7747977370783, -33.59661576756504], [150.7743298614455, -33.5964453090006], [150.7742021142313, -33.59639605123224], [150.7736066043046, -33.59617203967469], [150.7730107450988, -33.59596175684941], [150.7728655404948, -33.59591577508183], [150.7724145440584, -33.59576488038362], [150.7718185173436, -33.59556131249087], [150.7716768953909, -33.59551079737378], [150.7712938193821, -33.5953842892192], [150.7712224590774, -33.59535910534265], [150.7706266920536, -33.5951456715864], [150.7703967569774, -33.59505923390157], [150.7700308722955, -33.59493442533045], [150.7698082299445, -33.59485433651967], [150.7694352395943, -33.59471603153077], [150.768839610774, -33.59449755983501], [150.7683616527509, -33.59432507078184], [150.7682439260388, -33.59428142339629], [150.7676483100678, -33.59406273729093], [150.767052489508, -33.59385210601488], [150.7668877157753, -33.59379529444618], [150.7664566236868, -33.59364329906337], [150.7658606544554, -33.59343870770475], [150.7657789253155, -33.59341012394041], [150.7653512775174, -33.59326437060321], [150.765264702113, -33.59323348129379], [150.7646690553631, -33.59301657169942], [150.7640732461576, -33.5928060733667], [150.763873555597, -33.59273449066016], [150.7634775925586, -33.59258966366156], [150.7628819466987, -33.5923730258372], [150.7624342324754, -33.59220528814039], [150.7623130169391, -33.59215830138236], [150.762286502073, -33.59214876248927], [150.7622460357219, -33.59213348977368], [150.7618277764557, -33.5919637830454], [150.761691392683, -33.59191164698228], [150.7614792428813, -33.59182935398258], [150.7613038267248, -33.59175775568302], [150.7611000582383, -33.59167797273147], [150.7610962366282, -33.59167641948805], [150.7608952269017, -33.59159271372142], [150.7607082668562, -33.59151780508301], [150.7605013473576, -33.59143104645056], [150.7603740382489, -33.59137708457978], [150.7601724969826, -33.59129706376615], [150.7599062492732, -33.59119388044986], [150.7597994799982, -33.59115125178641], [150.7596087429482, -33.59107373994947], [150.7593111984669, -33.59095501543061], [150.7591347173552, -33.59088762306152], [150.7590135361744, -33.59084087663039], [150.7587156972816, -33.59073368643112], [150.758417613166, -33.59063591005702], [150.7583763180237, -33.59062229475647], [150.7581196284851, -33.59053431861757], [150.757909151208, -33.59046592607245], [150.7576959557806, -33.59039807414581], [150.7575233909623, -33.5903417610557], [150.7569268830098, -33.59015956927448], [150.7566973457594, -33.59008868306069], [150.7563304204192, -33.58997590933529], [150.7557335722403, -33.58980705033394], [150.7551376784603, -33.58960154522394], [150.7550003455044, -33.58955472174853], [150.7545416613807, -33.5894009092608], [150.7539460473348, -33.58918483700124], [150.7534991943597, -33.5890242940356], [150.7533503961674, -33.58897040556263], [150.7527551793601, -33.58873907026742], [150.7521595447192, -33.58852423836708], [150.7520769295199, -33.58849528423332], [150.7515642358445, -33.5882968791621], [150.7509687255588, -33.58807731003503], [150.7506671715176, -33.58796648387347], [150.7503734720821, -33.58784806104665], [150.7497788368196, -33.58759513426513], [150.7494360014249, -33.58744091949608], [150.7491848587333, -33.58731713892603], [150.7485917112932, -33.58700714464441], [150.7484201345279, -33.58691926075545], [150.7479990585956, -33.58667837245309], [150.7475135233033, -33.58639958364408], [150.7474067726037, -33.58633567035138], [150.7471129466002, -33.58618399514245], [150.7468132427492, -33.58604088760296], [150.7463606802418, -33.58587541485553], [150.7462177071485, -33.58582345955234], [150.7459205454103, -33.58577510126155], [150.7456184926509, -33.58574763100295], [150.7453160919713, -33.5857615988154], [150.7450161099039, -33.5857934873556], [150.7448091358571, -33.58584713516485], [150.7444111210184, -33.58593933825044], [150.7438055951017, -33.5861058277298], [150.743200541619, -33.58625409407836], [150.7428511739915, -33.58631458812623], [150.7425968183453, -33.5863511384087], [150.7419943850657, -33.58639882034095], [150.741392866027, -33.58641131868959], [150.7407919115067, -33.58640207417169], [150.7401915791817, -33.58636916585988], [150.739591640094, -33.58632102413174], [150.7389917145121, -33.58627257616495], [150.7389396130369, -33.5862650285809], [150.738772503634, -33.58624008900097], [150.738392817388, -33.58618457625776], [150.7381375927016, -33.58615387699739], [150.7379192751866, -33.58611908353463], [150.7377157556534, -33.58608961867603], [150.7374440813072, -33.58604655457418], [150.7371950903474, -33.58600633548593], [150.7369666360676, -33.58596882673702], [150.7367558124186, -33.58593528412188], [150.7361380345085, -33.58580597852961], [150.7359986274503, -33.58577991986692], [150.735699400385, -33.58572747912785], [150.7354070774572, -33.58567534921298], [150.7354002011942, -33.58567416925376], [150.7351009026147, -33.58562467595994], [150.7348015695394, -33.58557651607822], [150.7345021269835, -33.58553255680305], [150.7342025199171, -33.58549471912146], [150.7339027282418, -33.58546413238246], [150.7336026357821, -33.58544487135948], [150.73344115693, -33.58545521909059], [150.7330971911138, -33.58547160225561], [150.733000858922, -33.58546757425825], [150.7329053902351, -33.58546981374359], [150.7324418676525, -33.58554691614557], [150.7323974884619, -33.58555115786981], [150.7323598337537, -33.58555674214631], [150.7321234961075, -33.58561518610714], [150.7317924732156, -33.58569734712614], [150.7311871665116, -33.58585459122792], [150.7305825696884, -33.58598483478738], [150.7300498133008, -33.58608031273605], [150.7299785416853, -33.58609312061348], [150.7293739537816, -33.58622289748665], [150.7287702810976, -33.58631751484215], [150.7281671555616, -33.58639140036871], [150.7276917091497, -33.58643400113522], [150.7275644845347, -33.58644774044517], [150.7269624821489, -33.58647874951411], [150.726856483753, -33.58648049715919], [150.7263607927538, -33.58649745700842], [150.7261182137613, -33.58651126201867], [150.7260597398355, -33.58651492281138], [150.7257581686695, -33.58655212786719], [150.7254557470052, -33.58662171979967], [150.7251574049097, -33.58674517611773], [150.7251518405436, -33.58674784280059], [150.724845640634, -33.58696108565777], [150.7248132168147, -33.58699043000763], [150.7245370459474, -33.58726563085197], [150.7244560589113, -33.58735540644613], [150.7243519502648, -33.58748510858835], [150.7241023388344, -33.58778189224949], [150.7239249412423, -33.58798041771661], [150.7239168257664, -33.58798982958778], [150.7237678243535, -33.58816872475386], [150.7235712545421, -33.58836596518097], [150.7234751518039, -33.58847530392285], [150.7234323885571, -33.58852931314032], [150.7233729183852, -33.58859599104687], [150.723297819857, -33.58866741863726], [150.7229964477625, -33.58896965800176], [150.7229890599538, -33.58897762104868], [150.7227550110578, -33.58921679540004], [150.7226800847918, -33.5892961068443], [150.7225151515823, -33.58946396132944], [150.7223710289531, -33.58961739218353], [150.7222805781215, -33.58971122410218], [150.7220648231115, -33.58995883300303], [150.7220613116946, -33.58996374103118], [150.721893910195, -33.59020726845897], [150.7217486493722, -33.59042215457055], [150.7217253309456, -33.59045574565282], [150.72169729333, -33.59049657249312], [150.7200068199973, -33.59224377864019], [150.717669429301, -33.59641893743891], [150.7173736783134, -33.59673822094179], [150.7172464876417, -33.59691429525231], [150.7170686988117, -33.59716259523014], [150.7170616291953, -33.59717143369078], [150.7169301351518, -33.59741161934647], [150.7167708186138, -33.59766025974801], [150.716747230897, -33.59769362619282], [150.716634740254, -33.59790932923755], [150.7165069685982, -33.59815855206387], [150.7164310505096, -33.59828325102108], [150.7163710788329, -33.59840762493559], [150.7162439380861, -33.59865685883597], [150.7161143559895, -33.59889219803226], [150.7161081037819, -33.59890593196565], [150.7159941195589, -33.59915540854324], [150.7158766822256, -33.59940482142603], [150.7157956281102, -33.59957787240602], [150.7157652169559, -33.59965434440699], [150.7156720117423, -33.5999042045322], [150.7155866904263, -33.60015421037116], [150.7155267150189, -33.60040468412125], [150.7154843866665, -33.60065548409813], [150.715461289081, -33.60090663920323], [150.7154609034563, -33.60115821389165], [150.7154870200891, -33.60141027806628], [150.7155435529979, -33.60166290415928], [150.7156297225315, -33.60191607771411], [150.7157277801225, -33.60214985950432], [150.7157392754553, -33.60216968366564], [150.7158990950519, -33.60242421729895], [150.7160159294777, -33.60262386957429], [150.716065373585, -33.60267887078531], [150.7163086414746, -33.60292482562908], [150.7163287522985, -33.60293531685897], [150.7166046511749, -33.60310081226095], [150.716905394289, -33.60309733649115], [150.7170574342814, -33.60294877214187], [150.7172149940594, -33.60275793486107], [150.7172403910595, -33.6027005675553], [150.7173480331441, -33.60245097289829], [150.7174286441291, -33.60220087915814], [150.7175220849886, -33.60195102216355], [150.7175379180884, -33.60191315551992], [150.7175972312496, -33.60172355462543], [150.7176152133345, -33.6016714838924], [150.717690770475, -33.60145097167805], [150.7177512166869, -33.6012827986363], [150.7178362341951, -33.601086376056], [150.7178841299586, -33.60095137648801], [150.7179193565062, -33.60084829639425], [150.7180738245893, -33.60049471170014], [150.7180872880032, -33.60045196179691], [150.7180944314782, -33.6004168570712], [150.7181866270694, -33.60011407351225], [150.7182295314901, -33.59995142245003], [150.7183124972854, -33.59944978916411], [150.7183505238139, -33.59894732661989], [150.7183383334333, -33.59844393758225], [150.7183309221003, -33.59794063662553], [150.7183238904265, -33.59768891108069], [150.7183230589238, -33.59743732717294], [150.7183340763236, -33.59731421732512], [150.7206460676457, -33.59326198696658], [150.7213970511803, -33.5923606084716], [150.7214971931496, -33.59225334064775], [150.7217913088857, -33.59211225326214], [150.7220058133738, -33.59207416341928], [150.7223010404021, -33.59198863705659], [150.7223125224241, -33.59198220315091], [150.7223373528708, -33.59197651324275], [150.7226113718733, -33.59190960151732], [150.722876450822, -33.59184506914407], [150.7232151177454, -33.59181409757086], [150.7238175460306, -33.59176832630919], [150.7244193228092, -33.59174733447752], [150.7250204295847, -33.59175202700231], [150.7253209550394, -33.59176603751779], [150.725620746964, -33.59178660951675], [150.7258823863534, -33.59182201250342], [150.7262201467238, -33.5918561713446], [150.7265199783095, -33.59190933127092], [150.7268184276489, -33.59196858839646], [150.7272675453155, -33.59206721229685], [150.7274162418526, -33.59209885736162], [150.7277165235221, -33.59219114199441], [150.7280123723992, -33.59229338794272], [150.728504876389, -33.59250680260664], [150.7286068700653, -33.59255011182369], [150.7286978799881, -33.59259665515247], [150.7292004595891, -33.59284179395052], [150.7294533850066, -33.59297405811946], [150.7296946841053, -33.59311812408805], [150.7297920349764, -33.59321047757265], [150.7299907547618, -33.59341742824312], [150.7301773308761, -33.59363014917376], [150.7303719654928, -33.59402357127629], [150.7304236626167, -33.59413783590855], [150.7304920017817, -33.59438970799192], [150.7305535859578, -33.594643386538], [150.7306933629403, -33.59506851677507], [150.7307308580986, -33.59514980538057], [150.7309242021115, -33.59540493593357], [150.730936718319, -33.59541640495029], [150.7312429851804, -33.59566236800299], [150.7313568636375, -33.59573672720273], [150.7315275744212, -33.59581349092758], [150.7318242066381, -33.59594514950805], [150.732122002819, -33.59607418014116], [150.7324583153892, -33.59618782391226], [150.7327182588894, -33.59626537611064], [150.7329949509623, -33.59631397032035], [150.7333165332148, -33.59637937882866], [150.7336164908, -33.59640523503799], [150.7339169776234, -33.5964106902793], [150.7342179075986, -33.5963993906413], [150.7345191493057, -33.59637599015206], [150.7346584603894, -33.59636341943792], [150.7348796732335, -33.59633045248324], [150.7351222654308, -33.59630497893476], [150.7354079641386, -33.596268462657], [150.7354361594931, -33.59626273992672], [150.7355738380005, -33.59624491025102], [150.7357256091144, -33.59622541122354], [150.7361293404238, -33.59617184424187], [150.7363287114689, -33.59615503778866], [150.7369312669638, -33.5961053768682], [150.7375332834936, -33.59607632484221], [150.7381346114954, -33.59607380701231], [150.7382999332764, -33.59606807807693], [150.7385692826896, -33.59607531022863], [150.738735697677, -33.5960805534313], [150.7389071796078, -33.59609016479464], [150.7391559846693, -33.5961089347748], [150.7393358801118, -33.59612174833256], [150.7395295696325, -33.59613904571464], [150.7397324784373, -33.59615874856318], [150.7399355811691, -33.59618159767246], [150.7401673907616, -33.59621521582692], [150.7402941536697, -33.59623206588048], [150.7405346799411, -33.59626438643505], [150.7408139080202, -33.59630677922023], [150.7408509614686, -33.5963131004429], [150.7410348684961, -33.59634478434526], [150.7411334300087, -33.59636077451266], [150.7414326461293, -33.59641499161324], [150.7417317224533, -33.59647467658878], [150.7419526449844, -33.59652019249877], [150.7423300541767, -33.59658704394518], [150.7429275947929, -33.59673001296324], [150.743524686139, -33.59689021250363], [150.7435378298942, -33.59689364688382], [150.744057253137, -33.59701276231389], [150.7441223325402, -33.5970291914126], [150.7442092720897, -33.59705241828408], [150.7445786447269, -33.59714997944973], [150.7447193920635, -33.59719078339748], [150.7449159227127, -33.59725030733129], [150.745090601685, -33.59730216577804], [150.7453159222914, -33.59737288610899], [150.7455025469842, -33.59743264806206], [150.745614124676, -33.59746629322587], [150.7459123304013, -33.59755959742882], [150.7462104628015, -33.59765583610301], [150.7463460676828, -33.59769960717796], [150.7465085770691, -33.59775270627743], [150.7470036694144, -33.59792057266979], [150.7471045909492, -33.59795495973952], [150.7471363738341, -33.59796559072328], [150.7477004901388, -33.59816164130772], [150.7482963611485, -33.59836951918549], [150.7486561699371, -33.5984964366495], [150.7488921249206, -33.59858154362563], [150.7491899919264, -33.59868835427306], [150.74939215065, -33.59876141740222], [150.7494877939358, -33.59879751205266], [150.7497855200484, -33.59890971188059], [150.7500832989596, -33.59901981776335], [150.7500986973738, -33.59902585822481], [150.7503983959683, -33.5991496428346], [150.7505685332923, -33.59921993087073], [150.7506782564869, -33.59926332248754], [150.7508515624831, -33.59933261998195], [150.7510518576689, -33.59941755665438], [150.7512733485473, -33.5995018688589], [150.7514036381078, -33.59955276179624], [150.7515709173767, -33.599620220686], [150.751868461937, -33.59973963097138], [150.7520607643622, -33.59981629310084], [150.7521659846848, -33.59985982204261], [150.7524634494394, -33.59998227993185], [150.7527036281927, -33.6000795618915], [150.7527609454112, -33.600103659235], [150.7530583899575, -33.60022696177413], [150.7533560377785, -33.60034264569622], [150.7533570296195, -33.60034301877023], [150.753653695816, -33.60045778386602], [150.7538779431599, -33.60054196016921], [150.7539680285017, -33.6005775952687], [150.7540504009672, -33.6006071982481], [150.7542491193457, -33.60068410212931], [150.7545468150091, -33.60079788221054], [150.7547407521751, -33.60087131905731], [150.7548445047585, -33.60091201261513], [150.755142150838, -33.60102785882047], [150.7554207334316, -33.60113524796634], [150.7554398161659, -33.60114290191723], [150.7557373632001, -33.60126263179603], [150.7560349432263, -33.6013811213122], [150.7560555572149, -33.60138963581197], [150.7566297989078, -33.60162976079117], [150.7566671659866, -33.60164523349231], [150.7567064449386, -33.60166174765516], [150.7572241889216, -33.60189669640805], [150.7573542824543, -33.60195635561552], [150.7578030500611, -33.60215859625965], [150.7578185196053, -33.60216588323857], [150.7578274349161, -33.6021701472049], [150.7578604526398, -33.60218584627103], [150.7584119140527, -33.60247156307229], [150.7588617027118, -33.60270716617417], [150.7590050368527, -33.60278781039857], [150.7595980598772, -33.60310808205371], [150.7598319459238, -33.60322791610031], [150.7601912905342, -33.60342049845115], [150.7607849663752, -33.60371586737897], [150.7608558163043, -33.60374963022662], [150.7613787927925, -33.60400561702654], [150.7619732636717, -33.60427054416668], [150.7619792833029, -33.60427313849259], [150.7625678314861, -33.60453186263567], [150.763163004996, -33.60476992403675], [150.763241841314, -33.60479915263771], [150.763758500862, -33.60499558769971], [150.7643541561354, -33.60521520121471], [150.7646678753329, -33.60532811003383], [150.7649498634198, -33.6054329192093], [150.7655456713723, -33.60564690167803], [150.7661417044366, -33.60585218406708], [150.7661585019056, -33.60585821774134], [150.7667373673421, -33.60607202087997], [150.7673333950761, -33.60627778476344], [150.7676593799791, -33.60638849339443], [150.7679294699049, -33.60648183418527], [150.7685258803816, -33.606672973694], [150.769122529142, -33.60685501720157], [150.7693845257349, -33.60692279662675], [150.7697198722989, -33.6070101601815], [150.7703174587745, -33.60715594245732], [150.7709153124918, -33.60729144973135], [150.7715134612738, -33.60741554780047], [150.7715395306314, -33.60742096401781], [150.7717988633257, -33.6074694975694], [150.7721118838649, -33.60752909922883], [150.7727106530831, -33.60762921883202], [150.7733094931701, -33.60772664092966], [150.7738046931833, -33.60780082359639], [150.7739085252895, -33.60781667363408], [150.7742080658546, -33.60786074526203], [150.774507636577, -33.60790365613724], [150.7748071616369, -33.60794837899135], [150.7751065915784, -33.6079967931629], [150.7753496394962, -33.60803660367191], [150.7754059952968, -33.60804624130413], [150.775705293373, -33.6080998269815], [150.7760042741877, -33.60816577742441], [150.7763023670087, -33.60826630456438], [150.776368085808, -33.60830650911873], [150.7765968779902, -33.60850631908454], [150.7766325744655, -33.60856285133877], [150.7767492447894, -33.6088165342449], [150.7768397351444, -33.60906974782409], [150.776879294395, -33.60921735277867], [150.7769934967021, -33.60932409690997], [150.7771755461672, -33.60938977025398], [150.7772272409868, -33.60932829911894], [150.7774524985306, -33.6090807637466], [150.7774849438385, -33.60905020942607], [150.7777205989155, -33.60883399595229], [150.7777928680838, -33.60876793848637], [150.7780374121891, -33.60858810440542], [150.7780992329764, -33.60854634310179], [150.7784020889231, -33.60846143004336], [150.7787031776455, -33.60844536170895], [150.779003317886, -33.60846625385402], [150.7793030446227, -33.60850328043358], [150.7796024762984, -33.60855182168779], [150.7799017360909, -33.60860707326481], [150.7799800137516, -33.6086229973898], [150.7802008057307, -33.60866975746796], [150.7804997857775, -33.60873595592927], [150.7807987291521, -33.6088036027479], [150.7810976339822, -33.60887277154033], [150.7811988577538, -33.60889646083313], [150.7813964674461, -33.6089447427339], [150.7816952374532, -33.60901921340602], [150.7818220884211, -33.60905237834651], [150.7819940010528, -33.60909395795861], [150.7822834237004, -33.60916750506829], [150.7822927323822, -33.60916997427427], [150.7825913307594, -33.6092512081189], [150.7827481395946, -33.60929527445079], [150.7828899040993, -33.60933344808642], [150.7831885275364, -33.60941374333269], [150.7832747998567, -33.60943686727148], [150.7834870929236, -33.60949633907528], [150.7837852819728, -33.60959364661919], [150.7840702250469, -33.60970271204546], [150.7840830398111, -33.60970782589504], [150.7843806138517, -33.60982921746808], [150.7846783055408, -33.60994606866478], [150.7847337162756, -33.60996618710327], [150.7849761700164, -33.61005617575818], [150.7852742777885, -33.61015680378789], [150.7855056651898, -33.61023160121015], [150.7855617261514, -33.61025073060864], [150.7855877373064, -33.61025881886093], [150.7858706627566, -33.61035153126613], [150.7860663074116, -33.61041471186104], [150.786313461856, -33.6104898040553], [150.7864672249206, -33.61053944889692], [150.7865737016529, -33.61057422752378], [150.7870319704361, -33.61070802688253], [150.7870640287327, -33.61071799478422], [150.7870866241879, -33.61072496851421], [150.7872319336138, -33.61076567912782], [150.7876607993372, -33.6108979397004], [150.788213343952, -33.61105358840997], [150.7882578703086, -33.61106625248406], [150.7885563667805, -33.61115195937202], [150.7888548820603, -33.61123697709728], [150.7890933227582, -33.61130214955124], [150.7891450027165, -33.6113173201291], [150.7891648134089, -33.61132255557083], [150.7894520029039, -33.61140350241492], [150.7896624807034, -33.61146083313633], [150.7898653545756, -33.61150899376071], [150.7900495045817, -33.61155520394067], [150.7901888683674, -33.61159020102019], [150.7905570272369, -33.61167975201153], [150.7906471046944, -33.61170315785778], [150.7907144890304, -33.61172078623472], [150.7912145197603, -33.61184323395399], [150.791244700166, -33.61185135370481], [150.7912822377581, -33.61186024290055], [150.7918423091974, -33.61199910103305], [150.7921412758982, -33.61206664757015], [150.7923514018781, -33.6121151257725], [150.7924401851863, -33.6121364647563], [150.7927390241173, -33.61220910677313], [150.7930378649908, -33.61228164659069], [150.7934870312943, -33.61238698391639], [150.7936356211771, -33.61242386775955], [150.7942335663552, -33.61255875269114], [150.7944168100784, -33.61259841872668], [150.7946748057869, -33.61264713380778], [150.7948318683658, -33.61267975495207], [150.7949568789977, -33.61270606607371], [150.7953455659864, -33.61278088747996], [150.7954302115927, -33.61279916152112], [150.7954975990174, -33.61281267955955], [150.7960123849147, -33.61290767249044], [150.7960287435294, -33.6129112248692], [150.7960415723763, -33.61291412806614], [150.7960687863185, -33.61291936598246], [150.7961612308286, -33.61293785219566], [150.7966269713913, -33.61303529783329], [150.7969260803271, -33.61309760389394], [150.7972251970194, -33.61315957592376], [150.7974871788729, -33.61321306723111], [150.7975243306151, -33.61322085478065], [150.7978234137388, -33.61328418145335], [150.7981225116962, -33.61334699009647], [150.7984216311254, -33.6134089254724], [150.7984910138577, -33.6134241555955], [150.7987207776157, -33.61346981450203], [150.7988112811722, -33.61348823335214], [150.7990198718712, -33.6135327284321], [150.7992657048669, -33.61358586880954], [150.7993843696129, -33.613608418554], [150.799618065168, -33.61365856218408], [150.7998029717733, -33.61369796723226], [150.800201683894, -33.61377080795045], [150.8002165328716, -33.61377367101868], [150.8004528519696, -33.61382187203703], [150.8005157056138, -33.6138335847487], [150.8008148437405, -33.61389497127368], [150.8011139532698, -33.61395740766476], [150.8014130256438, -33.61402141832804], [150.8014905586956, -33.61403907804191], [150.8018309882749, -33.61412081282441], [150.8020108111482, -33.61416354626334], [150.8026084505597, -33.6143115094897], [150.803205868798, -33.61446826985634], [150.8035907059799, -33.61457957954206], [150.803802764627, -33.61464570657341], [150.8041008849881, -33.61474741889861], [150.8043698141288, -33.61484500395181], [150.8043988284117, -33.61485613467198], [150.8046964044929, -33.61497926891906], [150.8049834286213, -33.61510748752999], [150.8049937297658, -33.61511242024624], [150.8052527418887, -33.61525399928053], [150.8055864035319, -33.61545670174906], [150.805880047907, -33.6156265770274], [150.8061783881155, -33.61582835848571], [150.8064049591806, -33.61598393353204], [150.806627647042, -33.61614301760102], [150.8067687489419, -33.61626428866487], [150.8069824093225, -33.61645836298486], [150.8071905509363, -33.61665617616899], [150.8073553841367, -33.61684750164026], [150.8076387310572, -33.61716729997006], [150.8077882016897, -33.61737649980875], [150.8079381053253, -33.61758554192828], [150.8079935078566, -33.61765287667249], [150.8080118988637, -33.61767709030449], [150.8080435684093, -33.61772322917425], [150.8082610414767, -33.61804472684281], [150.8083560716301, -33.61818636857186], [150.8085179246293, -33.61843864812651], [150.8085199197042, -33.6184408593337], [150.8087745724323, -33.61869695934388], [150.8088112484081, -33.61873043823397], [150.8091083360309, -33.61887364184569], [150.8094085582691, -33.61889315159549], [150.8097111053745, -33.61882072087511], [150.809925627094, -33.61871735712913], [150.810015564931, -33.61867288917023], [150.8102828334497, -33.61847209594715], [150.8103221772476, -33.61843975091631], [150.8105324907694, -33.61822493108388], [150.8106309513017, -33.61812119474211], [150.8107526551458, -33.61797724142531], [150.810940843029, -33.61775826857195], [150.8109648650635, -33.61772941049673], [150.8111786671748, -33.61748160934865], [150.8112505731836, -33.61740162536978], [150.8114094160625, -33.6172341067982], [150.8115590781811, -33.61709342158354], [150.8116854112546, -33.61698740464031], [150.8118659751319, -33.616848634596], [150.8120253555379, -33.61674183254792], [150.8121717334189, -33.61664900793436], [150.8124717678518, -33.61649814429342], [150.8124763024509, -33.61649618702669], [150.8127794745443, -33.61639859793257], [150.8130817264812, -33.61633749057188], [150.813383246681, -33.61630523391881], [150.8136844110567, -33.61628714910665], [150.8139852816305, -33.61628059755224], [150.8142856995651, -33.61629215575844], [150.8145859000994, -33.61631213909817], [150.8148858451664, -33.61634224694398], [150.8151856778294, -33.61637691082916], [150.8154852493239, -33.61642183750002], [150.8157846391621, -33.61647397459392], [150.8160839991792, -33.61652740341592], [150.8162795424782, -33.61656545803003], [150.8163832164526, -33.61658659909307], [150.8166822616317, -33.61665244499356], [150.8169812409752, -33.61672091974192], [150.8174775428163, -33.61683819994033], [150.8175424611374, -33.6168547491021], [150.8175790528888, -33.61686384264869], [150.8176973138316, -33.61689184830503], [150.8181767259533, -33.61701235415728], [150.8184755926231, -33.61708539902705], [150.8185696913987, -33.61710906276284], [150.8187743501638, -33.61716298307834], [150.8190730094785, -33.61724429827245], [150.8193716029318, -33.61732834485201], [150.8195305838194, -33.6173776022431], [150.8197794843931, -33.61746154881438], [150.8199681392025, -33.61752214848747], [150.8205645379358, -33.61772152188864], [150.8210636461552, -33.61790780583852], [150.8211603062336, -33.6179464252636], [150.8217559178396, -33.61817730120481], [150.8223446932611, -33.61843355504532], [150.8223495777548, -33.61843574924982], [150.8223508229747, -33.61843638034036], [150.8223530785257, -33.61843752093846], [150.8228155746986, -33.61866109023896], [150.8229448073378, -33.61873239222916], [150.82334426831, -33.61895433399472], [150.8234290097704, -33.61900202656425], [150.8235377285288, -33.61907083870943], [150.8241294628966, -33.61945648145523], [150.8241358854933, -33.61946053411939], [150.824151793985, -33.6194717252523], [150.8245452601035, -33.61977583623103], [150.8247191251337, -33.61992476361547], [150.8247918166701, -33.61998616437472], [150.8250128770821, -33.62020212315678], [150.8250532547123, -33.620242353307], [150.8252711592995, -33.62049777393884], [150.8253049198054, -33.62054737736628], [150.8254463386153, -33.62075244468389], [150.8255943585723, -33.62099653461161], [150.8256005409679, -33.62100674426465], [150.8256342738551, -33.62107753636172], [150.8257410375052, -33.62129554070003], [150.8258447437713, -33.62151421581165], [150.8258796128684, -33.62161215538305], [150.826010734982, -33.62196178833783], [150.8260266947653, -33.62202059220954], [150.8260456301214, -33.62209545181053], [150.8260660189472, -33.62218936627937], [150.8261857997187, -33.62263928125849], [150.8262184213752, -33.62282727528303], [150.8262516355198, -33.62303090289379], [150.826301212892, -33.62325437504869], [150.8263597425469, -33.62350512219432], [150.8263736453307, -33.62358463514948], [150.8264178615507, -33.6237921190796], [150.8264252335163, -33.62383455350955], [150.8264627615981, -33.62404096826184], [150.8265067508028, -33.62438537989077], [150.8265323434832, -33.62454536620935], [150.8265823311902, -33.62504942557979], [150.8266369148847, -33.6255535597317], [150.8266752484218, -33.62605741014999], [150.8266786750748, -33.62629687839977], [150.8266948244422, -33.6265609327441], [150.8266829718694, -33.62679156628194], [150.8266706315507, -33.62702228679632], [150.8266710049115, -33.62706369038663], [150.8266539167197, -33.62731497715099], [150.8266337232903, -33.62750647974035], [150.826627803783, -33.62756610721645], [150.8265960199982, -33.62781713557643], [150.8265553160406, -33.62806800707829], [150.8265059295941, -33.6283187298673], [150.8264494259429, -33.62856932350137], [150.8263832359152, -33.62881974876234], [150.8263066031034, -33.62906998834627], [150.8262925626839, -33.62911487702655], [150.8262429300185, -33.62930166137892], [150.8262252127348, -33.62934589016425], [150.8261663807515, -33.62957069867701], [150.8261248546783, -33.62975817098099], [150.8260219383333, -33.63002695945293], [150.8260127073556, -33.63007117420455], [150.8259634547676, -33.63024316408978], [150.8259417525387, -33.63032151333021], [150.8258825338364, -33.63057206081013], [150.8258349896046, -33.63082281159348], [150.8258085301565, -33.63107393320837], [150.8258216051767, -33.63132575217064], [150.8259224751524, -33.63157911333881], [150.8259296775021, -33.63158702372839], [150.8262283656011, -33.63166943702389], [150.8265307605321, -33.63160435873878], [150.8265595187162, -33.63159031623109], [150.8268350016901, -33.63146597010204], [150.8270291220269, -33.6313469853871], [150.8271403402148, -33.63128367077552], [150.8273861941974, -33.63110167286923], [150.8274467350029, -33.63105945670695], [150.8276781631594, -33.63085521714629], [150.8277542141252, -33.63079181145752], [150.8279323372657, -33.63060809656901], [150.8280628167952, -33.63047934415403], [150.8281613716459, -33.63036053173494], [150.8283705519501, -33.63011261764955], [150.8283728477655, -33.63010989485912], [150.8285469191644, -33.62986412675406], [150.8286845118514, -33.62967527730313], [150.8287215107849, -33.62961560637955], [150.8288721146723, -33.62936666242796], [150.8289982845052, -33.62915670539718], [150.8290185453894, -33.62911764695662], [150.8290318750979, -33.62909115961622], [150.8291407079456, -33.62886820509931], [150.82925427805, -33.62861861021571], [150.8293162044317, -33.62847251371068], [150.8293546363455, -33.62836878321843], [150.829439499426, -33.62811868402991], [150.8295170880153, -33.62786845902877], [150.8295881348383, -33.62761811910246], [150.8296437288133, -33.62740547883345], [150.8296525733961, -33.62736766111219], [150.8297043429021, -33.62711698263053], [150.829750332043, -33.62686620063827], [150.8297920203471, -33.6266153431099], [150.8298297313161, -33.62636441573886], [150.8298630701045, -33.62611341357285], [150.8298905715811, -33.62586230891224], [150.8299143289906, -33.62561113651547], [150.829935617211, -33.62535992275929], [150.8299503689383, -33.62510859423708], [150.8299593169189, -33.62485715983848], [150.8299621328121, -33.62460561978952], [150.8299566093784, -33.62435393532826], [150.8299460481735, -33.62410216242654], [150.8299318431016, -33.62385032355978], [150.8299133614073, -33.62359841160547], [150.8298904938335, -33.62334642066822], [150.8298628216833, -33.6230943473639], [150.8298383256245, -33.62295510624318], [150.8297657112173, -33.62258946354989], [150.8296629598912, -33.62208448260441], [150.8295070315484, -33.62157856796937], [150.8295007426609, -33.62155987216698], [150.8294902527126, -33.62153524788204], [150.8292855257944, -33.62107150171517], [150.8292058361665, -33.62088501698324], [150.8291754089091, -33.62081797861849], [150.8290638892918, -33.62056443279879], [150.8289610468643, -33.62031103925408], [150.8289225680955, -33.62018936140298], [150.8288795872087, -33.62005801914972], [150.8288473979485, -33.6198753484761], [150.8288269525632, -33.61976101256027], [150.8288127860018, -33.61955366883682], [150.8288242224756, -33.6193522074214], [150.8288392115038, -33.61921229188072], [150.8288827677537, -33.61905172060454], [150.8289555576461, -33.61887446281884], [150.8289883136143, -33.61880198444032], [150.8290303461058, -33.61874291523098], [150.8291596262123, -33.6185534049676], [150.8292673832213, -33.61843154764294], [150.8294004153717, -33.61830604302929], [150.8295746018042, -33.61817238012599], [150.8297413045664, -33.61806043777482], [150.8298422513951, -33.61799963830724], [150.8299654074225, -33.6179240453158], [150.8301856190617, -33.61779003172989], [150.8305856197944, -33.61757207942161], [150.830796298281, -33.61742076325726], [150.8311066833027, -33.61720562735746], [150.8312253962922, -33.61708012526873], [150.8314144079391, -33.61675475703547], [150.8314668256213, -33.61666513227134], [150.8315045082756, -33.6165818443173], [150.8315610133401, -33.61633249865229], [150.8315964897298, -33.61608027880088], [150.8315865387852, -33.61582844470291], [150.8315661529982, -33.61557656893491], [150.8315094648447, -33.6150723968533], [150.831489717006, -33.61482014106104], [150.831486001932, -33.61456880647341], [150.831557647813, -33.61431583738214], [150.8316557265539, -33.61406860522714], [150.8317489579516, -33.61392898625802], [150.8319448113425, -33.61363291990865], [150.8319826047536, -33.61357115939614], [150.8320059047387, -33.61353366153867], [150.8320435002123, -33.61348131964331], [150.832099492551, -33.6134147232093], [150.8323733636603, -33.61307483252398], [150.8324098998884, -33.61302714716089], [150.8325687984745, -33.61282666954429], [150.8327207478901, -33.61262166739341], [150.8327513706625, -33.61257827976293], [150.8328522674286, -33.61238095960635], [150.8329967587852, -33.61211075843931], [150.833002670889, -33.61207950610344], [150.8329805564227, -33.61182752939396], [150.8327439505233, -33.61169497648032], [150.8324441438895, -33.61165967704568], [150.832143239179, -33.61166804314467], [150.831841799088, -33.61169797262686], [150.8315400824064, -33.61173874497706], [150.8312383507732, -33.61178029370995], [150.8311359312046, -33.61179518645747], [150.8309364791506, -33.61182741824813], [150.8306345573196, -33.61187653388213], [150.8303327468717, -33.61192119348477], [150.8301312967711, -33.61194559918862], [150.8299975231571, -33.61197111169468], [150.8297294445969, -33.61199757930956], [150.8295079032376, -33.61201820728656], [150.8294280306084, -33.61202639547747], [150.8291266926809, -33.61205198228293], [150.8286910301882, -33.6120734188965], [150.8285245939681, -33.61208051035459], [150.8279235585759, -33.61206665271667], [150.827323410338, -33.6120172723172], [150.8270027009432, -33.61197420480487], [150.8267239112157, -33.61194206978092], [150.8262380227128, -33.61186573434384], [150.8260555221042, -33.6118411821725], [150.8255262114527, -33.6117403002957], [150.8251035334794, -33.61164574414159], [150.8243703129056, -33.61145801244191], [150.8243307929528, -33.61144800544355], [150.8242341269251, -33.61142234013607], [150.8237331165736, -33.61130077035937], [150.8231353738265, -33.61115606943707], [150.8225376153611, -33.61101207607452], [150.8220095322795, -33.61087999735985], [150.8219399831739, -33.61086333520182], [150.8212082379039, -33.61067085913288], [150.8209042041889, -33.61059250953848], [150.8207450279946, -33.61055344816048], [150.8205344861198, -33.61049939784044], [150.8196427123352, -33.61025731778823], [150.8195503635543, -33.61023274923361], [150.8189532353628, -33.61006434364212], [150.8183564053537, -33.60988410764003], [150.8181033238701, -33.60980477598064], [150.8180580963152, -33.60978982386702], [150.8177599926843, -33.60968751244427], [150.8174619503703, -33.6095827976087], [150.8173455997107, -33.60953981362325], [150.8171641938585, -33.60946668326568], [150.8168666984035, -33.6093403440156], [150.8167273929088, -33.60927731123909], [150.816569652208, -33.60919603928647], [150.8162729756407, -33.60903730966623], [150.8162352062654, -33.60901703154738], [150.8159767453984, -33.60886083797548], [150.8158177617845, -33.60875806974547], [150.8156813700557, -33.60865062755795], [150.8155028301401, -33.60850091868513], [150.8153875508908, -33.60837880630184], [150.8152706532271, -33.60824522804113], [150.8150966112092, -33.60799287048859], [150.8150950498901, -33.60799053764854], [150.8149536942653, -33.60773645122572], [150.8148118477951, -33.60736243653405], [150.8147560439324, -33.60722978217495], [150.8146693959908, -33.60697342783617], [150.8145887705919, -33.60672364921572], [150.8145313479625, -33.60656307020406], [150.814494615328, -33.60647039698357], [150.814373315308, -33.60621666490242], [150.8142445556698, -33.60601332829668], [150.8141962583785, -33.60596194662737], [150.8139501903919, -33.60576365535382], [150.8137813862091, -33.60570302425524], [150.8136519169192, -33.60566871943451], [150.813351763204, -33.60564835224606], [150.8130505448644, -33.60567004432954], [150.8129413368993, -33.60568816933015], [150.8127486493202, -33.60571863174702], [150.8124463802403, -33.60578180227901], [150.8122359608242, -33.60583985707387], [150.811841609548, -33.60591767002683], [150.8114645217568, -33.60600841139086], [150.8112369883135, -33.6060474597591], [150.8109349179692, -33.60610287322457], [150.8106364590873, -33.60615055771792], [150.8106330274021, -33.60615106928937], [150.8103314261879, -33.60618771759743], [150.8100300948596, -33.6062138758823], [150.8097290304569, -33.60622947639688], [150.8094280946841, -33.60623989563384], [150.8091272724544, -33.60624592013562], [150.8088264419403, -33.60625227124216], [150.8085257735919, -33.60625212130434], [150.80822541485, -33.60623974217953], [150.807925336631, -33.60621628797401], [150.8076254890628, -33.60618382714601], [150.8070590208717, -33.60610087641157], [150.8070323175502, -33.60609666725492], [150.8070263796629, -33.60609571540351], [150.8070214424733, -33.60609479920668], [150.806972758174, -33.60608563549964], [150.8064811211477, -33.60598764259304], [150.8064280270607, -33.60597778581865], [150.8058302037174, -33.60583903987821], [150.8052327300375, -33.60568657977579], [150.8046762953402, -33.60554171090364], [150.8046353575584, -33.60553021433547], [150.8040385533077, -33.60535144020451], [150.8034418318871, -33.60516959477764], [150.8028880432382, -33.60500677514516], [150.8028449711996, -33.60499333943369], [150.8022483378293, -33.60480822712866], [150.8017926214219, -33.60467619865897], [150.8016514038754, -33.6046350571454], [150.8013529648613, -33.60454736027168], [150.8010899245925, -33.60447163824232], [150.801054498592, -33.60446085488871], [150.8008049655612, -33.60438425417162], [150.8006884764607, -33.60435042678851], [150.800457749676, -33.60428059534507], [150.8002939343066, -33.60423058559024], [150.7999741706723, -33.60413968500876], [150.7998608758591, -33.60410530478663], [150.7997806912263, -33.60408042799338], [150.7992755429354, -33.60393618642725], [150.7992639411565, -33.60393260146093], [150.7986673931842, -33.60374468992137], [150.7982120341781, -33.60360607178767], [150.798070662355, -33.60356407348018], [150.7977723341902, -33.60347236202949], [150.7975397578516, -33.60340210782942], [150.7974739889546, -33.60338139384009], [150.797230603931, -33.60330403952377], [150.7971002610962, -33.60326713249355], [150.7968773318042, -33.60319808383883], [150.7967203957053, -33.60314906690904], [150.7963866137761, -33.60305750058482], [150.7962804141288, -33.60302515900537], [150.7962052061467, -33.60300200859614], [150.796065595133, -33.6029632068786], [150.7957230643253, -33.60286656330606], [150.7956834317289, -33.6028548737106], [150.7953848984149, -33.60277142085408], [150.7950864593962, -33.60268428790299], [150.7947878351976, -33.6026044043379], [150.7947614899955, -33.60259783187951], [150.7944891243143, -33.60252799255397], [150.794190453771, -33.60245006610221], [150.7938917617039, -33.60237291243929], [150.7937150727912, -33.60232757962383], [150.7936091346794, -33.60229868165004], [150.7935718507424, -33.60228923078256], [150.7932946948778, -33.60220631264968], [150.7930920942297, -33.6021545654671], [150.7928720789462, -33.60210406361396], [150.7926971509731, -33.60205852179267], [150.7925657270411, -33.6020252632382], [150.792186207843, -33.60194344791205], [150.792099312136, -33.60192233407622], [150.7920328557674, -33.60190628792197], [150.791506985391, -33.60179457000766], [150.791501296958, -33.6017931842851], [150.79149695757, -33.60179211796746], [150.7914879600993, -33.60179026205809], [150.7914584557964, -33.60178412368953], [150.7909032903131, -33.60166377286833], [150.7906042087064, -33.60160216304911], [150.790305082737, -33.60154228556063], [150.7901345518734, -33.60150888528162], [150.7900059391689, -33.60148311511072], [150.7897067366445, -33.60142631768587], [150.7894075261488, -33.60136980189179], [150.7891083182604, -33.6013132469797], [150.7888090079383, -33.60126067324074], [150.788621111057, -33.60123024364498], [150.788509616636, -33.60121130865308], [150.7882442479557, -33.60116637414727], [150.7881716078057, -33.60115737875747], [150.7879106974833, -33.60111794382726], [150.7876861982242, -33.60108737894353], [150.7874354358541, -33.60106171818614], [150.7873112526893, -33.60104522720996], [150.7870116088988, -33.60100580940154], [150.7867121767238, -33.60095810063825], [150.7866490106002, -33.60094337521904], [150.7864134006787, -33.60088476155487], [150.7861146358957, -33.6008110021533], [150.7858158507923, -33.60073805858656], [150.7855491850949, -33.60067209870289], [150.7855171000924, -33.60066377841536], [150.7852185104854, -33.60058323239149], [150.7849199316663, -33.60050228711532], [150.7846213712071, -33.60042062320082], [150.7845573259901, -33.60040274678603], [150.7843229328005, -33.60033423545313], [150.7840245194025, -33.60024689445157], [150.7837261365179, -33.60015838505352], [150.7836486162784, -33.60013487731157], [150.7834278988686, -33.60006421527133], [150.7831297785629, -33.59996549874971], [150.7828523297103, -33.59986901693633], [150.7828317967416, -33.59986138925751], [150.7825342151235, -33.59974168539502], [150.7822431600109, -33.59960650743216], [150.782237110644, -33.59960338912282], [150.7819411448608, -33.59942066406426], [150.7818491841531, -33.59934785501776], [150.7816476500656, -33.59914153227266], [150.7816148897218, -33.59909206596524], [150.7814910762258, -33.59883825864102], [150.7814134110807, -33.59858527875713], [150.7813664821246, -33.59838131108256], [150.7813594131351, -33.59833272379114], [150.7813599405565, -33.59832607484651], [150.7813391298761, -33.59808077367632], [150.7813362107893, -33.59782913482432], [150.7813444824453, -33.59757769698393], [150.7813739418491, -33.59732663899393], [150.7813763039834, -33.59731197628229], [150.7813990967969, -33.59710819362941], [150.7814037162792, -33.59707558688837], [150.7814447956349, -33.59682473756766], [150.7814989661256, -33.59657412305204], [150.7815620138556, -33.59632366774922], [150.7815987720702, -33.5962208164334], [150.7816219385938, -33.59607315588181], [150.781652706876, -33.59582212146499], [150.7816267541774, -33.59557006960897], [150.7816276323329, -33.59531849852964], [150.7816611683369, -33.59506751373322], [150.7816876313327, -33.59501295036892], [150.7817119107921, -33.59481683703888], [150.7817590289527, -33.59456609630261], [150.7817614085818, -33.59456320318969], [150.7817658362251, -33.59452728815722], [150.7818347796761, -33.59431586808829], [150.7819135006818, -33.5940656940636], [150.7819869817936, -33.59381542501313], [150.7820519730842, -33.59356500414321], [150.7820963478272, -33.59336024807851], [150.782113419651, -33.5933145196539], [150.7821923759761, -33.59313999295665], [150.7822122561004, -33.5930647051029], [150.7822971323531, -33.59281464062949], [150.7823620874281, -33.59256421887482], [150.7824180725951, -33.59231363622602], [150.7824245532873, -33.5922829064279], [150.7824877023326, -33.59211249552106], [150.7825017832716, -33.59206355065663], [150.7825816689195, -33.59181339643219], [150.782652054148, -33.59156307181087]], [[150.7801154666042, -33.59780722792669], [150.7801820608984, -33.59767341898953], [150.780196437948, -33.59755709521044], [150.7802603681952, -33.59730665629711], [150.7803721411638, -33.59705707628561], [150.7805631626045, -33.5963057454565], [150.7806448872241, -33.59605562585147], [150.7807158712142, -33.59580531342282], [150.7808054798056, -33.59555533515106], [150.7808385499715, -33.59551871283422], [150.7809089025676, -33.5953056041718], [150.7809999377293, -33.59505565131462], [150.7811325113544, -33.59480644313192], [150.7812442691634, -33.59424464556813], [150.781268146603, -33.594054117997], [150.7812857932698, -33.59389063982723], [150.7813975226135, -33.59380485208617], [150.781424377416, -33.59357200989479], [150.7816138660162, -33.59305397317216], [150.7816343427787, -33.59290962558924], [150.7816803322381, -33.59280357893901], [150.7817990499625, -33.59255412181881], [150.781817445484, -33.59251201984597], [150.7820658171614, -33.59180414668269], [150.7821419178873, -33.59158046796472], [150.7822109900695, -33.59180674899812], [150.782192207885, -33.59205799969122], [150.7819819713964, -33.59306057536473], [150.7818801191693, -33.59331033562861], [150.7816935331007, -33.59406174876402], [150.7816161245283, -33.59431194617593], [150.7816022850452, -33.59442420414494], [150.7814895505157, -33.59456126255907], [150.7813663081148, -33.59531381073088], [150.7813197001406, -33.59556456140081], [150.7813276642964, -33.5957269004661], [150.7812519505013, -33.59581493224687], [150.7811410402509, -33.59606452867973], [150.7811241701615, -33.59610466119784], [150.7810873731323, -33.59631515206217], [150.7810364044401, -33.59656582431852], [150.7809371894878, -33.59681563035156], [150.7807954052381, -33.59720253065603], [150.7807793733846, -33.59731597091518], [150.7807653275105, -33.5975673053233], [150.7807096601347, -33.5978178925485], [150.7806407363413, -33.59806824208249], [150.7805645737939, -33.59831846139429], [150.780487295094, -33.5985686606171], [150.7804567022156, -33.59868780671365], [150.7804433520853, -33.59881945844948], [150.7804103097856, -33.59907045154182], [150.7803740934094, -33.59932138775888], [150.7803381646798, -33.59957232911484], [150.7803107939538, -33.59982342399518], [150.7803490955222, -33.60007569770068], [150.7804134004257, -33.60032843811966], [150.7804145899131, -33.60033085295066], [150.7806006434064, -33.60058338496827], [150.7807064845657, -33.60067241325117], [150.7810029032357, -33.60083751716], [150.7810134341984, -33.60084237896433], [150.7813004192961, -33.60095983512911], [150.781598229398, -33.60107070970837], [150.7816988156227, -33.60110626180698], [150.7818963074392, -33.60117115165774], [150.7821945840412, -33.60126387452701], [150.7824929118639, -33.60135461411335], [150.7825557666241, -33.60137321754716], [150.7827914157961, -33.60143850688313], [150.7830899527256, -33.60152114004079], [150.783388475732, -33.60160432876931], [150.7835240450014, -33.60164216295437], [150.7836870629152, -33.60168504424149], [150.7839856922967, -33.60176412239513], [150.7842843128044, -33.60184356902814], [150.7845390284565, -33.60191193765944], [150.7845829332298, -33.60192304107084], [150.7848817092089, -33.6019964782497], [150.7851804970683, -33.60206944799035], [150.7854793311013, -33.60214063279319], [150.7856583920491, -33.60218357330665], [150.7857781984288, -33.6022105474168], [150.7860771787156, -33.60227605195217], [150.7862423533908, -33.60230674166722], [150.7863763679995, -33.6023334002257], [150.7866756315632, -33.60238785848252], [150.786974796308, -33.60244622200524], [150.7870424654565, -33.60245993626432], [150.7872739420227, -33.60250532365681], [150.7875731083745, -33.60256363489389], [150.7878721348833, -33.60262743613929], [150.7881711124242, -33.60269319564867], [150.7883598904419, -33.60273509214124], [150.7884701036971, -33.6027584133431], [150.7887690491635, -33.60282544278947], [150.7890679574025, -33.6028939723472], [150.7893667917933, -33.60296536735648], [150.7895357903774, -33.60300770414665], [150.7896655713644, -33.60303897683342], [150.7899643270066, -33.60311349766078], [150.7902630126839, -33.60319082740391], [150.7903394926412, -33.60320926412487], [150.7905616152083, -33.60327141473374], [150.7905860319944, -33.60327806026357], [150.7908602752472, -33.60334979318992], [150.7911589171828, -33.60342888005113], [150.7912627812111, -33.60345428312097], [150.7914575769939, -33.60350728868548], [150.7916147384307, -33.60354802298435], [150.7917563084009, -33.60358291164255], [150.7920550546194, -33.60365797501519], [150.7923537066233, -33.60373675463929], [150.7926523631754, -33.60381542488096], [150.7926616500763, -33.6038183017556], [150.7929507548077, -33.60390446327984], [150.7932492970453, -33.60398761736968], [150.7935477788591, -33.6040731662436], [150.7935938983643, -33.60408652614637], [150.7938463316742, -33.60415595207041], [150.7941448887772, -33.60423863971897], [150.7944433567632, -33.6043247550574], [150.7945439303393, -33.60435506130415], [150.7947417998587, -33.60441191909774], [150.7950402045248, -33.60450066261257], [150.7953384768169, -33.60459458339005], [150.7954251872793, -33.60462236264663], [150.7956367637642, -33.60468795427743], [150.7959349259398, -33.60478620594562], [150.796232993398, -33.60488829928448], [150.796233146706, -33.60488835178995], [150.7965311125666, -33.6049883429115], [150.7968292000878, -33.60508965757104], [150.7970203575547, -33.60515396585078], [150.7971273445122, -33.60518876385026], [150.7974255953369, -33.6052837622467], [150.7977238612755, -33.60537809928478], [150.7978604016371, -33.6054205159], [150.7980221975436, -33.60546974393548], [150.7982060267933, -33.60552329722629], [150.7984143319463, -33.60558850617973], [150.7986190045696, -33.60564786760879], [150.7987675174705, -33.60568952939183], [150.7991245195964, -33.60579196775727], [150.7992160383949, -33.60581716865418], [150.7992834863238, -33.60583537422331], [150.7996888924133, -33.60595623996874], [150.7997948520833, -33.60598852852961], [150.7998128769584, -33.60599415449769], [150.7998384299922, -33.60600199769463], [150.8003081769466, -33.60613857526254], [150.8004097528689, -33.60616986312702], [150.8005531513147, -33.60621344643151], [150.8008206781489, -33.60628993105905], [150.801006571691, -33.60634787066106], [150.8012712665069, -33.60643088775798], [150.8013292283819, -33.60644756190948], [150.801463232297, -33.60649097513885], [150.8016032024869, -33.60653338298327], [150.8017909120326, -33.60659011698067], [150.8019015503249, -33.60662485339894], [150.802199842591, -33.60671863184483], [150.8023212574942, -33.60675781509252], [150.802498108794, -33.60681346371053], [150.8027964057398, -33.60690701687206], [150.803094658108, -33.60700244626929], [150.8031628678933, -33.60702435805961], [150.8033929419314, -33.6070965691216], [150.8036912605089, -33.60718944221236], [150.8039895666943, -33.60728273590706], [150.8040169138494, -33.60729111525426], [150.8042879749316, -33.60737212541931], [150.8045864176785, -33.60746017957551], [150.8048848125364, -33.60755005316526], [150.8049146050462, -33.60755864246005], [150.8051833356013, -33.60763498887565], [150.8054818941986, -33.60771845236076], [150.8057805501097, -33.6077981942389], [150.8058967543466, -33.60782766192976], [150.8060793118262, -33.60787368958647], [150.8063781487335, -33.60794633286554], [150.8066770261353, -33.60801739800952], [150.8069759094335, -33.60808815697072], [150.8070252687659, -33.60809926863925], [150.8072748784974, -33.60815554994001], [150.8075738894247, -33.60822140312757], [150.8078729655441, -33.60828460610694], [150.8081721135375, -33.60834508287489], [150.8083155837204, -33.60837373419304], [150.8084712824269, -33.60840475155271], [150.808692910854, -33.60844569628858], [150.8087705131787, -33.60846199294007], [150.8090697658414, -33.60851829138812], [150.8093689985275, -33.60857539550908], [150.8096681339417, -33.60863645473522], [150.8097327432417, -33.60865043236458], [150.8099671206111, -33.60870331703119], [150.8101576087765, -33.60874919054877], [150.8102657952334, -33.60878253444054], [150.8105640508053, -33.60887853193208], [150.8106724109533, -33.60891866190929], [150.8108618183268, -33.60899376134449], [150.8111590740378, -33.60912917085387], [150.811255931794, -33.60918058016403], [150.8114821735869, -33.60929920177124], [150.811752481623, -33.6094438635506], [150.8120015026577, -33.60959121328005], [150.8121944654362, -33.60970036662928], [150.8123455587104, -33.609771899878], [150.8125464377113, -33.60986948036827], [150.8128167714552, -33.61000667514543], [150.8129394196086, -33.61006890355753], [150.8130074470102, -33.61010266001364], [150.8132615587202, -33.61022241887559], [150.8135339831849, -33.61033834444287], [150.8141295326643, -33.6105688913832], [150.8145851140073, -33.61074899531939], [150.8147247685578, -33.61081208197963], [150.8153197348406, -33.61106599597906], [150.8155825324051, -33.61115887268362], [150.8158723950696, -33.61127491714499], [150.8159153828274, -33.61129293801575], [150.8162130013426, -33.61141469569644], [150.8165105930738, -33.61153745452582], [150.8165114196825, -33.61153779162291], [150.8168082130151, -33.61165931733831], [150.8171057848166, -33.61178293440489], [150.817148771705, -33.61180063334226], [150.8173561122545, -33.61188429864797], [150.8174799803091, -33.61193593963475], [150.817701075292, -33.61202454027908], [150.8178413811692, -33.612078953462], [150.8182602858941, -33.61226290982272], [150.8182960869643, -33.61227734120808], [150.8183187409053, -33.61228617661662], [150.818411201957, -33.61232609058957], [150.8188013796788, -33.61248501659241], [150.8188913360925, -33.61252095336419], [150.8190338730126, -33.61257800744506], [150.8192880605789, -33.61267744025938], [150.819486705106, -33.61275984781787], [150.8197029240396, -33.61285205275725], [150.8197841976884, -33.61288691706426], [150.820081805637, -33.61300944083466], [150.8203442678015, -33.61311494875599], [150.820379467649, -33.61312985171026], [150.820677057264, -33.61325336015534], [150.8209920273449, -33.61337795456977], [150.8211331224619, -33.61343927785184], [150.8212132645348, -33.61348133268034], [150.8212720877019, -33.6135062021545], [150.8213681491346, -33.61354705531704], [150.8216902168268, -33.61368921675669], [150.8218669705197, -33.61376486161694], [150.8221555837521, -33.61388652827707], [150.8221941502286, -33.61390231120031], [150.8224614150938, -33.61404108365286], [150.8227075354146, -33.61416294128958], [150.8227582518196, -33.61419457909073], [150.8230544796497, -33.6143725141593], [150.8231392823895, -33.61442213196887], [150.8233497952972, -33.61458658001255], [150.8234718148232, -33.61467957566919], [150.823643119948, -33.61488007079184], [150.8236898774692, -33.61493500264612], [150.8237768973149, -33.61518812178331], [150.8237153212549, -33.61543862634623], [150.8236266443628, -33.61553526075112], [150.8234202661775, -33.6156850217951], [150.8233212593872, -33.61572122293016], [150.8230191744749, -33.61577612755758], [150.8227182704986, -33.61578388707326], [150.8225524385116, -33.61578255620918], [150.8224180564163, -33.61576441498107], [150.8221182593676, -33.6157283767559], [150.8218186929506, -33.615683185564], [150.8216453594933, -33.61565376265291], [150.8215193098785, -33.61563072377294], [150.8212200425735, -33.61557367867647], [150.8209207417186, -33.61551779386075], [150.8206214769804, -33.61546049057279], [150.8203222870325, -33.61540042377982], [150.8202117064833, -33.61537690678551], [150.8200232310742, -33.61533505434726], [150.8197241823483, -33.61526941658752], [150.8194250972416, -33.61520524163223], [150.8192796962619, -33.61517007911834], [150.8189814930584, -33.61509576798669], [150.8188271067753, -33.6150697202081], [150.8186406261675, -33.61503572241116], [150.8184405480984, -33.61498953513625], [150.8182287280981, -33.61494958229879], [150.817967348598, -33.61489775773487], [150.8178997408976, -33.61488308439073], [150.8176303779543, -33.61482847653086], [150.8176288320591, -33.61482816656319], [150.817331218416, -33.61476738087526], [150.8170319414763, -33.61471086307687], [150.8167325822427, -33.61465771837088], [150.8164332005749, -33.61460547831928], [150.8161425818363, -33.61455033559143], [150.8161339304637, -33.61454864395135], [150.8158346211751, -33.61449347241982], [150.8156494955566, -33.61446386670809], [150.8152356604999, -33.61439691881678], [150.8146367603267, -33.61429793074723], [150.8146228981872, -33.61429520728273], [150.8144592703597, -33.61426900269038], [150.8140704830399, -33.61420719277195], [150.8140377612651, -33.61420282194034], [150.8140000807756, -33.61419761193059], [150.8135070608209, -33.61413666470094], [150.8134382658966, -33.61412750811608], [150.8133597428156, -33.61411775342303], [150.812939001915, -33.6140734973423], [150.81283851842, -33.6140622161688], [150.812725920434, -33.61404939180408], [150.8123100299031, -33.61400934714851], [150.8122386705982, -33.61400083927968], [150.8119799298524, -33.61397356353989], [150.8119387787578, -33.61396899022674], [150.8116386774102, -33.6139454370329], [150.8113383198605, -33.61393192870076], [150.8110377305431, -33.61392768331467], [150.8107370166019, -33.61392836699206], [150.8104360011698, -33.61394087541508], [150.8103812779785, -33.6139452623205], [150.8101345421032, -33.61397082087655], [150.8098327716829, -33.61401325182776], [150.8095309681377, -33.6140569803793], [150.8092295392647, -33.61408580139004], [150.8089288259695, -33.61408644283557], [150.8086288786103, -33.61405683329052], [150.8083296302566, -33.61399953461984], [150.8080309318409, -33.61392053724581], [150.8079776524991, -33.61390267158997], [150.8077326349141, -33.6138257111412], [150.807434467488, -33.6137258939176], [150.8071902331732, -33.61363712146403], [150.8068382785437, -33.61352048985786], [150.8066375683417, -33.61345806405279], [150.8062417490029, -33.6133286386697], [150.8056450364943, -33.61314411120456], [150.8055080169413, -33.61310410064732], [150.8051067889934, -33.61299753557869], [150.8050477480864, -33.61298239719696], [150.8044503321057, -33.61282580317192], [150.8040816726867, -33.61273083573087], [150.8038527490577, -33.61267578861265], [150.8035538445574, -33.61260535888009], [150.8033652120449, -33.61256287534253], [150.8032548438163, -33.61253864736841], [150.8029557481232, -33.61247578946978], [150.8026566506102, -33.61241292782984], [150.8023575612706, -33.6123498555981], [150.8020599309576, -33.61228809161121], [150.8020584444839, -33.61228778847619], [150.8017592634422, -33.61222826959243], [150.8015661764381, -33.61219009266108], [150.8014600942431, -33.61216839485604], [150.801160893319, -33.61210969237049], [150.8008616941593, -33.61205103100217], [150.8006656725064, -33.61201171057467], [150.8005625174709, -33.61199140880131], [150.8002633276751, -33.61193241272201], [150.7999626416816, -33.61187402832211], [150.7997600852965, -33.61183549597262], [150.7996649311164, -33.6118149984126], [150.7995444494977, -33.61178904438741], [150.7992212170153, -33.61172596099061], [150.7990666852434, -33.61169181881598], [150.798869714742, -33.61164829022664], [150.7986873486797, -33.61160848417972], [150.7984686634258, -33.61155980656923], [150.7981899446252, -33.61149863585092], [150.7981407582459, -33.6114879009566], [150.798016606395, -33.61146138739881], [150.7978705715029, -33.61143062499082], [150.7976528059622, -33.6113864673174], [150.7975153933738, -33.61135819417103], [150.7972723666566, -33.61130604802923], [150.7970864906728, -33.61125487188785], [150.7968330680118, -33.61120400782021], [150.7966745225629, -33.61116727590285], [150.7965511025708, -33.61113980844009], [150.7961568870062, -33.61106066712819], [150.7960762895995, -33.61104390207384], [150.7960117909973, -33.61103097635237], [150.79588358767, -33.61100127996848], [150.7954884135689, -33.61091316326855], [150.7954782998794, -33.61091104797725], [150.7951791054433, -33.61085248457663], [150.7948798447595, -33.61079653804273], [150.7945805476124, -33.6107419926095], [150.7942812511446, -33.6106874822949], [150.794001795535, -33.61063506214805], [150.793981990935, -33.61063161225405], [150.7936826928529, -33.610577150249], [150.7933834736605, -33.61051965608838], [150.7930843472994, -33.61045853679273], [150.7927853095664, -33.61039395950636], [150.792629610973, -33.61035898629109], [150.7924862897059, -33.61032865323335], [150.7921872734131, -33.61026327165871], [150.7918883725362, -33.61019338446135], [150.7915895241117, -33.61012146100756], [150.7914416367786, -33.61008618587834], [150.7912906060075, -33.61005228872829], [150.7909916887389, -33.60998310282009], [150.7906927970596, -33.60991293424001], [150.7903937862156, -33.60984745391829], [150.7902642823414, -33.60981356398421], [150.7900950284089, -33.60977205672383], [150.7897962336532, -33.60969812828608], [150.7894975331321, -33.609620576741], [150.7892072218896, -33.60954308092552], [150.7891988840005, -33.60954098792381], [150.78890007808, -33.6094676065847], [150.7886012750523, -33.60939408623898], [150.788302505547, -33.60931929769286], [150.7881201630953, -33.60927205432187], [150.7880037527542, -33.60924387569524], [150.7877049772411, -33.60916936431993], [150.7874062820567, -33.60909170785578], [150.7871076981369, -33.60900974330283], [150.7870800475793, -33.60900185646029], [150.7868090775933, -33.60892923457312], [150.7865105181805, -33.6088463343949], [150.786212033167, -33.60876057121731], [150.7861210248329, -33.60873310292441], [150.7859135663672, -33.60867411936317], [150.7856150872705, -33.60858817272349], [150.7853167325953, -33.60849737475376], [150.7852193527137, -33.6084653693469], [150.7850184501601, -33.60840379039269], [150.7847201710412, -33.60831010236625], [150.7844220439413, -33.60821049998713], [150.7843882447677, -33.60819889323568], [150.7841238518532, -33.60811344135124], [150.7838255201929, -33.60802188478829], [150.7835270032663, -33.60793758927082], [150.7835053858203, -33.60793148496742], [150.7832283905969, -33.60785704529877], [150.7829297701256, -33.60777683391075], [150.7826311007202, -33.60769856088489], [150.7824883225393, -33.60766166277433], [150.7823323452183, -33.60762365934244], [150.7820335272969, -33.6075512269212], [150.7817347172335, -33.60747849931141], [150.7814359320704, -33.60740482634304], [150.7813761224953, -33.60739012635764], [150.7811370599803, -33.60733456267517], [150.7808382007534, -33.60726381777334], [150.7805393341092, -33.60719338206985], [150.7802405121273, -33.60712122300953], [150.7802261316869, -33.6071179006642], [150.779941529904, -33.60705533504369], [150.7796424596415, -33.60699289965304], [150.7793433205542, -33.60693315920651], [150.779044041391, -33.60687889592554], [150.778782599401, -33.60684039219137], [150.7787444942334, -33.6068351016911], [150.7784443005755, -33.60681650883144], [150.7782952843744, -33.60683163729055], [150.7781427980436, -33.60684891636424], [150.77783878499, -33.60697913489412], [150.7775412515192, -33.60685691396758], [150.7774846501661, -33.60681706951436], [150.7772448311603, -33.60669135988859], [150.776946538369, -33.60659877041633], [150.7767403857388, -33.60655210414613], [150.7766475665912, -33.60653265727728], [150.7764148582124, -33.60649029463422], [150.7763483290173, -33.60647691118179], [150.7760490817359, -33.60642155885306], [150.7757498865273, -33.60636418368863], [150.7754507609686, -33.60630411416059], [150.7753097527143, -33.60627478694722], [150.7751516537439, -33.60624335994043], [150.774852535526, -33.60618305022093], [150.774553429701, -33.60612225279266], [150.7742544065069, -33.60605828146859], [150.7739867798759, -33.60599939203389], [150.7739554233053, -33.60599277232772], [150.7736564033183, -33.60592871253861], [150.7733574190303, -33.60586325968421], [150.7730584829037, -33.60579599893532], [150.7727595343381, -33.60572919411374], [150.7727428980629, -33.60572540774655], [150.7724605417906, -33.60566416398563], [150.7721615831466, -33.60559778853202], [150.771862724695, -33.60552756118551], [150.7715639592432, -33.60545371769835], [150.7715592462552, -33.60545249656894], [150.7712651865704, -33.60538019835389], [150.7709664296094, -33.6053060888342], [150.7706677710523, -33.60522815574248], [150.7704954415738, -33.60518173464176], [150.7703691365302, -33.60514933403476], [150.7700704516365, -33.60507248995662], [150.7697719502428, -33.60498854318637], [150.7695282924734, -33.60491270769125], [150.7694736597136, -33.60489643515728], [150.7691753477591, -33.60480518403096], [150.7688771922697, -33.60470788628714], [150.7686980488842, -33.60464614379293], [150.7685791429822, -33.60460644811667], [150.7682811479499, -33.60450302524672], [150.7679832963211, -33.60439397556893], [150.7679488331936, -33.60438103705358], [150.7676854604215, -33.6042843919554], [150.7673877668436, -33.60416931888875], [150.7672476701885, -33.60411679327296], [150.7670899419677, -33.60405936828369], [150.7667921168197, -33.603949457781], [150.7665335973128, -33.60385231267395], [150.7664943469514, -33.60383743470645], [150.7661966231819, -33.60372360892961], [150.7658989903218, -33.60360633721388], [150.7658536789856, -33.60358844461996], [150.7656013350763, -33.60349001071745], [150.7653037271071, -33.6033717922209], [150.7651857589798, -33.60332479025549], [150.7650060781104, -33.6032552407281], [150.7647084575053, -33.60313762153687], [150.7646486105228, -33.60311408466021], [150.764523233825, -33.60306123013368], [150.7644109472974, -33.60301575848501], [150.7641134578172, -33.60289307942867], [150.7638871439733, -33.60279814408875], [150.7638159803737, -33.60277005972192], [150.7635851532115, -33.60267972533501], [150.7632371746707, -33.60252800356704], [150.7632211036661, -33.60252100199243], [150.7629236832962, -33.60239578126078], [150.7626404465684, -33.60227242368694], [150.7626263725718, -33.60226639727956], [150.7623290770447, -33.60213650599508], [150.7620491135729, -33.6020101381872], [150.7620375528609, -33.60200513039342], [150.7620318860523, -33.60200251346941], [150.7617346887747, -33.60186884560438], [150.761472102366, -33.60174810942232], [150.7614375732683, -33.60173205113936], [150.761209152646, -33.6016270080524], [150.7610238306383, -33.60154252306289], [150.7608433245679, -33.60145921029777], [150.7603487894822, -33.60122459997649], [150.7602712075845, -33.60118617137669], [150.7602493644281, -33.60117540623565], [150.7602109085214, -33.60115694377406], [150.759805984672, -33.60095980688868], [150.7596554374958, -33.60089047046932], [150.7594010501306, -33.60077676223801], [150.7593330465424, -33.60074568921662], [150.7592276270518, -33.6007011195524], [150.7590609063188, -33.60062903691856], [150.7587635906365, -33.60050026217766], [150.7586206105426, -33.60043853407761], [150.7584661604442, -33.6003760378369], [150.7581686321231, -33.60025554544723], [150.7579723600378, -33.60017519806985], [150.7578710855903, -33.60013578939515], [150.7575734605168, -33.60001919024864], [150.7573024830625, -33.59991146635065], [150.7572758647229, -33.59990149211704], [150.7571004842923, -33.59983368809373], [150.7566804795684, -33.59967347995586], [150.7566154547861, -33.59964742007309], [150.7560847788101, -33.59945795446304], [150.7554891527247, -33.59923948160615], [150.7551728823804, -33.59911807258112], [150.7549429645325, -33.59903074586263], [150.7548937746027, -33.59901165419029], [150.7548175204578, -33.59898274337916], [150.7544504257232, -33.59884774458958], [150.7542982369328, -33.59879010300545], [150.7540636358777, -33.59870143998381], [150.7539589361547, -33.59866307644682], [150.7537623017239, -33.59858928983088], [150.7537027691254, -33.59856597805771], [150.7534139370254, -33.59845345036512], [150.753107552674, -33.59833219517139], [150.7525125158152, -33.59809171009969], [150.7524372177572, -33.59806204496777], [150.7520098279391, -33.59789770343094], [150.7519172876216, -33.59785881671934], [150.7517663297093, -33.597794397374], [150.7515298735926, -33.59769474862998], [150.7513224974193, -33.59760908901011], [150.7511501746647, -33.59753547836163], [150.7510251359112, -33.59748284479706], [150.7507275933206, -33.59736378969574], [150.7504971674975, -33.59727201735722], [150.7504300471494, -33.59724490452612], [150.750132474378, -33.59712698366383], [150.7498271355379, -33.59700824346192], [150.7496759921805, -33.59694686898222], [150.749593421825, -33.59690932852948], [150.7495374357493, -33.5968872148981], [150.7494496833058, -33.59685301572692], [150.7491081025604, -33.59671489206608], [150.7489422821206, -33.59665190809549], [150.7486841080953, -33.59655093578021], [150.7486193990219, -33.59652582023784], [150.7485041393245, -33.59648099550112], [150.7483472135119, -33.59641364063844], [150.7480497567419, -33.59629148154806], [150.7478685579828, -33.59621783792618], [150.747752457394, -33.59616339337202], [150.7474552633606, -33.59603129069922], [150.7472748604611, -33.59595544111504], [150.7471581334753, -33.59589666531218], [150.7468610838196, -33.59575899195237], [150.7467064147819, -33.59569350112671], [150.7465641623734, -33.59561642811206], [150.7462671495776, -33.59547750388349], [150.7461572790176, -33.59543191001482], [150.7459704527485, -33.59532638429415], [150.7456734395627, -33.59518755073117], [150.7456350304121, -33.59517080714055], [150.7453776334381, -33.59500238486186], [150.7452003620095, -33.59491129895132], [150.7450823333338, -33.59479774019746], [150.7448818351318, -33.59465390666242], [150.7447914478453, -33.59442360175341], [150.7447779786687, -33.59440042891332], [150.7447925324476, -33.59438194652], [150.7449593446687, -33.59417055656336], [150.7451070722176, -33.594031052937], [150.7451921911583, -33.59390481374157], [150.7451730622687, -33.59375209982652], [150.7450740526941, -33.59347115657776], [150.7450698261479, -33.5933994147976], [150.7448241471868, -33.59316771317104], [150.7447988372212, -33.59314288912535], [150.7445286480934, -33.59297099308486], [150.7443927571748, -33.59288389912579], [150.7442325097078, -33.5927989635836], [150.7439358968129, -33.59264519774107], [150.743895369848, -33.59262324321105], [150.7436395068119, -33.59248282456929], [150.7434496043766, -33.59236352624559], [150.7433441855947, -33.59227956110623], [150.7431487688402, -33.59210645302113], [150.7430529474593, -33.59191955171877], [150.7430232751547, -33.59185257905625], [150.743052710768, -33.5916015323374], [150.7430617714787, -33.59158088307828], [150.7431449338557, -33.59135163137034], [150.7432652350117, -33.5911734475058], [150.7434475043164, -33.59085398445137], [150.7435945897811, -33.59070392660545], [150.7436879107269, -33.5906245534531], [150.7439720447059, -33.59039784757334], [150.7440053016788, -33.59036947478699], [150.7440205339451, -33.59036126932482], [150.7442991432738, -33.59024015242318], [150.7446021689882, -33.59014732884521], [150.7447133896958, -33.59012232147603], [150.7449043383907, -33.5900874666238], [150.7452059978135, -33.59004718272116], [150.7455073179894, -33.59001992392336], [150.7458083260282, -33.59000456301827], [150.746109031283, -33.59000083639518], [150.7464094170247, -33.59000948332078], [150.7467095663742, -33.59002713007585], [150.7469627378028, -33.59005705291143], [150.7472107269868, -33.59008137557963], [150.747309138093, -33.59009057941318], [150.7474187428813, -33.59010408586914], [150.7477656233041, -33.59016536207594], [150.7479078933203, -33.59018538125991], [150.7480769954311, -33.59021642355924], [150.7483071559635, -33.59027055547313], [150.7485059130737, -33.59030853515367], [150.7487527625705, -33.59035973618376], [150.7488442990062, -33.59038270768273], [150.749103820815, -33.59043597708455], [150.7491964132568, -33.59045557242223], [150.7494028067517, -33.59049867334386], [150.7497018650396, -33.59055841901498], [150.7500009661098, -33.59061662594166], [150.7503000480764, -33.5906754927189], [150.7503816442339, -33.59069437255931], [150.7508978461443, -33.59080745985823], [150.7514952575658, -33.5909544876399], [150.7516779203568, -33.59100387793778], [150.7520380518372, -33.59110182576313], [150.752092303621, -33.5911155851009], [150.7521646979345, -33.59113472851794], [150.7525556249494, -33.59124503538043], [150.7526892407514, -33.59128087809717], [150.7532862706206, -33.59144277779977], [150.7534231392586, -33.59148107362778], [150.7536307574426, -33.59154253206577], [150.7538830108856, -33.59161602730295], [150.7541053238309, -33.5916794608405], [150.7542861356475, -33.59173100448379], [150.7544798264723, -33.59178637490317], [150.7546198257447, -33.59182754607814], [150.7549891969024, -33.59192251487019], [150.7550769509076, -33.59194489856208], [150.7555994169031, -33.59208144297571], [150.755674147922, -33.59210070889055], [150.7562711699908, -33.59226345075888], [150.7568675827578, -33.59244962760891], [150.7570813166499, -33.59252128457649], [150.7574079399168, -33.59261741938104], [150.7574640410534, -33.59263433133741], [150.757762021731, -33.59273622798452], [150.758059854309, -33.59284387435172], [150.758161531296, -33.59288266724826], [150.7583575758566, -33.59295593187186], [150.7586552972027, -33.59306802799988], [150.7588650817185, -33.59314700331384], [150.7590783642052, -33.59322373792632], [150.7591859654431, -33.59326251739195], [150.7592508339716, -33.59328858285721], [150.759352958509, -33.59332850713878], [150.759764658609, -33.59348382021346], [150.7598462031918, -33.59351573550256], [150.7601439433646, -33.59362716357106], [150.7602737343159, -33.59367569228526], [150.7604417674773, -33.59373546756012], [150.7606634218137, -33.59381162648684], [150.7610200381948, -33.59394810441768], [150.7610373453396, -33.59395479344271], [150.7613352428081, -33.59406034800777], [150.7616331194151, -33.59416669229425], [150.7617402583217, -33.59420541244253], [150.7619310243213, -33.59427197036631], [150.7622289361276, -33.59437701047369], [150.7623507717966, -33.59441663654109], [150.7626519521988, -33.59451429505839], [150.76282502711, -33.59457682440097], [150.7630829535064, -33.59466522704234], [150.7631514610622, -33.59468619394761], [150.7632997132157, -33.59473679631815], [150.7634211531995, -33.59477538848461], [150.76372739764, -33.59486698426223], [150.7640177080741, -33.59495749742035], [150.7646139178788, -33.59515303101654], [150.7646673911698, -33.59517427776392], [150.7649957060073, -33.59527062900009], [150.7651790272339, -33.59532693273256], [150.7652104192772, -33.59533737038054], [150.7652560897096, -33.59535242415715], [150.7657889537345, -33.59555095463325], [150.7658060385884, -33.59555605240433], [150.7661038736229, -33.59566438502258], [150.7664014063769, -33.59578451433549], [150.7664400538492, -33.59579989373066], [150.7666508642741, -33.59588501493403], [150.7667721451483, -33.59592948550097], [150.7669967115003, -33.59601562344147], [150.7671420709114, -33.59607010217852], [150.767542898015, -33.596240495556], [150.7675916949802, -33.5962592907124], [150.7676232434342, -33.59627111461389], [150.7676718588625, -33.59629141664742], [150.767754798086, -33.59632680312608], [150.7681867079297, -33.59650194618238], [150.7684026074152, -33.59659007989899], [150.7684842338143, -33.59662261641353], [150.7687818291844, -33.59674052983085], [150.7690644183741, -33.59685360593039], [150.7690768146524, -33.59685821182899], [150.7690912275981, -33.59686408585149], [150.7693771147432, -33.59697290988396], [150.7696748237306, -33.59708655319665], [150.7697578999107, -33.59711769965264], [150.7699726519057, -33.59719559870023], [150.770270540154, -33.59730234109639], [150.7704960133152, -33.59738259446089], [150.770568472219, -33.59740741015223], [150.7708665371587, -33.59750734563549], [150.7711645957453, -33.59760757841404], [150.7712878116691, -33.59764845221343], [150.7714627607909, -33.59770367896697], [150.7717610512934, -33.59779492947946], [150.7720592562016, -33.59788953233378], [150.7720808417575, -33.59789612224009], [150.772140061418, -33.59791539429215], [150.7723575133529, -33.59798215367322], [150.7725229483008, -33.59803431234241], [150.7726556169634, -33.59808077001576], [150.7729513130661, -33.59818159203672], [150.7729530362166, -33.59818213642444], [150.7729536440482, -33.5981823432075], [150.7732518273551, -33.5982779150446], [150.7735499616848, -33.59837537173571], [150.773771454452, -33.59844794459786], [150.7738481335247, -33.59847144212767], [150.7741464989089, -33.5985599857131], [150.7744446848232, -33.59865553772948], [150.7746284261732, -33.59871495494941], [150.7747429148484, -33.59874939898424], [150.7750412198608, -33.59884039053786], [150.775339437097, -33.59893480144807], [150.7754848976294, -33.59898195010451], [150.7756376827053, -33.59902815646877], [150.7759360213681, -33.59911787954768], [150.7762343091706, -33.59920963114905], [150.7763596268171, -33.59924926784492], [150.7765326362507, -33.59929986658299], [150.7768309826281, -33.59938937529438], [150.7771293207304, -33.59947923115464], [150.7772526894399, -33.59951690902994], [150.7774277221388, -33.59956665704136], [150.7777262367916, -33.59964969426225], [150.7780248769501, -33.59972785144605], [150.778280055453, -33.5997869567546], [150.7783237593129, -33.59979659015789], [150.7786233306709, -33.59983849970499], [150.7789245099597, -33.59981772479789], [150.7789589971047, -33.59979915264659], [150.7792294423615, -33.59965058983567], [150.7793221414318, -33.59955408821236], [150.779503112237, -33.59930575165214], [150.7795401419296, -33.59925849671014], [150.7795868999049, -33.59909120880252], [150.7796136336433, -33.5990561499059], [150.7797320464335, -33.59880668983553], [150.7798581167514, -33.59858250061755], [150.7798617200782, -33.59855743143027], [150.7799183401248, -33.59830686177324], [150.7800055853589, -33.5980568418526], [150.7801154666042, -33.59780722792669]]]}}, {"type": "Feature", "properties": {"base": "RAAF Base Williamtown", "anef_band": "20-25", "anef_min": 20}, "geometry": {"type": "Polygon", "coordinates": [[[151.835092586222, -32.65133205041519], [151.8349003873534, -32.65111885757136], [151.8348562733009, -32.65107527413875], [151.83466728365, -32.65090530058967], [151.8345717012942, -32.65082975886054], [151.8343953614607, -32.65069136676254], [151.8342867224749, -32.65061581508138], [151.8340499582679, -32.65047674977063], [151.8340010970657, -32.65045174568252], [151.8337147047117, -32.65034677376815], [151.833427716207, -32.65028780536971], [151.8331711406933, -32.65025717413982], [151.833140399983, -32.65025405258382], [151.8328530664609, -32.65022171685951], [151.832565163249, -32.65023323415437], [151.8324520506239, -32.65025048711442], [151.8322768131746, -32.65027907865027], [151.8319880874725, -32.65035388214295], [151.8316991970278, -32.65044115766858], [151.831628134649, -32.65045422898976], [151.8314107869375, -32.65049155595437], [151.8311222479196, -32.65055186166444], [151.8309193692173, -32.65065903802082], [151.8308323343829, -32.65071774675408], [151.8306871779334, -32.65086828380589], [151.8305403607706, -32.65104174631796], [151.8305071814759, -32.65107799956098], [151.8302626343858, -32.65128712938969], [151.8302492898924, -32.65129621332454], [151.8300169822983, -32.65149624841916], [151.8299581662965, -32.65155464604112], [151.8298346779724, -32.65170595756729], [151.8297329699103, -32.65191643387271], [151.8296630241917, -32.65212147099004], [151.8296604877418, -32.65212716668748], [151.8295691875442, -32.6523377239551], [151.829527473127, -32.65245232721946], [151.8294938095875, -32.65254842963662], [151.8294707303222, -32.65275962302491], [151.8294946478034, -32.65297125470687], [151.8295540804158, -32.6531832175869], [151.8296414112217, -32.65339544058997], [151.8296462860476, -32.65340603258494], [151.829746991959, -32.6536078337075], [151.8298648637235, -32.65382034132051], [151.829927289294, -32.65392513007771], [151.8299984779602, -32.65403297965037], [151.8301457942841, -32.65424576148882], [151.830209707223, -32.65433566818365], [151.8303172776956, -32.65445876839118], [151.8304931545504, -32.6546674348935], [151.8304974682128, -32.65467187212903], [151.8306992830773, -32.65488516115505], [151.8307769374009, -32.65497358653414], [151.8308974735297, -32.65509841610907], [151.8310268074198, -32.65531102941748], [151.8310595877524, -32.65536685538348], [151.8311622663988, -32.6555236996382], [151.8312942712632, -32.65573633754911], [151.8313415776723, -32.65581106580089], [151.831435537684, -32.6559490615582], [151.8314828184333, -32.65605558842969], [151.8315545938656, -32.65618722805402], [151.8316225989024, -32.65633001632273], [151.8316466967792, -32.65637384467328], [151.8317680883887, -32.65658638329455], [151.8318900281033, -32.65679892689167], [151.8319038558911, -32.65683106160515], [151.8319942176519, -32.65701128924559], [151.832111321668, -32.65722378762359], [151.8321850276178, -32.65733887628522], [151.8322577883318, -32.65743655910882], [151.8324257646118, -32.65764953054122], [151.8324680384002, -32.65770549226158], [151.8325946677128, -32.65786252631221], [151.8327413485705, -32.65806813013461], [151.8327468925404, -32.65807535079841], [151.832750937214, -32.6580808528567], [151.8329203388341, -32.65828837245579], [151.8330343920293, -32.65841364952206], [151.8331410729522, -32.65850183356315], [151.8333195160985, -32.6586181183996], [151.8334916398053, -32.65871650116748], [151.8336050490353, -32.65879109422809], [151.8337379933587, -32.65893019937675], [151.8338887574549, -32.65910485343198], [151.8339266835784, -32.65914336133272], [151.8341232981021, -32.65935659663762], [151.8341724474139, -32.65942006158718], [151.8343030342124, -32.65956967485198], [151.8344556852755, -32.65977029787274], [151.834466200138, -32.6597825989187], [151.8346417318594, -32.65999562167832], [151.8347387966822, -32.6601304257004], [151.8348007411944, -32.66020850671822], [151.8349876889461, -32.66042165092779], [151.8350222667178, -32.66046305878382], [151.8351831221639, -32.66063487362533], [151.8353059411922, -32.66078009638244], [151.8353679638518, -32.66084799772983], [151.8355541819711, -32.66106113434779], [151.8355895408204, -32.66110307503351], [151.8357507804282, -32.66127438291852], [151.8358732833858, -32.66141522904474], [151.8359459466096, -32.6614876019716], [151.8361471514802, -32.66170087673174], [151.8361572253611, -32.66171211411285], [151.8363667855632, -32.66191431409982], [151.8364413921327, -32.66199178685122], [151.8365751376549, -32.6621276544596], [151.8367252162349, -32.6622980212527], [151.8367668807895, -32.66234084053218], [151.8369589145625, -32.66255402900146], [151.8370089925187, -32.66260812588274], [151.8371809250154, -32.66276749495893], [151.8372934058802, -32.66286920716755], [151.837411601772, -32.66298104082], [151.8375774821908, -32.66315638815956], [151.8376056330442, -32.66319424682297], [151.8377582903823, -32.66340706934062], [151.8378601731025, -32.66355082918557], [151.8379060306651, -32.66361984614019], [151.8380658095002, -32.66383273424771], [151.8381430086806, -32.66393422256624], [151.8382310139766, -32.66404566441258], [151.8384067713662, -32.66425870001444], [151.8384262439963, -32.66428687955096], [151.8385689351459, -32.66447162548866], [151.8386964483734, -32.66468421415783], [151.8387086286243, -32.66470553146138], [151.8388252650929, -32.66489680679564], [151.8389512963302, -32.66510938149429], [151.8389901850448, -32.66518841810256], [151.839056288712, -32.66532176143227], [151.8391453671148, -32.66553399405274], [151.8392268776892, -32.66574615660312], [151.8392692548857, -32.66586379509272], [151.8393113414985, -32.66595834641566], [151.839412422938, -32.66617068986784], [151.8395172572185, -32.66638306794516], [151.8395495418221, -32.66644539508195], [151.8396498007738, -32.66659570217075], [151.8397947223531, -32.66680845071562], [151.839832096282, -32.66685182674138], [151.840002593858, -32.66702177307468], [151.8401161065057, -32.66714573244866], [151.8401895931964, -32.66723491014062], [151.8403582513453, -32.66744789336019], [151.8403992824017, -32.66750432686939], [151.8405266950915, -32.66766085844603], [151.840679140982, -32.66787366753852], [151.840682265355, -32.66787812531004], [151.8408441257395, -32.66808660024662], [151.8409651091173, -32.6682627710635], [151.8409866633582, -32.66829932541265], [151.8411216749555, -32.66851198090149], [151.8412470136703, -32.6687204525702], [151.8412497375135, -32.66872457207415], [151.8412519240758, -32.66872827239627], [151.8413954224937, -32.66893732583731], [151.8415180629501, -32.66914986667291], [151.8415290535474, -32.66916786697016], [151.8416559376125, -32.66936254802658], [151.8417744494928, -32.66957505049999], [151.8418108239962, -32.66963633148339], [151.8419042718416, -32.66978765726356], [151.8420237083643, -32.67000016007239], [151.8420924015495, -32.67012006374534], [151.8421486440725, -32.67021272147838], [151.8422755290217, -32.6704253007461], [151.8423742013231, -32.67058670313452], [151.8424082858613, -32.6706379340597], [151.8425455502901, -32.6708506167804], [151.8426563691307, -32.67102506722506], [151.8426815218393, -32.6710632794717], [151.8428115143818, -32.67127588686589], [151.842938273555, -32.67148402744084], [151.8429411861798, -32.67148849116882], [151.8430786068456, -32.67170116678841], [151.8432111849571, -32.671913797613], [151.8432203554746, -32.67192947891459], [151.8433363167186, -32.67212635965399], [151.8434539809097, -32.67233885273725], [151.8435017918786, -32.67242524283296], [151.8435729027881, -32.67255135731165], [151.8436881337884, -32.67276382775003], [151.8437765742402, -32.67297604323966], [151.8437823544203, -32.6729890327224], [151.8438719093926, -32.67318833016185], [151.843976183457, -32.67340069937143], [151.8440627535443, -32.67356586820853], [151.844089569546, -32.67361315244204], [151.8442167303194, -32.67382573230128], [151.8443384038044, -32.67403826946372], [151.8443443741352, -32.6740479310277], [151.8444778632744, -32.6742509623424], [151.8446054719823, -32.67446354593642], [151.8446264439848, -32.674495553876], [151.8447521921394, -32.6746763053759], [151.8448958482977, -32.67488903643704], [151.8449089832218, -32.67490673755742], [151.845072778329, -32.67510207363335], [151.8451924931436, -32.67524277362503], [151.8452644865234, -32.67531524659915], [151.8454767539572, -32.67552060299448], [151.8454860587744, -32.67552869409809], [151.8457613391161, -32.67577330307614], [151.8458355542781, -32.67584436235495], [151.8458940001581, -32.675905908922], [151.8459363012538, -32.67595564525055], [151.8460180488089, -32.67605199296037], [151.8461700305548, -32.67622838020651], [151.8462928386715, -32.67638174113375], [151.8463286361009, -32.67642484585934], [151.8464734859228, -32.67659481057063], [151.8466121559557, -32.67676088682958], [151.8466470627779, -32.67680781475434], [151.8468033382781, -32.67702066764787], [151.8468950646288, -32.67714474732389], [151.846961943165, -32.67723352581913], [151.8470771512538, -32.67738539029409], [151.8472115927026, -32.67754053002307], [151.8473046714062, -32.67765949992429], [151.8474616526705, -32.67785265146802], [151.8474761180189, -32.67787248340687], [151.8476228068567, -32.67808523925322], [151.8477442824394, -32.67825868388502], [151.8477725782673, -32.67829802325014], [151.8479240784816, -32.67851082293708], [151.8480270584884, -32.67865351731189], [151.848079008586, -32.67872365393629], [151.848226882219, -32.67893641199936], [151.8483097263747, -32.67905696795276], [151.8483730459635, -32.67914916215926], [151.8485121895507, -32.6793618477173], [151.8485920150591, -32.67949016619389], [151.8486458762694, -32.6795744830431], [151.8487725662729, -32.67978705402334], [151.848820061294, -32.67986820578443], [151.8490480054164, -32.68021240595505], [151.8491022760405, -32.68029387466964], [151.8491563934041, -32.68037270532409], [151.84931353504, -32.68063765842294], [151.8494382944638, -32.68083666942528], [151.8494473926455, -32.68085029447036], [151.8495912337532, -32.68106302192604], [151.849720768857, -32.68125613407267], [151.8497344198158, -32.6812757432217], [151.8498728964505, -32.68148842117165], [151.8500030448563, -32.68169146384656], [151.8500094183355, -32.68170108105147], [151.8501507464513, -32.68191377687225], [151.8502856314662, -32.68210258026829], [151.8503031152718, -32.68212658168392], [151.8504586821939, -32.68233941561834], [151.8505685270429, -32.68248996125067], [151.8506136447436, -32.68255224382517], [151.8507620272082, -32.68276501157249], [151.8508514210413, -32.68287746904338], [151.8509308274301, -32.68297796615889], [151.8510971303106, -32.68319089765026], [151.8511346909986, -32.68323589706552], [151.8512761223391, -32.68340395308394], [151.8514181699188, -32.68357808441169], [151.8514499883538, -32.68361695336995], [151.8516079538972, -32.68382980786077], [151.8517011855271, -32.68395682124844], [151.8517639623871, -32.68404264424237], [151.8519173769043, -32.68425545670175], [151.8519840995363, -32.68434349828573], [151.8520806647474, -32.68446835931536], [151.8522194283651, -32.68468103733426], [151.8522667419604, -32.68475177504081], [151.8523615220849, -32.68489373770228], [151.8525008250191, -32.68510642034744], [151.8525491712439, -32.6851767292805], [151.8526526325361, -32.68531921721041], [151.852809864512, -32.68553206349929], [151.8528321287058, -32.68556058499138], [151.8529811976124, -32.68574503854035], [151.853115465821, -32.68591511401138], [151.8531501333748, -32.68595799142457], [151.8533258758704, -32.68617100630559], [151.8533988900912, -32.68626290427471], [151.8534950781361, -32.68638396116864], [151.8536583604454, -32.68659686967271], [151.8536821081582, -32.68662691007739], [151.8538292867679, -32.68680983188227], [151.8539653429527, -32.68698996748401], [151.8539937032059, -32.68702275032808], [151.854171380535, -32.68723578171938], [151.854248807361, -32.68733503993712], [151.854341409703, -32.68744874301171], [151.8545017574399, -32.68766161566793], [151.8545319965901, -32.68770183156488], [151.854662740604, -32.68787448595947], [151.8548114120151, -32.6880872516129], [151.8548148912062, -32.68809206276939], [151.8549639198345, -32.68830005211237], [151.8550974908823, -32.68850540695854], [151.8551022486531, -32.68851272301504], [151.855247521998, -32.68872545715215], [151.8553801589474, -32.6889136849926], [151.8553977161043, -32.68893823601576], [151.8555555553341, -32.68915108445373], [151.8556630422196, -32.68930529226571], [151.8557080019172, -32.68936388350164], [151.8558772015949, -32.68957683517573], [151.8559463045028, -32.68966737371113], [151.8560408873878, -32.68978973633915], [151.8562007945764, -32.6900026108101], [151.8562294002387, -32.6900425087037], [151.8563535113569, -32.69021541154837], [151.8565050373778, -32.69042820124776], [151.8565122486704, -32.69043759476028], [151.8566848889004, -32.69064124895357], [151.856795728533, -32.69078314757883], [151.8568514631437, -32.69085416743792], [151.8570131802702, -32.69106704940953], [151.857078824966, -32.69115877456443], [151.8571669697984, -32.69127985894642], [151.8573294819631, -32.69149274776885], [151.8573618868431, -32.69153766651141], [151.8574987294472, -32.69170569772382], [151.8576453129, -32.69188778127608], [151.85767135914, -32.69191867825657], [151.8578474840806, -32.69213169038255], [151.8579288220045, -32.69223173074994], [151.858023708765, -32.69234470317326], [151.8581967765355, -32.69255768698252], [151.8582123155184, -32.69257707343985], [151.8583766551022, -32.69277073254682], [151.8584960105854, -32.6929067489034], [151.8585695352091, -32.69298389618353], [151.8587765803222, -32.69319718043698], [151.858780163196, -32.69320063029863], [151.8590192516149, -32.69341081233352], [151.859064893288, -32.69344926347037], [151.8592979666735, -32.69362475564361], [151.8593500801923, -32.69366210255168], [151.8596152193891, -32.69383904076932], [151.85963555852, -32.69385213003784], [151.8599213775611, -32.69401545117387], [151.8599956504855, -32.69405390731282], [151.8602073867165, -32.69416371034669], [151.8604120436684, -32.69426909946429], [151.8604934101361, -32.69431129193202], [151.8607795740841, -32.6944475151389], [151.8608611943388, -32.69448458777327], [151.8610657992327, -32.69457917394737], [151.8613198630123, -32.69470016089474], [151.8613519687062, -32.69471528439067], [151.8616377168596, -32.69488465491855], [151.8616854500599, -32.69491488762026], [151.8619235086459, -32.69505067165545], [151.8620691381021, -32.6951297775197], [151.8622094809813, -32.69520254239808], [151.862495651504, -32.69533886535953], [151.8625126879592, -32.69534520916858], [151.8627823642856, -32.69543249671261], [151.8630693502879, -32.69550443944235], [151.8633390150226, -32.69556410878505], [151.8633564473367, -32.695567843341], [151.8636438392607, -32.6956081966847], [151.8639314896981, -32.69562779322411], [151.8642193132196, -32.69563392076179], [151.8645068731673, -32.69566086746278], [151.8647942300174, -32.6957036872065], [151.8650815159733, -32.69575250379575], [151.8653225173881, -32.69579347701443], [151.8653687987857, -32.69580140731398], [151.865656038982, -32.69585351995573], [151.8659432251817, -32.6959101161105], [151.8662305138117, -32.69595882654664], [151.8665178687313, -32.69600194503914], [151.8666178800381, -32.69601659754238], [151.8668052206574, -32.69604550892825], [151.8670926627489, -32.69608195964457], [151.8673803632827, -32.69609778100204], [151.8676684309111, -32.69608491273402], [151.8679566757838, -32.69605781078133], [151.8681890229401, -32.69603078525682], [151.8682360010417, -32.69602459768282], [151.8682522166124, -32.69602082489683], [151.8685335019997, -32.69597671586786], [151.8687552218142, -32.69593797949688], [151.8689136636568, -32.69590318861452], [151.8691108219774, -32.69585657510981], [151.8693990628043, -32.69579215865906], [151.8696882069326, -32.69573115898203], [151.8699010325942, -32.69570140532613], [151.8702650038783, -32.69565229414684], [151.8704644832577, -32.69562848117016], [151.8705533365355, -32.69561805771934], [151.8708415710729, -32.69559178540436], [151.871129961716, -32.69555253777276], [151.8714186873711, -32.69548721292898], [151.8715213184064, -32.69542658572823], [151.8716754794602, -32.69521656410012], [151.871685482881, -32.69519849239464], [151.8717708837232, -32.69487951112279], [151.8717940047552, -32.6947948131488], [151.8718118942861, -32.69472440628641], [151.871869346732, -32.69459523415929], [151.8719927552197, -32.69437378355371], [151.8720087325488, -32.69435465035406], [151.8721891398098, -32.69416414094519], [151.8723001705861, -32.69407326333601], [151.8724105362577, -32.69395472286845], [151.8725129433703, -32.69374424279329], [151.8725184077751, -32.69353288327227], [151.8724768540138, -32.69332110109053], [151.8724007157909, -32.69310900001909], [151.8723161900828, -32.69289683144694], [151.872314998094, -32.6928940486859], [151.8722289544116, -32.69268463845941], [151.8721277365253, -32.69247231968211], [151.8720348151704, -32.69228084191212], [151.8720241784695, -32.69225997977776], [151.8719549603211, -32.69204794862185], [151.8719477949255, -32.69183647550233], [151.8720123904674, -32.69162564772842], [151.872043792351, -32.69156702403245], [151.872114282445, -32.69141515527508], [151.8721488543682, -32.69120405743433], [151.8720948152585, -32.69099216281126], [151.8720518937987, -32.69092281809765], [151.8719687405513, -32.69077962832841], [151.8717900950743, -32.69056661292223], [151.871768715088, -32.69054875277862], [151.8715309875229, -32.69035287341745], [151.8714837034245, -32.69032037028575], [151.8712115512581, -32.69013859050409], [151.8711982070134, -32.69013043305819], [151.8709124118953, -32.68996488336751], [151.8708351374548, -32.68992379388476], [151.8706264501161, -32.68981209251757], [151.8704440181506, -32.68970885577318], [151.8703405957118, -32.68965104160941], [151.8700829464827, -32.68949419509283], [151.8700548928865, -32.68947785174538], [151.8697691092789, -32.68931153488489], [151.8697140543071, -32.68927946291922], [151.869483240665, -32.6891518599756], [151.8693307438568, -32.68906459971316], [151.8691974076314, -32.68898944455867], [151.8689436889914, -32.68884970158911], [151.8689115092941, -32.6888324764235], [151.8686253839376, -32.68869321326878], [151.8685075624078, -32.68863435964522], [151.8683393139906, -32.68854981578323], [151.8680772563077, -32.68841906873593], [151.868053239891, -32.68840700707904], [151.8677669534518, -32.68828090777441], [151.8675885498436, -32.68820324916862], [151.867480639521, -32.68815686271273], [151.8671944863095, -32.68802052745008], [151.8671345414998, -32.68798774108973], [151.8669088573971, -32.68784256772449], [151.8668120349388, -32.68777342737201], [151.866623586679, -32.68763634842168], [151.8665317086164, -32.68755948601768], [151.8663386509835, -32.68740390856118], [151.8662708069891, -32.68734571960829], [151.8660537847434, -32.68716571748382], [151.8660149031097, -32.6871319978448], [151.8657688107932, -32.68693635074487], [151.8657428901483, -32.68691812989977], [151.8654835500558, -32.68672996170397], [151.8654469132525, -32.68670404464501], [151.8651982891968, -32.68652350034108], [151.8651522729295, -32.68648996283008], [151.8649131313928, -32.68630881074233], [151.8648774007894, -32.68627606718121], [151.8646492992955, -32.68606259425655], [151.8646286211795, -32.68604343289775], [151.8644169394228, -32.68584908237506], [151.8643440648262, -32.68578164651245], [151.8641831914454, -32.6856355574929], [151.8640594756289, -32.68552258345107], [151.8639601814658, -32.68542212943663], [151.8637752913063, -32.68523186789366], [151.8637531012124, -32.68520884527902], [151.8635508794076, -32.68499560479961], [151.8634912456647, -32.68492997712519], [151.8633589290588, -32.68478246503258], [151.8632076382601, -32.68459383735575], [151.8631900496387, -32.68456952608602], [151.8630400191788, -32.68435675775089], [151.862925009847, -32.68418080534025], [151.86290164205, -32.6841440948603], [151.862763444512, -32.68393143345583], [151.8626427051482, -32.68374225364278], [151.8626278988177, -32.68371879594355], [151.8624724463449, -32.68350596981418], [151.8623598397215, -32.68334813666434], [151.8623156500668, -32.68329313927262], [151.8621396981841, -32.68308013479219], [151.8620763860994, -32.68300058893891], [151.8619694497553, -32.68286718180849], [151.8618032754188, -32.68265426555223], [151.8617930858197, -32.68264112535485], [151.8616353665934, -32.68244133334906], [151.8615098766111, -32.68227466014127], [151.8614717602129, -32.68222843997137], [151.8612920428566, -32.68201540014678], [151.8612263517665, -32.68193324343935], [151.8611189964846, -32.68180242859455], [151.8609467036812, -32.68159229942103], [151.860944309954, -32.68158943395048], [151.8609428814356, -32.68158770039815], [151.8607651177969, -32.68137639815154], [151.8606594113762, -32.68124249127499], [151.8605960247801, -32.68116345381577], [151.8604250089514, -32.6809504917984], [151.860376063231, -32.68088766807955], [151.8602564920111, -32.68073755225373], [151.8600927995551, -32.68052636894015], [151.8600914157059, -32.68052464374887], [151.8599121971545, -32.68031159854604], [151.8598092991556, -32.68018369073468], [151.8597364898026, -32.68009859296944], [151.8595540119468, -32.67988552559484], [151.8595256608537, -32.67985240154775], [151.8593652086055, -32.67967240045738], [151.8592419664908, -32.67952550029645], [151.8591876367284, -32.67945937717207], [151.8590142871503, -32.67924639204011], [151.8589940627204, -32.67921973024431], [151.8589585394175, -32.67917773877588], [151.8588404981135, -32.67903340267486], [151.858675192219, -32.67882386768412], [151.8586724074407, -32.67882047287753], [151.8584912672419, -32.67860741615999], [151.8583916908955, -32.67848228557767], [151.8583206237747, -32.67839445470656], [151.8581509981911, -32.67818150227976], [151.8581083405834, -32.67812900266], [151.8579738911922, -32.67796848153472], [151.8578247591158, -32.67779405396686], [151.8577910992309, -32.67775540878665], [151.8577287667179, -32.6776832936946], [151.8576032862615, -32.67754229005703], [151.857541051401, -32.67746937123354], [151.8574269752165, -32.67732927580005], [151.8572653773737, -32.67711639531234], [151.8572578247018, -32.67710670399606], [151.857101428394, -32.67690348522791], [151.856974783311, -32.67673003418071], [151.8569457673668, -32.67669065841619], [151.8567832983156, -32.67647776937912], [151.8566916858991, -32.67635776027623], [151.8566437651139, -32.6763008231182], [151.8566134492136, -32.67626481287783], [151.8564393207349, -32.67605181714475], [151.8564082093975, -32.67601541724378], [151.8562610046362, -32.67583879096378], [151.8561249451783, -32.67565658660106], [151.8561026752601, -32.67562593879643], [151.8559492788925, -32.67541313140498], [151.8558420088508, -32.67527221242904], [151.8557827497722, -32.67520020406965], [151.8556080673289, -32.67498720214871], [151.8555585386463, -32.67492989146723], [151.8554256118268, -32.67477412907783], [151.8552750002848, -32.67459308149427], [151.8552481035425, -32.67456110088466], [151.8550773658219, -32.67434813422824], [151.8549916259661, -32.67424367070714], [151.8549029621215, -32.67413513388482], [151.8547354926716, -32.67392218862511], [151.8547083056558, -32.67389019728716], [151.8545573273028, -32.6737091534722], [151.854424890156, -32.67354417026678], [151.8543866363589, -32.67349618631755], [151.8542224204189, -32.67328327806422], [151.8541416987108, -32.67318094680269], [151.8540558097956, -32.67307034772779], [151.8538985096922, -32.67285751018591], [151.8538585851849, -32.67281161374291], [151.853716606336, -32.67264443971317], [151.8535749790483, -32.67248121173537], [151.8535312313498, -32.67243133725049], [151.8533449473165, -32.6722182262198], [151.8532912504932, -32.6721604623541], [151.853148325629, -32.67200502042738], [151.8530073049654, -32.67185694009618], [151.8529443456015, -32.67179174706257], [151.8527427996131, -32.67157849562756], [151.8527232868222, -32.67155906419339], [151.8525298414086, -32.67136513950766], [151.8524391306582, -32.6712723144388], [151.8523221387816, -32.67115183110457], [151.8521551341563, -32.67097303551316], [151.8521216468345, -32.67093858832101], [151.8519124796027, -32.67072525788791], [151.8518710122987, -32.67068388714125], [151.8516905500796, -32.67051181827969], [151.851586689685, -32.67041038882917], [151.8514672303087, -32.67029836556009], [151.8513023676894, -32.67013716072688], [151.8512454806372, -32.67008492682453], [151.8510178255195, -32.66988117563358], [151.8510113096257, -32.66987620911812], [151.8510045502231, -32.66987132002896], [151.8507325860546, -32.66967978018749], [151.8506883623195, -32.66965701549503], [151.8504466427842, -32.66953344429641], [151.8502053457564, -32.66944118156744], [151.8501602981254, -32.66941860828717], [151.8498748734609, -32.66923202536447], [151.8498667569501, -32.66922666973119], [151.8495895856348, -32.66903467347402], [151.8495546137617, -32.66901239946719], [151.8493043190282, -32.66883585546526], [151.8492570582621, -32.66879826222254], [151.8490246628039, -32.668584721998], [151.8490197884023, -32.66857982619103], [151.8488047899974, -32.66837129623991], [151.8487356514668, -32.66829313209911], [151.8486342029388, -32.66819603179675], [151.8484393076182, -32.66796386038283], [151.8484218591727, -32.66794496500779], [151.8482225440775, -32.66773173487798], [151.8481680593313, -32.66766703149887], [151.8480373263529, -32.66751862589365], [151.8478844874008, -32.66733674461358], [151.847857964315, -32.66730555447731], [151.8476801919381, -32.66709251333651], [151.8476012213946, -32.66698278594708], [151.8475533265677, -32.666915761089], [151.8475066058802, -32.6668441189413], [151.8473947573672, -32.666667082282], [151.8473121261011, -32.66656307230699], [151.8472175663841, -32.66639455028559], [151.8471227648943, -32.66624176613152], [151.8470369222293, -32.66610161014205], [151.8469905049025, -32.66602914216833], [151.8468793742906, -32.66581671223634], [151.8467841069213, -32.66560442799312], [151.8467562258606, -32.66554825278735], [151.8466599700671, -32.66539187833638], [151.846503022118, -32.66517902694147], [151.8464735904503, -32.66514598564697], [151.846298625951, -32.66496573913423], [151.8461897992787, -32.66483384672364], [151.8461182440248, -32.66475267978655], [151.8459499467931, -32.66453972335876], [151.8459064927408, -32.66448406590041], [151.8457745689047, -32.66432670158076], [151.84562327504, -32.66412768171824], [151.8456113328172, -32.66411377532904], [151.8454265445739, -32.66390067446815], [151.8453397870151, -32.66379249106063], [151.8452367886155, -32.66368751965206], [151.8450556492085, -32.66350793152998], [151.8450091926213, -32.66347401628821], [151.8447706374945, -32.66329152552072], [151.8447276603797, -32.66326001598077], [151.8444857595898, -32.66306464526286], [151.8444648641606, -32.66304618758051], [151.8442322553253, -32.66283263667231], [151.8442013545226, -32.66280132579999], [151.8440936463174, -32.66270003005798], [151.8439213164155, -32.66251414893992], [151.8438082346333, -32.66240591315727], [151.8437554758036, -32.66235987141192], [151.8437051886971, -32.66229780957144], [151.8436335260723, -32.66219870953501], [151.8434640679072, -32.66197992419467], [151.8433506316375, -32.66181833867495], [151.8433167567664, -32.66176716566878], [151.8431763422552, -32.66155446258313], [151.8430684863998, -32.66138023098432], [151.8430483139978, -32.66134942498661], [151.8430238741743, -32.66130819241852], [151.8429065127285, -32.66112915736676], [151.8427863436676, -32.66094195540285], [151.8427674868183, -32.66091645069395], [151.8425952970932, -32.66070345394684], [151.8425030922965, -32.66059003272892], [151.8424136478196, -32.66049036971003], [151.84222336765, -32.66027720558867], [151.8422193977229, -32.66027256480959], [151.8420257983768, -32.66006397392511], [151.8419356884903, -32.65995638655738], [151.8418344281936, -32.65985081509569], [151.8416984006979, -32.65972639451508], [151.8415635513802, -32.65955697865553], [151.8414555942802, -32.65942450078091], [151.8413682726664, -32.65932433089148], [151.8412648743106, -32.65921133116206], [151.8410845873601, -32.65900678088002], [151.8410767892267, -32.65899818559978], [151.8408802408476, -32.65878496159166], [151.8408008108067, -32.65869643035296], [151.8406819462334, -32.65857172114983], [151.8405171630053, -32.65837623482616], [151.8405019507919, -32.65835864947104], [151.8403296099234, -32.65814563233243], [151.8402339938324, -32.65801917798643], [151.8401741351977, -32.6579327867733], [151.8401207864458, -32.65784750717], [151.8400332464159, -32.6577200758407], [151.8399518159528, -32.6575855955532], [151.8399032138359, -32.65750746510537], [151.8397655693211, -32.6572947838651], [151.8396697668614, -32.65714218404469], [151.8396305299407, -32.6570821265625], [151.8394854608161, -32.65686939230028], [151.8393873208081, -32.65672972283062], [151.8393374815109, -32.65665661502919], [151.8391876454515, -32.65644382040301], [151.8391048445316, -32.65631973005986], [151.8390414978928, -32.65623105973009], [151.8388875105612, -32.65601822635819], [151.8388222156425, -32.65592182713823], [151.8387413886616, -32.65580546557794], [151.8386003935138, -32.65559275207261], [151.8385399161731, -32.65549867546753], [151.8384705557579, -32.65540604602387], [151.8383921342012, -32.65526866121411], [151.8383230118254, -32.65516736725033], [151.8382576229084, -32.65507510900636], [151.8381677144208, -32.6549545208722], [151.838015067683, -32.65474168292548], [151.8379748613542, -32.6546880203511], [151.8378512560223, -32.65452875734127], [151.8376918313666, -32.65432189421608], [151.837686880521, -32.65431582632482], [151.8374854227847, -32.65410255162379], [151.8374079980073, -32.65401789222574], [151.8372837769731, -32.65388929079234], [151.8371241793851, -32.6537130453882], [151.8370846111555, -32.65367603669199], [151.8368694046692, -32.65346263361761], [151.8368400839369, -32.65342963892749], [151.8366553168895, -32.65324924055915], [151.8365560892506, -32.65313861758955], [151.8364604919168, -32.65303602572163], [151.8362791730256, -32.65282293581663], [151.8362725257082, -32.65281443056972], [151.8361081866502, -32.65260994147161], [151.835989623045, -32.65243949181519], [151.8359584936085, -32.65239714438491], [151.8357943342824, -32.65218421293673], [151.8357066735485, -32.65206823214339], [151.835627663015, -32.65197125796465], [151.8354459616318, -32.65175816332754], [151.8354232640852, -32.65173268562347], [151.8352721775751, -32.6515451419038], [151.8351399563076, -32.65138941273159], [151.835092586222, -32.65133205041519]], [[151.8313314304595, -32.65298837133184], [151.8310919360555, -32.65288128107937], [151.8309899375994, -32.65277378238994], [151.8308080953246, -32.6525798930524], [151.8307966757869, -32.65256057349507], [151.8307720433151, -32.65234893534745], [151.8308124655961, -32.65224422888917], [151.8310005401349, -32.65213965509139], [151.8311020622328, -32.6521031301458], [151.8312330953767, -32.65193041218174], [151.8312810079036, -32.65171944962628], [151.8313970537503, -32.65154718137381], [151.8314347189332, -32.65150945618927], [151.8316871650823, -32.65136624176199], [151.8319752289457, -32.65134269988101], [151.8322618816893, -32.6514276525009], [151.8325487145179, -32.65149890520365], [151.8328380981399, -32.65137376357904], [151.8329916567914, -32.65142585310736], [151.8331243487734, -32.65148974473669], [151.8331557098124, -32.65152546758361], [151.8332908114004, -32.65173814822708], [151.833248818352, -32.65194916664075], [151.8331248946628, -32.65215942335146], [151.8331148837008, -32.65221837178962], [151.8331014327431, -32.65237061397886], [151.8331035417802, -32.65258204233714], [151.8331089810924, -32.65267278996743], [151.8331184131371, -32.65279358934339], [151.8331054396016, -32.6529453580186], [151.8331003569631, -32.65300162801054], [151.8330969513346, -32.65300479854255], [151.832814521243, -32.65318821840071], [151.8325270086414, -32.6531689279222], [151.832240382211, -32.65308150673951], [151.8319534880253, -32.65301469755201], [151.8316657585804, -32.65301211504357], [151.8313779561416, -32.65301512310066], [151.8313314304595, -32.65298837133184]], [[151.8557160340396, -32.68515113194906], [151.8556905673088, -32.68513555780032], [151.8554302678743, -32.68498645577415], [151.8553588480979, -32.68492112301914], [151.8551456726386, -32.68473010498235], [151.8551263335252, -32.68470760076502], [151.8549532418333, -32.68449461253732], [151.8548619969079, -32.68440193567204], [151.8547573943164, -32.68428141633086], [151.8545781223852, -32.68408931286876], [151.8545604022466, -32.68406820936411], [151.8545290232679, -32.68403132067778], [151.854386780989, -32.68385521553205], [151.8542946086704, -32.68374877311896], [151.8542092072953, -32.68364218536351], [151.8540321913885, -32.6834291520783], [151.8540111088829, -32.68340712563327], [151.853847106118, -32.68321605278692], [151.8537272891847, -32.68309086909738], [151.8536496652778, -32.68300284032279], [151.8534611477459, -32.68278970910751], [151.8534435454583, -32.68276882159944], [151.8533082145768, -32.68257690287373], [151.8531607508147, -32.68237259006077], [151.853154926597, -32.68236409322145], [151.8530152388174, -32.68215140773071], [151.8528781218039, -32.68196350283824], [151.8528599226751, -32.6819385791793], [151.8527176297411, -32.68172587750399], [151.852595626217, -32.68154436355604], [151.8525760297854, -32.68151317404266], [151.8524573170164, -32.68130067978012], [151.852337917302, -32.68108817911241], [151.8523141369243, -32.68104675524808], [151.8522248304134, -32.68087573609694], [151.8521098793323, -32.68066327592243], [151.8520327955755, -32.68053763728722], [151.8519843208709, -32.68045071857631], [151.8518774559932, -32.68023833218507], [151.8517609044269, -32.68002584907964], [151.8517517233674, -32.68000791401477], [151.8516683495513, -32.67981359347368], [151.8515563358665, -32.67960115967929], [151.8514702054962, -32.67951317118644], [151.851378568755, -32.67938812379231], [151.8511861940557, -32.67921343597152], [151.8511569105314, -32.67917468574092], [151.8510009221992, -32.67896184876059], [151.8509029209928, -32.67885618689667], [151.8508450157351, -32.67874902030371], [151.8507710050621, -32.6785369339068], [151.8507379326907, -32.67832522248671], [151.8507957346295, -32.67811434348823], [151.8509147023181, -32.67793615018343], [151.8509565317129, -32.67790440780726], [151.8509422058652, -32.67788456160787], [151.8510107812804, -32.67769349615963], [151.850976758606, -32.67748177606865], [151.8509602455925, -32.67745271746577], [151.8509355729551, -32.67726999035978], [151.8509236120516, -32.67724033619265], [151.8508530217056, -32.6770578177904], [151.8507983219098, -32.67694074734675], [151.8507689980912, -32.67684563963365], [151.8506556309197, -32.67664216195237], [151.8506508122703, -32.6766331484738], [151.8506437352419, -32.6766184586964], [151.8505472732757, -32.67642079139449], [151.8504647520389, -32.67628544759918], [151.850424102052, -32.67620825434653], [151.8503622535042, -32.67612216037264], [151.8502806336365, -32.67599553117998], [151.8501187150288, -32.67578264671977], [151.85007950878, -32.67572475940858], [151.8499736941529, -32.67556990897839], [151.8498087000594, -32.67535698795962], [151.8497965719678, -32.67534235538858], [151.8496422800365, -32.67514405366217], [151.8495134502916, -32.67497474126793], [151.8494845257538, -32.67493119861257], [151.8493491520425, -32.67471854862333], [151.8492315702887, -32.67451046668975], [151.8492291712497, -32.6745060396741], [151.849066976519, -32.67429314337858], [151.8489483876419, -32.67414789300642], [151.848898187077, -32.6740801863732], [151.8487243885633, -32.67386718317243], [151.8486650863886, -32.67379474098573], [151.84855885322, -32.67365424761215], [151.8484661661305, -32.67344198841823], [151.8483994609178, -32.67322996762988], [151.8483854217895, -32.67315833105562], [151.8483499395868, -32.67301810453171], [151.8483590046646, -32.67280678713462], [151.8483912336935, -32.67270536149073], [151.8486802251124, -32.67261457645463], [151.8489667458092, -32.67271640959228], [151.8491845392762, -32.67281436173727], [151.8492528826475, -32.67284814164299], [151.8495387345463, -32.67300226190628], [151.8497176895148, -32.67303065135724], [151.8498258650394, -32.67305659149963], [151.8498786348467, -32.67303212678183], [151.8500010304064, -32.67282184801928], [151.8501190297935, -32.67264012554932], [151.8504059144014, -32.67271359303561], [151.8505107660258, -32.67282651901274], [151.8506905678342, -32.67296143164765], [151.8507696481465, -32.67304029117935], [151.8509753739596, -32.67319746591204], [151.8510448110304, -32.6732542198751], [151.8512605532565, -32.67340446016107], [151.8513229816065, -32.67346817551328], [151.8515449068702, -32.67367599196734], [151.8515494116007, -32.67368165695478], [151.851645657693, -32.67389394653623], [151.8517257514783, -32.67410609619134], [151.8517637689162, -32.67431785275409], [151.8516597374089, -32.67452830926169], [151.8518211483724, -32.6745819456375], [151.8521079788713, -32.67466033158917], [151.8522222630387, -32.67474486521468], [151.8523934150268, -32.67484780181866], [151.8525066516397, -32.67495887516009], [151.8526779737106, -32.67510391146067], [151.8527370504603, -32.67517239079399], [151.8529179428538, -32.67538545339897], [151.8529614766661, -32.6754427501258], [151.8530585126503, -32.67559814714889], [151.8532088264327, -32.67581092979884], [151.8532440102219, -32.67585780270423], [151.8533615930487, -32.67602372672349], [151.8535274779068, -32.67619984199081], [151.8535595374783, -32.67623694425981], [151.8537091377707, -32.67644971979939], [151.853810620946, -32.67656737575186], [151.8538675993301, -32.67666257611376], [151.8539832243112, -32.67687504095034], [151.854093124119, -32.67698519821948], [151.8541689000073, -32.67708814548126], [151.8543777912799, -32.67723389699404], [151.8544514723842, -32.6773021424757], [151.8546625681691, -32.677473937466], [151.854704041048, -32.67751585698568], [151.8549293214204, -32.67772932193816], [151.8549469704601, -32.67774363799793], [151.8551098791744, -32.67794237837995], [151.8552306938823, -32.67806650248571], [151.8553089361418, -32.67815560335526], [151.8555105214756, -32.67836885109398], [151.8555146323121, -32.67837275989865], [151.855708749227, -32.67858206788117], [151.8557985836353, -32.67867815651579], [151.8558837188277, -32.67879507225842], [151.8560216004453, -32.67900773024974], [151.8560811623036, -32.67909137907367], [151.8561722882267, -32.67922051281442], [151.856333957707, -32.67943339531087], [151.856364133629, -32.6794738093509], [151.8564816968451, -32.67964615062886], [151.8566067611881, -32.67985869912002], [151.8566461935916, -32.67992831991171], [151.8567082935834, -32.68007103304808], [151.8567878571868, -32.68028316669398], [151.856893583723, -32.68049553868047], [151.8569260758668, -32.68055380879917], [151.8569973211304, -32.68070790041941], [151.8570885687456, -32.68092014032266], [151.8571918150994, -32.68113248946094], [151.8572051696384, -32.68124131845701], [151.857213825826, -32.68134409854719], [151.8572034779866, -32.68137432157306], [151.8569409839426, -32.68155302140303], [151.8569130525248, -32.68157608238397], [151.8568489951284, -32.68176359175868], [151.8568694560093, -32.68197517877996], [151.8568977431729, -32.68218684507008], [151.8569050206451, -32.68220652282793], [151.8569936420706, -32.68239912739335], [151.857084469816, -32.68261136344137], [151.8571856316323, -32.68277527830816], [151.8572227788941, -32.68282403197014], [151.8573748012906, -32.68303682524459], [151.8574684456756, -32.68317167642346], [151.8575231207461, -32.68324958461409], [151.8576623359648, -32.68346226090705], [151.8577507540127, -32.68360761878341], [151.8577922489901, -32.68367486031531], [151.8579289155261, -32.68388751310954], [151.8580327801943, -32.68406612464798], [151.8580539771801, -32.68410006011737], [151.8581965171902, -32.68431276609812], [151.8583149260704, -32.68451544657302], [151.8583222157722, -32.68452531863784], [151.8584604388124, -32.68473798502413], [151.8585960914282, -32.68495061990723], [151.8585972334009, -32.6849522951162], [151.8587308686709, -32.68516325464577], [151.8588773487681, -32.68537599569822], [151.8588796233794, -32.68538285888758], [151.8589383418882, -32.68558795900509], [151.8589460628319, -32.68579943772738], [151.8588725762453, -32.68593687777508], [151.8585846720835, -32.68593957951077], [151.8583489711685, -32.68579400506593], [151.858299015067, -32.68576571044798], [151.858034728079, -32.68557973630817], [151.8580136633209, -32.68556794655439], [151.8577283520862, -32.68536709968839], [151.8577262646237, -32.68536551941287], [151.8574431534355, -32.68515769809687], [151.8574337006639, -32.68515144658664], [151.8571576205525, -32.68497426881987], [151.8570930226921, -32.68493693474073], [151.856871913817, -32.68480494449665], [151.8566811728336, -32.68472178130344], [151.8565857563229, -32.68467088733297], [151.8562976549726, -32.68468937795348], [151.8562792553359, -32.68471811755859], [151.8562014054394, -32.68492880821719], [151.856094994204, -32.68513924633879], [151.8560033241213, -32.68519638440682], [151.8557160340396, -32.68515113194906]]]}}, {"type": "Feature", "properties": {"base": "RAAF Base Williamtown", "anef_band": "20-25", "anef_min": 20}, "geometry": {"type": "Polygon", "coordinates": [[[151.9432320329654, -32.71698090449956], [151.9431528914218, -32.7167723323924], [151.9429317854908, -32.7164232909696], [151.9427443934426, -32.7161311457528], [151.9425773644698, -32.71592688244056], [151.9423931361275, -32.715705371453], [151.942007060427, -32.71544921898396], [151.9415737465761, -32.71527563746207], [151.941433590732, -32.71524005037867], [151.9409396390805, -32.71515144275122], [151.9405880887697, -32.71506791572477], [151.9402843873139, -32.71501544417561], [151.9399972260413, -32.71494119806147], [151.9397102143189, -32.71486629936533], [151.9395355438104, -32.71483558806119], [151.9391352854798, -32.71478116595409], [151.9388478649149, -32.71475840537374], [151.9385597491867, -32.71474820813387], [151.9382715874142, -32.71476099091609], [151.9379834580499, -32.71477898287344], [151.937880056022, -32.71478364319773], [151.9371128071452, -32.71480562711776], [151.9368312075703, -32.71481168338579], [151.9365120883703, -32.71485496318633], [151.9360394612582, -32.71491368359608], [151.9356776156989, -32.71495726781995], [151.9352514825949, -32.71500138047475], [151.9349745461083, -32.71503442810712], [151.9345243768405, -32.71507286167366], [151.934243138803, -32.71512687669093], [151.9339631592053, -32.71518755313843], [151.9339349002443, -32.71519314377349], [151.9338510998597, -32.71521020273769], [151.9333696137662, -32.71531627347343], [151.9327922642906, -32.71543549032515], [151.9322150858728, -32.7155394356987], [151.9317526712217, -32.71561516988277], [151.931638033837, -32.71563346219017], [151.9313480490189, -32.71568187590606], [151.9310608279638, -32.71573949695886], [151.9309014158373, -32.71578288914202], [151.9294238221643, -32.71615880069487], [151.9291170208525, -32.71624456812197], [151.9287498986855, -32.71634024654531], [151.9277728623082, -32.7165885738093], [151.9274270984196, -32.71669372692304], [151.9274003495952, -32.71670454651985], [151.9273063153196, -32.7167403444339], [151.9270261972088, -32.7168432700326], [151.9264375155385, -32.71706059330671], [151.9260869990771, -32.71716811558582], [151.9258108761206, -32.71724174297071], [151.9255310413606, -32.71731133915011], [151.9252822125055, -32.71734514776631], [151.925165416396, -32.71732944989304], [151.925054747474, -32.71733790862322], [151.924809455602, -32.71749705488719], [151.9245093223956, -32.71759648941679], [151.9241904173635, -32.71766460038089], [151.9241262750429, -32.71768194094477], [151.9238306358841, -32.71786447860427], [151.923545695463, -32.71806699771764], [151.9235179763069, -32.71808164760944], [151.9232437517593, -32.71822821143292], [151.9229661029096, -32.7183695277115], [151.9226642125089, -32.71849714118872], [151.9223870749065, -32.71862636066879], [151.9220942790416, -32.71874510544762], [151.9218081468114, -32.71887305144509], [151.9217666036579, -32.71889709307857], [151.9215993857546, -32.71898692575655], [151.9209713130763, -32.71932821252625], [151.9208375667008, -32.71939593271719], [151.9206488270964, -32.71948791278851], [151.919490724458, -32.72000054210031], [151.9191183192326, -32.72015789635969], [151.9185153446082, -32.72041931590348], [151.9172732115633, -32.72102383233658], [151.9171738861352, -32.72107491075275], [151.9160149248012, -32.72165519221323], [151.9157078081354, -32.72181971211893], [151.9148554478418, -32.72227680806111], [151.9141559634005, -32.722651917218], [151.9136959793701, -32.7228971783158], [151.9132242622306, -32.72314541870361], [151.9126215499882, -32.72348425381665], [151.9125363304531, -32.72352993060673], [151.9118897084451, -32.72385174095825], [151.9113769132472, -32.72414304651249], [151.9110476326254, -32.72431622805004], [151.9102177789495, -32.72473122134988], [151.909396378415, -32.7251475092923], [151.9090586787148, -32.72531535490117], [151.9078994255726, -32.72591079536755], [151.9077715104394, -32.72597900613408], [151.906739746534, -32.72654025840586], [151.9062590974997, -32.72681144667661], [151.9055795840555, -32.72720718464586], [151.9048011727217, -32.72764435250139], [151.904419631649, -32.72785629845623], [151.9032955550435, -32.72847682369735], [151.9032597748306, -32.7284958512796], [151.9021004451744, -32.72909105292689], [151.9016747224518, -32.72930826295675], [151.9009412064569, -32.72967759370522], [151.900043042306, -32.73013959354921], [151.8997817792456, -32.73027863128681], [151.8986217978008, -32.7309227073257], [151.8985356574201, -32.73097199064597], [151.8974605192693, -32.73167155296807], [151.8972663619749, -32.73180646384469], [151.8962969520909, -32.73260451304742], [151.8962514553593, -32.73264316400116], [151.8954060060928, -32.73348134499287], [151.8951300739993, -32.73380307477544], [151.8946861190445, -32.73432063520238], [151.894034054525, -32.73516051146805], [151.8939599695256, -32.73526104124102], [151.8935081515374, -32.73583831388555], [151.8932275409502, -32.73626327230949], [151.8928182600284, -32.73684104130416], [151.8925926237278, -32.73719164266748], [151.8919417115492, -32.73840532835408], [151.8918756817839, -32.73852397412713], [151.8918355440117, -32.7386047969805], [151.8916075657585, -32.7391518717493], [151.8913701530148, -32.73967968135054], [151.8912505961432, -32.73994329763997], [151.891137580979, -32.74020870818339], [151.8909988605614, -32.74062834859228], [151.8908680433793, -32.74105014972491], [151.890737817016, -32.74147208734701], [151.8906153017267, -32.74189535160332], [151.8904576056033, -32.74273868993851], [151.8903130736509, -32.74358393674163], [151.890138292758, -32.74527364529951], [151.8900440067516, -32.74696407001989], [151.890032580398, -32.74780977775112], [151.8900287400453, -32.74823266608007], [151.8900329299126, -32.74865523120394], [151.8900708705172, -32.74903595316664], [151.8901165682443, -32.74941636542866], [151.8902026845112, -32.75017769271619], [151.8902169820575, -32.75034812013911], [151.8903116200598, -32.75074961253154], [151.8904148047952, -32.75119550117529], [151.8907014418901, -32.75204366808208], [151.890879862412, -32.75247018080728], [151.8910707881779, -32.75289256623648], [151.8912480582102, -32.75320869677159], [151.8914295746504, -32.75352342682106], [151.8915528948088, -32.75374246078093], [151.8918093804472, -32.75411109554966], [151.8920730237554, -32.75447662675703], [151.8922694219433, -32.75476614857297], [151.8924707722446, -32.75505285819406], [151.8926359474091, -32.75525092514243], [151.8928084100583, -32.75544481458161], [151.8935449265307, -32.75623979995487], [151.8936386384757, -32.75634238805003], [151.8936987184577, -32.75639975312231], [151.8944447337461, -32.75715052040954], [151.8948376570528, -32.75748841866232], [151.895459324595, -32.75800510110918], [151.8959791264635, -32.75837500086936], [151.8966658935288, -32.75886135638154], [151.8971219621365, -32.75915182673492], [151.898012865751, -32.75971884308979], [151.8982656515063, -32.75986094615047], [151.8994102533313, -32.76049814577448], [151.8994918927855, -32.76054729376949], [151.8995476412574, -32.76057795713945], [151.8998667886108, -32.76074939170252], [151.9004279854659, -32.7610554100205], [151.9005551042496, -32.76111564230126], [151.9011275347302, -32.76142504190631], [151.9011481298551, -32.76143763295522], [151.9016996115444, -32.76176280137167], [151.9018609222912, -32.76186669684728], [151.902271481518, -32.76211815248013], [151.9025430147503, -32.76229548783846], [151.9028431915904, -32.76248690972125], [151.903196669129, -32.76272402623408], [151.9034147468595, -32.76286829449754], [151.9038271639107, -32.76315235863785], [151.9039861891918, -32.76326006287712], [151.9044412388081, -32.76358054433763], [151.9045575196105, -32.76366099215153], [151.9050284676393, -32.76400849245243], [151.9051286014826, -32.76408225886007], [151.9055886096356, -32.76443619926749], [151.9056994629797, -32.76452236174231], [151.90610528055, -32.76486352805296], [151.906269811413, -32.76500526279284], [151.9065723853504, -32.76529042017427], [151.9068393915693, -32.76555075034582], [151.9069942690747, -32.76571691608621], [151.9073786046181, -32.76614308114205], [151.9074079933027, -32.76617727692161], [151.9077016683372, -32.76656871483709], [151.9079745946314, -32.76696865971877], [151.9079869657271, -32.766989382551], [151.9079896099954, -32.76699403959503], [151.9079933656682, -32.76700110396786], [151.9081741106407, -32.76734358750332], [151.9082110652035, -32.76741878231013], [151.9082595946986, -32.76752625904271], [151.9083424509541, -32.76770449467483], [151.9084002958062, -32.76784324784569], [151.908481797368, -32.76803480402367], [151.9084961150616, -32.76807063660266], [151.9085361711093, -32.76817178640079], [151.9085712253493, -32.76826754967755], [151.9086386611644, -32.76847954643398], [151.9086960903363, -32.76869145399132], [151.9087442716668, -32.76890327897212], [151.9087840959156, -32.76911503313164], [151.9087897282625, -32.76914834259134], [151.9088307682298, -32.76953825617659], [151.9088655342185, -32.76996137150411], [151.9088693515642, -32.77004220986873], [151.9088737760447, -32.77030625455552], [151.9088745165477, -32.77038426421745], [151.9088714843645, -32.77046238241746], [151.9088364718539, -32.77074286313638], [151.9088299039182, -32.77080669009706], [151.9087897745202, -32.77100193405175], [151.9087867909985, -32.77101772377807], [151.9087287165033, -32.77122862312791], [151.9086579664212, -32.77143941400135], [151.9085804517078, -32.77165014788238], [151.9085036013095, -32.77186088350538], [151.9084906880944, -32.7718980241379], [151.9084300595882, -32.77207164989346], [151.90836551615, -32.77228249463866], [151.9083190120898, -32.77249349853764], [151.9083057623104, -32.77257517987613], [151.9082890910632, -32.77270464294901], [151.9082731510731, -32.77291591117239], [151.9082681565295, -32.77312727477528], [151.9082722361094, -32.77333871745117], [151.9082850646212, -32.77355023636619], [151.9083053175273, -32.77376181997539], [151.9083346871665, -32.77397348303276], [151.908345744775, -32.77406054983794], [151.908371486057, -32.77418520881616], [151.9083968744678, -32.77434997152443], [151.908403549628, -32.7744175799902], [151.9084349917612, -32.77460857638323], [151.9084561143765, -32.77473004668849], [151.9084741056015, -32.77482032628075], [151.9085202905633, -32.77503213379566], [151.9085612468257, -32.77516289153095], [151.9085922845682, -32.77524417012529], [151.90867139703, -32.77545626445834], [151.9087334619423, -32.77561586228296], [151.9087611728522, -32.77566845361605], [151.9088701349699, -32.77588081182466], [151.9089718098148, -32.7760931024813], [151.9090147408559, -32.77617957259412], [151.909114001978, -32.77630574989695], [151.9092855631999, -32.7765186489022], [151.9092985682861, -32.77653467939842], [151.9095822355927, -32.77673264078965], [151.9095842993695, -32.77673428373816], [151.9097794759273, -32.77680196763072], [151.9099926696247, -32.77691583921921], [151.9101575821282, -32.77698369528645], [151.9102389190006, -32.77704080933455], [151.9103643590566, -32.7771622588121], [151.9107282635356, -32.77744763709097], [151.9108354127324, -32.77758916962284], [151.9111810192143, -32.77801498833247], [151.911295894809, -32.77816212373551], [151.9115651622189, -32.7784411409541], [151.9118654307974, -32.7787204846673], [151.9120495976451, -32.7788681635455], [151.9124361889735, -32.77917935832602], [151.9125936484053, -32.77929570184006], [151.9130069483417, -32.77963900209716], [151.9132313317848, -32.77981450460686], [151.9135135281318, -32.7799620550723], [151.9138105391434, -32.7801518883328], [151.9141504948492, -32.78039125887562], [151.9144791140388, -32.78058049733039], [151.9147227205749, -32.7807314923395], [151.915003182216, -32.78087440938714], [151.9152890479415, -32.78101032804062], [151.9152956478468, -32.78101349875294], [151.9155790522997, -32.78112774194005], [151.9158693865849, -32.78122967987315], [151.9161180274199, -32.78131112030638], [151.9163696555302, -32.78138808851338], [151.9164436294361, -32.78140373068328], [151.9164698964739, -32.78140481621074], [151.9166705314702, -32.78144509919571], [151.9170184878033, -32.78152716877509], [151.9172173044842, -32.7814498260293], [151.9174996472374, -32.78130869340379], [151.917598946253, -32.78118907974039], [151.9177134454908, -32.78103129970185], [151.9177775883118, -32.7808846216659], [151.9177790852951, -32.78075630870404], [151.9178169320028, -32.78060937953387], [151.9178485353423, -32.78048667258662], [151.9178464808683, -32.78031133186164], [151.9178724360805, -32.78018704571281], [151.9178759136163, -32.77976426138889], [151.9178777788048, -32.77934146309866], [151.9179872493482, -32.7789195943422], [151.9180979161937, -32.77849773578271], [151.9180754364405, -32.77807472713062], [151.918056860107, -32.77765175215592], [151.9181238442894, -32.77722951615891], [151.9181761482137, -32.77680715529289], [151.9181366035075, -32.77638399916384], [151.9181114179751, -32.7759609670162], [151.9181243781859, -32.77553826229877], [151.918147756041, -32.77511564951482], [151.9181956838078, -32.77469324869929], [151.9182521244003, -32.77427092135287], [151.9182595433994, -32.77422818219276], [151.9183243796207, -32.77387093265889], [151.9183274670867, -32.7738487591468], [151.9183312140027, -32.77382429325837], [151.9184042155734, -32.77347634032799], [151.9184125101714, -32.77342667862791], [151.9184232972503, -32.77337050863571], [151.9184951541928, -32.773085940089], [151.9185113639741, -32.77300471724419], [151.9185306538424, -32.7729112758455], [151.9185864392784, -32.77269566819234], [151.9186066248861, -32.77258272273519], [151.9186223751782, -32.77245761730171], [151.9186526446723, -32.77229593761206], [151.9186707736707, -32.77216046354573], [151.9186932722669, -32.77201138607899], [151.9187168127308, -32.7718954366307], [151.9187404463933, -32.77173824798842], [151.918760930002, -32.77156631368388], [151.9187776294414, -32.77149367397266], [151.9187999366357, -32.77131594846333], [151.9188271950767, -32.77112173302652], [151.9188341844221, -32.77109030725086], [151.9188674584902, -32.77089371618598], [151.9188766681444, -32.77085254770253], [151.9189510472253, -32.77057585859399], [151.9189873961818, -32.77047193615152], [151.9191219734108, -32.77005028226932], [151.9192562381936, -32.76962862748854], [151.9193706572426, -32.76920679736048], [151.9194677855073, -32.76878482194383], [151.9194784902814, -32.76873925731297], [151.9195701826673, -32.76836288786558], [151.9196855882561, -32.76794106981504], [151.9198110891916, -32.76751933468199], [151.9199512196695, -32.76709772948749], [151.9200789226799, -32.76673936359373], [151.9201023595683, -32.7666762169867], [151.9202623405421, -32.76625477846903], [151.920426071825, -32.7658333760038], [151.9204817355344, -32.76569736661321], [151.9205966360508, -32.76541203014466], [151.9206732390484, -32.76524394624994], [151.9207954697719, -32.76499092752573], [151.9210110813266, -32.76456996703945], [151.9212405575332, -32.76414912948457], [151.9212631738816, -32.76410933277668], [151.9214997446238, -32.76372854522572], [151.9217715798425, -32.76330806922067], [151.9217972305827, -32.76326990757013], [151.9218505296423, -32.7631881927735], [151.9220596168636, -32.76288773195887], [151.9223509598759, -32.76246742240022], [151.9224369599228, -32.76234207008417], [151.9226505577783, -32.76204718309253], [151.9229476642186, -32.76162692158954], [151.9230231125559, -32.76151807053458], [151.9232489814747, -32.76120669549783], [151.9233720193495, -32.76103669873828], [151.9235457334681, -32.76078642940701], [151.923609254328, -32.76069484457474], [151.9237667692297, -32.76047918980788], [151.9238462531782, -32.76036619491191], [151.9241429617537, -32.75994593088802], [151.9241953831101, -32.75987178676957], [151.9244513373459, -32.75952575828376], [151.924752376292, -32.7591055298638], [151.9247812990739, -32.75906473909083], [151.9250647616219, -32.7586853900421], [151.925367032213, -32.75827201705016], [151.925372261181, -32.75826521144529], [151.925701447318, -32.75784521797499], [151.9259521944228, -32.75752675840954], [151.9260366441771, -32.75742527509203], [151.926386664965, -32.75700546223771], [151.9265367726123, -32.75682856479347], [151.9267736324241, -32.7565859568241], [151.927119937217, -32.75624826762896], [151.927211100383, -32.75616689047217], [151.9276864376307, -32.75574813863261], [151.9276963901792, -32.75573967267474], [151.9277253918478, -32.75571490473976], [151.9282843165098, -32.75524697692885], [151.928697461629, -32.75491115320756], [151.9294480073662, -32.75430261149614], [151.9297460565217, -32.75407448416365], [151.930611078289, -32.75340647351089], [151.9307277511749, -32.7533221131747], [151.9310645545708, -32.75307516383265], [151.9319778978695, -32.75240225841964], [151.9322856289471, -32.75216824105985], [151.9325953043024, -32.75191096780895], [151.9329368519478, -32.75164077403628], [151.9340325139727, -32.75082591205359], [151.9341329634543, -32.75075371339562], [151.9341663746036, -32.75072962265108], [151.9352620183012, -32.74991837773035], [151.9352795825614, -32.74990623196595], [151.9353338357267, -32.7498677806401], [151.936459022194, -32.74905783131533], [151.9368073355213, -32.74877719721945], [151.9371607773016, -32.74844235144838], [151.9375884450876, -32.74808224151411], [151.9380306767018, -32.74773608982758], [151.9382514916445, -32.74756283956754], [151.9384646101613, -32.74738356538836], [151.93875253626, -32.74708631950233], [151.9390309973433, -32.74681685670015], [151.9393053277056, -32.74654504824889], [151.9394640486697, -32.7463551038702], [151.9396161650122, -32.74616087761405], [151.9399203887617, -32.74577221333323], [151.939973742457, -32.74570506792355], [151.9401079048311, -32.74550011871844], [151.9402306063301, -32.74528946858823], [151.9403504570412, -32.74507753166802], [151.9404647791991, -32.74486358433074], [151.9406504899448, -32.74444506447003], [151.9408145583108, -32.7440209088673], [151.940900046593, -32.74360049402355], [151.9409569229833, -32.74317647181022], [151.9409440368448, -32.74275275621295], [151.9409028678946, -32.74233038277424], [151.940788985505, -32.74190373458885], [151.9406487609714, -32.74148259494365], [151.9405456847944, -32.74126677783403], [151.9404334807583, -32.74105373915825], [151.940318465481, -32.74084175199056], [151.9401960403003, -32.74063313128084], [151.9399847619075, -32.74033629586791], [151.9395992970124, -32.73978244757416], [151.9389076823041, -32.73893096192035], [151.9388499533981, -32.73886894229804], [151.9381418848978, -32.73807884007766], [151.9377122335952, -32.73765164438134], [151.937300238911, -32.73722606659703], [151.9365736821857, -32.73650615177763], [151.9364459336617, -32.73637318809654], [151.9356209244713, -32.73552054466188], [151.9354356003581, -32.7353235926322], [151.9348531987098, -32.73466839061678], [151.9342993592054, -32.73398887454812], [151.93417421093, -32.73381697852051], [151.93363072733, -32.73296672356383], [151.9331755421113, -32.73211721377413], [151.9331697082138, -32.7321037817801], [151.9330068488764, -32.73169295961617], [151.9328680292023, -32.73126895953601], [151.9327589130766, -32.73084520819344], [151.9326829677047, -32.73042174713345], [151.9326489374866, -32.72999863892187], [151.9326635216172, -32.72957594858048], [151.9327208112443, -32.72915361383508], [151.9328207867794, -32.72873164640447], [151.9329538094879, -32.72840000425668], [151.9330941553782, -32.72806979436541], [151.9331707300455, -32.72788898770114], [151.9332209400133, -32.72780281203512], [151.9337063731388, -32.72704790746775], [151.9343606863321, -32.72620784145391], [151.9343923941769, -32.7261700827703], [151.935162726338, -32.72536901068901], [151.9353573313454, -32.72517346478401], [151.9355585068074, -32.72498321577905], [151.9358460433123, -32.72475615720191], [151.9361368463875, -32.72453164282427], [151.9367218665996, -32.7240256463628], [151.9371202859918, -32.72369434606895], [151.9374990747488, -32.72337166425456], [151.9376891201273, -32.72321096566969], [151.9378853414829, -32.72305626152161], [151.9381955009848, -32.72285781857465], [151.9390456036185, -32.72235522656496], [151.9393490162826, -32.7221905618814], [151.9396516150869, -32.72202450352881], [151.9399362523313, -32.72184964977538], [151.9402057919632, -32.7216604887908], [151.9404390140994, -32.72142901713028], [151.9406600671919, -32.72118738948717], [151.9413723221636, -32.72042592587604], [151.9414498199267, -32.7203484286772], [151.9418256435458, -32.7199335928064], [151.9420093223912, -32.71972343832641], [151.9421850038007, -32.71950898629041], [151.94236329664, -32.71924167169794], [151.9425414056818, -32.71897386937189], [151.9427735005083, -32.71866831845222], [151.9429726062701, -32.71825314366947], [151.9431361605599, -32.71782572826373], [151.9432120668801, -32.71740347648148], [151.9432320329654, -32.71698090449956]], [[151.9142486904632, -32.7721238482286], [151.9140741528956, -32.77210407820991], [151.9136357671848, -32.7719941952999], [151.9132089427799, -32.7718477872786], [151.913102201277, -32.77180442045096], [151.9130354498967, -32.77178713142962], [151.9128736866306, -32.77172955426556], [151.9127172249119, -32.77168611607374], [151.9123084272567, -32.77161208765415], [151.9119535940312, -32.77147649243477], [151.9119468425669, -32.77146802211354], [151.9117795313502, -32.77125516156417], [151.9116698471514, -32.77111516303336], [151.9116335034039, -32.77104248768421], [151.9115332370185, -32.77083020726707], [151.9114569261665, -32.77061813691671], [151.9113984004499, -32.77040622106341], [151.9113906847188, -32.77037744994379], [151.9113486754304, -32.77019438365039], [151.9113004449194, -32.76998255521454], [151.9112517479517, -32.76977072469555], [151.9112060160585, -32.76955892190733], [151.9111603221074, -32.76934711744377], [151.9111174214925, -32.76915524927381], [151.9111125590865, -32.76913529298207], [151.9110624724452, -32.76892345029455], [151.9110229963443, -32.76871170180704], [151.9110058723469, -32.76850014361162], [151.9109897288218, -32.76828859592428], [151.9109744337864, -32.76807705758881], [151.9109601946668, -32.76786552643983], [151.9109467097908, -32.76765399984617], [151.9109343137649, -32.76744248470379], [151.9109162379535, -32.76723092217327], [151.9108800528943, -32.76701920021429], [151.9108563678412, -32.76693148208182], [151.9108208711498, -32.76682079396392], [151.9108060202419, -32.7667880396952], [151.9107161565004, -32.76659496050229], [151.9106420542156, -32.76646362037712], [151.9105146878222, -32.76625342343851], [151.9104628375385, -32.76616994295023], [151.9104280042034, -32.76611901256445], [151.9102923297423, -32.76592763559381], [151.9102160938567, -32.7658020437641], [151.9101813250641, -32.76574467964593], [151.9098925518233, -32.76531935253035], [151.9098339292925, -32.76523853312131], [151.9097265328521, -32.76506985665998], [151.9096113604454, -32.76489409074981], [151.9093024664589, -32.76446858518852], [151.9091597983723, -32.76428944104305], [151.9089564340288, -32.7640427594493], [151.908611969715, -32.76361694444222], [151.9085920542923, -32.76359256146196], [151.9082367071316, -32.76319086013422], [151.9080237495145, -32.76294271142092], [151.9078631495958, -32.76276478958073], [151.9074893976257, -32.76233871622486], [151.9074553757727, -32.76229840428812], [151.9070942793417, -32.76191245540781], [151.9068866410705, -32.76168468342502], [151.9066850675446, -32.76148607038442], [151.9063172767006, -32.76112347978517], [151.9062475945613, -32.76105943733586], [151.905797800782, -32.76063269519631], [151.905767425317, -32.76060306468145], [151.9056637168737, -32.76050696584076], [151.9051778033646, -32.76006249318795], [151.9048494828099, -32.75977878421259], [151.9040380967303, -32.75902351131015], [151.9039585286191, -32.75895486065514], [151.9039265252206, -32.7589250840208], [151.9030411434028, -32.75807170610983], [151.9028992215211, -32.75791849154433], [151.9022237256862, -32.75721891350287], [151.9017619430326, -32.75668567124944], [151.9014665407215, -32.75636664769144], [151.9007847906132, -32.75551503913505], [151.9006266215599, -32.75529610654831], [151.9001016960492, -32.75466341510872], [151.8995008905129, -32.7538125141046], [151.8994926637887, -32.75379888038964], [151.8992223682494, -32.7533809718575], [151.8989547266444, -32.75296208638383], [151.8988436339248, -32.75275227560581], [151.8987382311715, -32.75254012106763], [151.8985368767105, -32.75211278421665], [151.8984506233268, -32.75188355218177], [151.8983667127519, -32.75165356005022], [151.8982110399988, -32.75126428966638], [151.8979565442756, -32.75041642164427], [151.8977922944397, -32.74956934283085], [151.8977013744516, -32.74872291672779], [151.897663151091, -32.74787695002772], [151.8976660631793, -32.7470313450379], [151.8977023105033, -32.74618603315213], [151.8977721042002, -32.74534101616865], [151.8978606796275, -32.74449616418855], [151.8979787000709, -32.74365157491491], [151.8981315179457, -32.74280728335924], [151.8983339283317, -32.74196343535948], [151.898492266583, -32.74145242185898], [151.8985900390107, -32.74112005082696], [151.8988865130933, -32.7402770241975], [151.8992552689546, -32.73943463149249], [151.89967913839, -32.73863186050227], [151.8996990092694, -32.73859289578297], [151.900195661058, -32.73775162655642], [151.9007649895156, -32.73691098455208], [151.9008539306637, -32.73678824532414], [151.9010633070926, -32.7364907841868], [151.901375078901, -32.7360707049516], [151.9014398378303, -32.73598686460997], [151.9016870032862, -32.73565062223577], [151.9020249784381, -32.7352463596219], [151.9020369539708, -32.73523086778715], [151.9023830375606, -32.73481108639493], [151.9026092795458, -32.73457393865249], [151.9027817439121, -32.73439176063874], [151.9031924063204, -32.73399666609697], [151.9032100336241, -32.73397907685489], [151.9032360367746, -32.73395708023037], [151.9036916383965, -32.73355408492694], [151.9039977112077, -32.73329592234319], [151.904356040659, -32.73305433422934], [151.9048435277836, -32.732718524718], [151.9053110098583, -32.73242188088716], [151.905517281848, -32.732305412073], [151.9062291885873, -32.73188498955011], [151.9063976610607, -32.73178441147212], [151.9066775858071, -32.73163243908709], [151.9077634990887, -32.73105273393463], [151.9078372275627, -32.73101156459347], [151.9089972204962, -32.7303609344176], [151.9092560980165, -32.7302200961301], [151.9101573018152, -32.72970165923118], [151.9107394206926, -32.72938736347817], [151.9113170855533, -32.72906546288516], [151.9123222748553, -32.72855546847097], [151.9124762328155, -32.72847994349974], [151.9136346228842, -32.72795638344468], [151.9141856059948, -32.72772598662829], [151.9147925359983, -32.72746991241945], [151.9159507862823, -32.72695533054082], [151.9160237891982, -32.72692291223331], [151.916079028006, -32.72689673673023], [151.9171095029247, -32.72640108070323], [151.9172846774375, -32.72631720970588], [151.9178283416654, -32.72606621379072], [151.9182681794684, -32.72584897031578], [151.9190142165205, -32.725503099538], [151.9194267004118, -32.72530858109087], [151.9195851615095, -32.72523573062273], [151.9200060410882, -32.72503091125913], [151.9204610906799, -32.72482045824154], [151.9205852885025, -32.72476146644493], [151.9208710115519, -32.72465200046179], [151.9211637611327, -32.72455528360575], [151.921382689907, -32.72448561965172], [151.9215615333098, -32.72440711111994], [151.9217423267748, -32.72434193771238], [151.9219467377371, -32.72428674898663], [151.9221619025726, -32.72422122530537], [151.922320158707, -32.72418935296565], [151.9224430895866, -32.72417205670172], [151.922675270864, -32.72412392408592], [151.9228975504288, -32.72407165142772], [151.9231859683896, -32.7240370487782], [151.923473901486, -32.72404199090852], [151.9237608528722, -32.72412943247673], [151.9238936397392, -32.72421574138662], [151.9240461045805, -32.72435764424569], [151.9241075751648, -32.72442898670067], [151.9242218143627, -32.7246363737608], [151.924314054564, -32.72485357685099], [151.9244934361967, -32.72527793420085], [151.9246080526306, -32.7255278449374], [151.9246866520725, -32.72570240994065], [151.9248866258491, -32.72612694333225], [151.9250756992775, -32.72655138293669], [151.9251692015772, -32.7267650435179], [151.9252493774567, -32.72697569027537], [151.9254626908275, -32.72738141860816], [151.9255537300261, -32.72767878502924], [151.9256002816584, -32.72782433459651], [151.9256827708806, -32.72801905360495], [151.9259480639389, -32.72850869888543], [151.9260216296082, -32.72867358143628], [151.9262273075625, -32.72909816152173], [151.9262915767433, -32.72923676118842], [151.9263896212315, -32.72944854399157], [151.9264131610711, -32.72952257547507], [151.9265732156996, -32.72994676027071], [151.9267007804253, -32.73037067065786], [151.9267266105824, -32.73046359635663], [151.9268518727528, -32.73100820667963], [151.9269069403365, -32.73121807182213], [151.9269522358449, -32.73138933923838], [151.9270829598265, -32.7319447457204], [151.9271103240216, -32.7320654488139], [151.927303609324, -32.73291273900452], [151.9273954909811, -32.73325637183552], [151.9275382017267, -32.73376037826358], [151.9278081559105, -32.73460832747088], [151.92810030807, -32.7354564579108], [151.9284332707897, -32.73630494448469], [151.9285089113761, -32.73648791735405], [151.9288258933327, -32.73715393203719], [151.9292467763148, -32.73800316772696], [151.9296332239164, -32.7388164615582], [151.9296518157807, -32.73885225872903], [151.9300317754047, -32.73970113829608], [151.9303472136968, -32.74054947004191], [151.9304621129586, -32.7409718981292], [151.930561703615, -32.74139693167552], [151.9306109048246, -32.7417858450317], [151.9306530826556, -32.74217569811492], [151.9306604738914, -32.74224341358303], [151.9306628331591, -32.7426660879745], [151.9306448974128, -32.74308891178265], [151.9305942795912, -32.74351201430181], [151.9305293433855, -32.74393356473882], [151.930421442857, -32.74435681157064], [151.9302986258912, -32.74477722659753], [151.930135118308, -32.74520065961497], [151.929957519945, -32.7456199494041], [151.9297508577354, -32.74600946995724], [151.929542549468, -32.7463985459238], [151.9295114041582, -32.74646177417503], [151.9290045638038, -32.74730307820755], [151.9284187124623, -32.74814370440248], [151.9283686330465, -32.74820657128964], [151.9277962142371, -32.74898401406949], [151.9271983378702, -32.7497092761422], [151.927113825404, -32.74982380368698], [151.9264219322001, -32.75066351587265], [151.92602935531, -32.75109850183668], [151.9257155672921, -32.75150309591299], [151.9252745302954, -32.75204489349846], [151.9250282474577, -32.75234283508371], [151.9248596351905, -32.75254605393127], [151.9244028881004, -32.7531831020537], [151.9237756977025, -32.7540233499318], [151.9236881412776, -32.75413787672375], [151.9231763958021, -32.75486383008996], [151.9225852641074, -32.75570438137026], [151.9225156820617, -32.75580555607837], [151.9221365417354, -32.75640971124551], [151.9220507241434, -32.75654541645656], [151.921916445012, -32.75675990701797], [151.9216473143399, -32.75718537784854], [151.9215244123361, -32.75738651985773], [151.9213406289072, -32.75768625407596], [151.9212701273427, -32.75780714700818], [151.9210231451766, -32.75822783647101], [151.9207752180163, -32.75864851726072], [151.9207523605526, -32.75868652357087], [151.9205380720553, -32.75906929435348], [151.9203056370517, -32.75949010358102], [151.9201634103056, -32.75974138852695], [151.9200723325505, -32.75991090881575], [151.9198477263399, -32.76033178853856], [151.9196204502949, -32.76075264478442], [151.9195739435754, -32.76083783846008], [151.9194005435513, -32.76117356412027], [151.9191845749692, -32.7615945169976], [151.918983872259, -32.76198387006463], [151.9189712699, -32.76201098786237], [151.9189604077324, -32.76203218626398], [151.9187626048988, -32.76243650747335], [151.9185579232166, -32.76285755651617], [151.9183932855307, -32.76317124164126], [151.9183370162683, -32.7632784650898], [151.9181200381273, -32.76369940714602], [151.917907262235, -32.76412038506771], [151.9178029580409, -32.76433507781428], [151.9177088884187, -32.76454148898955], [151.9175258784956, -32.76496272129435], [151.9173505591222, -32.76538402173338], [151.9172096118336, -32.76574695213674], [151.9171880963886, -32.76580543300514], [151.9170468898999, -32.76622702774904], [151.9169699508188, -32.76647984269528], [151.9169140532342, -32.76664869464753], [151.9167742486554, -32.76707030112561], [151.9166291163983, -32.76749185933113], [151.916611601345, -32.76754303036103], [151.9164836055968, -32.76791341803721], [151.9163505368133, -32.76828221435244], [151.9163322768379, -32.76833492222761], [151.9163132298165, -32.76838799966151], [151.9162490088091, -32.76854561144734], [151.9161516089672, -32.76875617634772], [151.9160490708169, -32.76896669470875], [151.9160172440866, -32.76903566643631], [151.9159647456565, -32.76917737256355], [151.915889234609, -32.76938812861687], [151.9158166551072, -32.7695989079902], [151.9157457533507, -32.76980969984652], [151.9157187558842, -32.76988935135637], [151.9156847766752, -32.76999660502372], [151.9156764821507, -32.77002050774905], [151.9156072765815, -32.77023131816395], [151.9155369488594, -32.770442114829], [151.9154661682504, -32.77065290951634], [151.9154576779276, -32.77067972992563], [151.9154198362033, -32.77077734353526], [151.9153752502308, -32.77086352980734], [151.9152764220853, -32.77107408352271], [151.9151819584523, -32.77128467096412], [151.9151240777895, -32.77140504991405], [151.9150679416371, -32.77149509096938], [151.9149223513834, -32.77170523937855], [151.9148310782401, -32.77180508234045], [151.9146783083587, -32.77191453070253], [151.9145404309239, -32.77201035528458], [151.9142556301406, -32.77212227542441], [151.9142509029, -32.77212411832312], [151.9142486904632, -32.7721238482286]]]}}, {"type": "Feature", "properties": {"base": "RAAF Base Williamtown", "anef_band": "20-25", "anef_min": 20}, "geometry": {"type": "Polygon", "coordinates": [[[151.752168338806, -32.73023464443691], [151.7522780045504, -32.73002433246393], [151.7523253419312, -32.7299187354169], [151.752370473534, -32.72981384922338], [151.7524414114953, -32.72960315161913], [151.7524610646426, -32.72948715486854], [151.7524561401813, -32.72934681397032], [151.7524313199189, -32.72918023992423], [151.7523772854609, -32.72898258058405], [151.7523700877034, -32.72895672869311], [151.75233978886, -32.72888173489463], [151.7522698278402, -32.72875582927998], [151.7520669861674, -32.72854240646467], [151.7520566039879, -32.72853611791828], [151.7517714682292, -32.72833063338504], [151.7517689034935, -32.72832803499966], [151.7515486984818, -32.7281144384657], [151.7514872818982, -32.72805645944925], [151.7513189778437, -32.72790075074533], [151.7512025938428, -32.72781906842454], [151.7510003113487, -32.72768616448485], [151.7509169236305, -32.72765220919604], [151.7506301584511, -32.72756392179207], [151.7503432737873, -32.72748423923872], [151.7502508757374, -32.72746729555894], [151.7500560283182, -32.72743044817719], [151.7497681391321, -32.72742212094306], [151.7494800195391, -32.7274309762584], [151.7491918082715, -32.72744639353084], [151.7490378631618, -32.72745519656132], [151.7489035389233, -32.72746528649429], [151.7486147319777, -32.72752332370686], [151.7483248479352, -32.72765840744552], [151.7483232688545, -32.72765946304077], [151.7481652224483, -32.7278692963713], [151.7481165121338, -32.72799262118957], [151.7480242715362, -32.72829069180966], [151.7479910555932, -32.72871316709518], [151.7480485309416, -32.72913654415987], [151.7481309858414, -32.72956017861026], [151.7482483427896, -32.7299841575358], [151.7482908703473, -32.7300895232421], [151.7484229539581, -32.73030949813528], [151.7488640282166, -32.73029360128396], [151.749046816396, -32.73025977213513], [151.7492136443285, -32.73032551508913], [151.7494385484906, -32.73040098159197], [151.7494642113659, -32.73041910017264], [151.7497234490856, -32.73062337973454], [151.7497382673782, -32.73063323345383], [151.750009106746, -32.73079231658073], [151.7502519625855, -32.73084975956266], [151.7504532422181, -32.7308996147288], [151.7505787470121, -32.73124912795828], [151.7506033116248, -32.73126696852836], [151.7505928949846, -32.73127596923149], [151.7505781220221, -32.73129392350637], [151.7502887279917, -32.73169574411105], [151.7501656743856, -32.73190934585568], [151.7500318607563, -32.73211598588796], [151.7499899842396, -32.73216225786967], [151.7496336769605, -32.73244027937], [151.7492498615476, -32.73250890002646], [151.748843644948, -32.73253093291487], [151.7488327512004, -32.73253223805085], [151.7488274223388, -32.73253456255048], [151.7483522972392, -32.73266505276467], [151.7482538947995, -32.73273481141302], [151.7479962906087, -32.7329412882238], [151.7479619075606, -32.73301905013261], [151.7479349507528, -32.73315207889181], [151.7479554583274, -32.73336368709903], [151.7479569972402, -32.73337023017206], [151.7479991277066, -32.73357552267203], [151.7481047157097, -32.73378798063891], [151.7482367642162, -32.73396024220619], [151.7483415435589, -32.7340573520263], [151.748470412164, -32.73421444324021], [151.7486097517622, -32.73442547741587], [151.7487411650973, -32.73463995305463], [151.7488018533971, -32.73474348856882], [151.74886694036, -32.73485261190979], [151.7490142292772, -32.73506548138283], [151.7490842692116, -32.7351452654803], [151.7491971572107, -32.73527871031547], [151.7493682796702, -32.73543237893847], [151.7494275411292, -32.7354924124798], [151.7495707783352, -32.73561563741441], [151.749723725802, -32.73578591941396], [151.7498158287469, -32.73591909663173], [151.7499354961815, -32.73606528546236], [151.7499936057774, -32.73613227304878], [151.7502071261212, -32.73634580562936], [151.7502148715059, -32.73635267341774], [151.7502378505793, -32.73637346538322], [151.750503987638, -32.73660672682672], [151.7505757046172, -32.73666579273595], [151.7506458447585, -32.73672034637821], [151.7507030732008, -32.73677355257746], [151.7508483494006, -32.73690289395745], [151.7509856591486, -32.73702029124064], [151.7510731255624, -32.73710231494215], [151.7511832690977, -32.73720114464231], [151.7512970419646, -32.73729249898065], [151.7516119174905, -32.73758336798215], [151.751642116126, -32.73760959633773], [151.7516500934332, -32.7376167451439], [151.7516560691612, -32.73762347174636], [151.7516598697775, -32.73762870308281], [151.7516682715222, -32.73763853250648], [151.7519372038726, -32.73794426866198], [151.7520490913791, -32.7380553817955], [151.752209949938, -32.73819965669651], [151.7523312114761, -32.73830093396043], [151.7525421730586, -32.73848309705897], [151.7527792758757, -32.73868382060471], [151.7529466784316, -32.73884765516436], [151.7530185985523, -32.73891064869275], [151.753216052072, -32.73907490136588], [151.7533483934274, -32.73918271201757], [151.7535303106047, -32.73933854550148], [151.7536328706972, -32.73943818184466], [151.753745156915, -32.73955208138574], [151.7539167217985, -32.7397387532144], [151.7539416563468, -32.73976543848386], [151.7540975237906, -32.73992068956801], [151.7543917373184, -32.74019271909572], [151.7544852835347, -32.74027920181351], [151.7548811760417, -32.74062039312099], [151.7549947288953, -32.74071052725128], [151.7554613321515, -32.74110934832032], [151.755623812934, -32.74125975251343], [151.7558521233865, -32.74147564487691], [151.7561925796623, -32.7417861962528], [151.7563228461864, -32.74190312361083], [151.7567547704082, -32.74233021970724], [151.7567610351736, -32.74233620417749], [151.7571126316279, -32.74265675272807], [151.7574005379387, -32.74294446050709], [151.7576530384106, -32.74318473679307], [151.7578982934031, -32.74341167828993], [151.7581098405677, -32.7436120709541], [151.7584666633508, -32.74396900203033], [151.7585341244599, -32.74403908135258], [151.7590336494394, -32.7446263039713], [151.7591268218987, -32.7447512766629], [151.7591869711599, -32.74483384478145], [151.7592369967163, -32.74489165555866], [151.759339411024, -32.74500679861137], [151.7595269430159, -32.74524773833571], [151.7597171169454, -32.74548684797742], [151.7599708410328, -32.74574453235647], [151.7601673883356, -32.74596054879987], [151.7603859032271, -32.74617144537359], [151.7607361948795, -32.74648816754262], [151.7608617048194, -32.74659895762943], [151.7610917300113, -32.74680588848639], [151.7613012881426, -32.74702611012447], [151.7613048088888, -32.74703086048174], [151.7615984575875, -32.74745185384484], [151.7618698723161, -32.74783035018294], [151.7619105629717, -32.74787774444417], [151.7621561373215, -32.74809487543939], [151.7624110732894, -32.74830549106019], [151.7624390687607, -32.74833134463245], [151.7628596727511, -32.74873273122546], [151.7630078523848, -32.74886300348521], [151.7633144402811, -32.74916002670943], [151.7635766830635, -32.74939208345018], [151.7636927013697, -32.74950032374113], [151.7638110955603, -32.7495877337854], [151.7641462457141, -32.74986796279342], [151.7643173971292, -32.75001553405127], [151.7647159203993, -32.75033650451405], [151.7648439574959, -32.75044352801814], [151.7650432785458, -32.75065514347381], [151.7652382826568, -32.75087022486224], [151.7652507125235, -32.75088275354767], [151.765284043134, -32.7509179507785], [151.765637286371, -32.75129696258904], [151.7657679857557, -32.75142334357383], [151.7658520409202, -32.75150864516826], [151.7660813922281, -32.75172414319735], [151.7661846238786, -32.75181299084704], [151.766421321171, -32.75200753576456], [151.7665707045809, -32.75215176725254], [151.7669899590499, -32.75255315882987], [151.7670171376811, -32.75257896751685], [151.7675004883789, -32.75300652934237], [151.7675592148628, -32.7530544178199], [151.768023264372, -32.75343447298627], [151.7681289554679, -32.75352058321261], [151.7685364221468, -32.75386232793045], [151.7686986675991, -32.75398993196933], [151.7690352350361, -32.75429003192829], [151.769267763063, -32.7545042013121], [151.7694851684024, -32.7547172619345], [151.7698365231156, -32.75504299448119], [151.7699434287052, -32.75514456414419], [151.7704056724987, -32.75555429614309], [151.7704265903848, -32.75557211703125], [151.7709758230285, -32.75599353357387], [151.7709852826314, -32.75600040098868], [151.7715462042703, -32.75641568878433], [151.7715646737975, -32.75642888941042], [151.7721165313042, -32.75684252859139], [151.7721349230773, -32.75685728561649], [151.7726861617779, -32.75728549307451], [151.7726866376167, -32.75728585219798], [151.7732305533493, -32.75771363110408], [151.7732566759734, -32.75773419879516], [151.7737733336444, -32.7581417510433], [151.7738267127787, -32.75818376155064], [151.7743083099041, -32.75856979631988], [151.7743966609253, -32.75863986850356], [151.7748558983402, -32.75899795471298], [151.7749667584962, -32.75908514134352], [151.7753867894569, -32.75942595153839], [151.7755366496476, -32.75954625293195], [151.7759169457494, -32.75985393897724], [151.7761065726934, -32.76000580503535], [151.7764489498772, -32.76028194226842], [151.7766764898913, -32.76046552181964], [151.7769885611177, -32.76071001758879], [151.7772465262623, -32.76091729165898], [151.7775157022389, -32.76113796895601], [151.7778162576703, -32.76139180137358], [151.7780163518594, -32.76156565978152], [151.7783856275117, -32.76189287980071], [151.7784969334502, -32.76199315298493], [151.778805476535, -32.76226308148483], [151.7791445310359, -32.76256355939512], [151.7794878593652, -32.76284842390828], [151.779524578486, -32.76288198166975], [151.7799470526668, -32.76327570131167], [151.7800934561902, -32.76342053118617], [151.7803813649679, -32.76370273883686], [151.7806619138644, -32.76399073480411], [151.7807976253707, -32.76412959523901], [151.7810452429186, -32.76440677538636], [151.7811927604922, -32.76455624875132], [151.7812298943882, -32.76459682563745], [151.781393131486, -32.76476959932728], [151.7815140051212, -32.76489089220917], [151.781608717591, -32.7649831015442], [151.7817983010229, -32.76517150029775], [151.7818161943879, -32.76518986740797], [151.781906146364, -32.76527758749893], [151.7820378520906, -32.76541008108967], [151.7820825396449, -32.76545644439932], [151.782248195484, -32.76562352728149], [151.7823667183603, -32.76574626613188], [151.7824568383514, -32.76583696057821], [151.7826509218479, -32.76603440276938], [151.7826670281763, -32.76605040657228], [151.7828752630172, -32.76626383123414], [151.7829350467582, -32.76632809990417], [151.7830755003758, -32.76647717986611], [151.7832189585314, -32.76663759782798], [151.7832664157777, -32.76669043964245], [151.7834516667139, -32.76690364213465], [151.7835026311684, -32.76696516443434], [151.7836287927997, -32.76711676348793], [151.783707572512, -32.76723423038618], [151.7839387042953, -32.76754258101954], [151.7840681080194, -32.76775781932076], [151.7841950749767, -32.76796787421665], [151.784302099166, -32.76817816161429], [151.7843973901877, -32.76839264637704], [151.7845440325563, -32.76881687409576], [151.7846225954522, -32.7692404431557], [151.7846121313671, -32.76966314846101], [151.78461133025, -32.76966833019537], [151.7845670325046, -32.77008551771712], [151.7844585366026, -32.77050727377451], [151.7842720922306, -32.77092826926872], [151.7841508938168, -32.77113369717523], [151.7840194683077, -32.77133473030364], [151.7840098616992, -32.77134853279932], [151.7838524892263, -32.77153220008364], [151.7836878899227, -32.77171200741071], [151.783508779103, -32.77195145237209], [151.7833255226171, -32.77218749935582], [151.7830927857216, -32.77240130574916], [151.7828495627477, -32.77260856972305], [151.7826321256421, -32.7728123619392], [151.7824271531214, -32.7730243817503], [151.782264125124, -32.77323066161989], [151.7821091562485, -32.77344189845383], [151.7817981151286, -32.77386387886145], [151.7816778190638, -32.77401482124429], [151.7811194721756, -32.77470289185732], [151.7805058732258, -32.7754331505709], [151.7804260670423, -32.77554175517241], [151.7801551127142, -32.77595843610004], [151.7800242542049, -32.77616888534754], [151.7799012236009, -32.77638225435072], [151.7797136235573, -32.77680076764472], [151.7795410245415, -32.77722435738684], [151.7794652698183, -32.7774279290087], [151.7793211942396, -32.77778154504267], [151.7792155786482, -32.77806679789006], [151.7791038318701, -32.77848851464188], [151.7790107746983, -32.77891041342946], [151.7789262818416, -32.7793323946072], [151.778870057812, -32.77975465228275], [151.7788750632683, -32.78017750686121], [151.7789058449537, -32.78060061369149], [151.7789359244875, -32.78102371266266], [151.779014554364, -32.78144728488616], [151.7791746537468, -32.78187165115844], [151.7792632685837, -32.78202305873646], [151.7794421419976, -32.7822970627779], [151.77962701269, -32.78248239795238], [151.7798309910943, -32.78265475212498], [151.7799203732719, -32.78272452790213], [151.7804014523905, -32.78308667247381], [151.7804934390731, -32.78315291465833], [151.7815429196951, -32.78391176889761], [151.7816717239191, -32.78400999320007], [151.7823948440285, -32.78464934700207], [151.7826412656368, -32.78486503108337], [151.7826593832115, -32.78488211483659], [151.7826821588922, -32.78490198297101], [151.7828786959684, -32.78509880346309], [151.7830632368631, -32.78530445229308], [151.7834289766186, -32.78571829648968], [151.7836273213155, -32.78593982925071], [151.7838177015873, -32.78616565540563], [151.7839567153113, -32.78636639221901], [151.784089957453, -32.7865703267363], [151.7846795513354, -32.78742166083151], [151.784948246251, -32.78779923068521], [151.7852441556252, -32.78827274981705], [151.7854890666716, -32.78869793076302], [151.7855118855798, -32.78873693678196], [151.7857204353016, -32.78912297943299], [151.785958123511, -32.78954808943672], [151.7860744789641, -32.7897528269624], [151.786190566659, -32.78997314816536], [151.7863816988842, -32.79035784799186], [151.7865164638514, -32.79065531944065], [151.7866154327318, -32.7908228760719], [151.7867636775704, -32.79108371187527], [151.7868951521518, -32.79136219055607], [151.7870756757269, -32.79167294543686], [151.7871982022723, -32.79189517206959], [151.7872974602329, -32.7920978988771], [151.7875089169711, -32.7925227516879], [151.7877284849216, -32.79294768278817], [151.787759523635, -32.79300761116252], [151.7879379277135, -32.79337251562231], [151.7883209433205, -32.79411380284427], [151.7883509887833, -32.79417679320267], [151.7883649650398, -32.7942056575273], [151.7883751642192, -32.79422235767663], [151.7883907250679, -32.79424877233527], [151.7885517580947, -32.79458618741614], [151.7887126325963, -32.79492355658562], [151.7888028330799, -32.79507210560467], [151.7892803410457, -32.79592233382573], [151.7894456264816, -32.7961931198779], [151.7897918616925, -32.79677288902411], [151.7903829941381, -32.79762421146989], [151.7905756366905, -32.79788277337474], [151.7910113294774, -32.79847588988213], [151.7917090013458, -32.79932756318948], [151.7917095439147, -32.79932824000576], [151.7924207521545, -32.80018071113227], [151.7928439651281, -32.80065671115165], [151.7931721230931, -32.80103356588086], [151.7939303075273, -32.80188648184208], [151.7939795391798, -32.80194278677845], [151.7946564098776, -32.8027390839548], [151.7951146453103, -32.8032662888279], [151.7953879838777, -32.80359173508009], [151.7961442469169, -32.80444461938583], [151.7962502091572, -32.80455829929417], [151.7969102614882, -32.80529759291863], [151.7972781036262, -32.8057638520516], [151.7978132979027, -32.80636037186332], [151.7984347541682, -32.80700345185187], [151.7985219054485, -32.80710712497739], [151.7991314237657, -32.80785574750865], [151.7994208894119, -32.80820940601444], [151.7996565547398, -32.80847437666847], [151.7998596487728, -32.80870834085596], [151.800224296823, -32.80912771913455], [151.8002314775756, -32.80913470991084], [151.8005019125728, -32.80930703864345], [151.8007964041684, -32.80945667171454], [151.8013855864718, -32.80979894111539], [151.8017573367747, -32.80997269612851], [151.8021225303639, -32.81015367767799], [151.8024821909287, -32.81042467343093], [151.8030832852047, -32.81089183043281], [151.8035647766177, -32.81128063467372], [151.8042236607962, -32.81184011931418], [151.8045738342624, -32.81213588464794], [151.8053637201615, -32.81281401679485], [151.8055068249834, -32.81293732318375], [151.8057872779282, -32.81315002942864], [151.8066279303413, -32.81384670362075], [151.8076453457879, -32.81465437762682], [151.8087804697383, -32.81555842628126], [151.8099272985743, -32.81647740376684], [151.8109684430727, -32.81727044716291], [151.8115695239388, -32.81775069602548], [151.8122108056033, -32.81819043891591], [151.8132489620796, -32.81898330985933], [151.8144939918483, -32.81993420455086], [151.8155238847378, -32.82069607676539], [151.8156359775511, -32.82077910773961], [151.8166800982146, -32.82155262722972], [151.816777993841, -32.82162324227073], [151.8178642403561, -32.82240942498674], [151.8179202644034, -32.82244989676803], [151.8189271340943, -32.82326506771903], [151.8190613436805, -32.82336798696497], [151.8201254815882, -32.82412198245771], [151.8202039039738, -32.82417591886298], [151.8213469430718, -32.82494916745907], [151.8213924079663, -32.82497952970522], [151.8224899408985, -32.8257271328917], [151.8226425599171, -32.82583690654832], [151.8228012681526, -32.82595363138046], [151.8233594064692, -32.8263674051168], [151.8236318794064, -32.82658686724614], [151.8237420288028, -32.82669285311118], [151.8239337503639, -32.82690191153119], [151.8241117114795, -32.82711913240468], [151.8241997965222, -32.82724896422621], [151.8243378583228, -32.82749227314235], [151.8243610660289, -32.82754428043916], [151.824525078584, -32.82777204937503], [151.8247371750228, -32.82797061627474], [151.824766675871, -32.82799052213028], [151.8250466212343, -32.8281218898922], [151.8253401050764, -32.82823526271886], [151.825732428476, -32.82840276540509], [151.8259135508955, -32.82847898129188], [151.8263568690847, -32.8286679931399], [151.8270605530826, -32.82895877680556], [151.8278048027048, -32.82926780297424], [151.8282076219718, -32.82943439663381], [151.8290719954499, -32.82980660669034], [151.8305019701916, -32.83037245612707], [151.8312946093026, -32.83069951359192], [151.8320962024533, -32.8309991449625], [151.8327969021276, -32.83126962072782], [151.8339447107679, -32.83169333643508], [151.8344323581956, -32.83186653528401], [151.8350927425073, -32.83210079826603], [151.8362410035051, -32.83249149249593], [151.8369859737954, -32.83273590345135], [151.8373894666609, -32.83286749785481], [151.8385382450391, -32.83322002550221], [151.839687389067, -32.83354515289398], [151.8399291518423, -32.83360882766783], [151.8408368278599, -32.83384823214851], [151.8414584785121, -32.83401128623888], [151.8419866238922, -32.83412445269215], [151.8431367069115, -32.83437906308581], [151.8436484579964, -32.83448886093947], [151.8442868355945, -32.83463075999316], [151.8454368363462, -32.83489267286285], [151.8465867318906, -32.83516343983206], [151.84739900436, -32.83536907219121], [151.847736308157, -32.83545929252557], [151.8488854647486, -32.83578845040432], [151.8500344604814, -32.83613066367536], [151.8503899234593, -32.83624220005294], [151.8511829602357, -32.83651217149452], [151.8523312394957, -32.8369114975327], [151.8529362276255, -32.83711117853125], [151.8534795922874, -32.83730591506128], [151.8546281215134, -32.8376874874204], [151.8557555729793, -32.83798260257191], [151.8557776835149, -32.83798915321745], [151.856349447969, -32.83812942227473], [151.8566375776719, -32.83819284356684], [151.8569278552587, -32.83824404884791], [151.8572147994824, -32.8382623495454], [151.857503733362, -32.83826860405691], [151.857792850498, -32.83827105207149], [151.8580810420523, -32.83826399215786], [151.8583709748904, -32.83823220274508], [151.8586598869754, -32.83819113153561], [151.8592365418858, -32.83810297048365], [151.8597049877326, -32.83801865185796], [151.8600479126758, -32.83795113035978], [151.8603925559408, -32.83790157772501], [151.8606803049328, -32.83790930363887], [151.8609689076478, -32.83793034696311], [151.8615453333301, -32.83795316798904], [151.861839849298, -32.83796207592729], [151.8621222722716, -32.83793597250059], [151.8623908725075, -32.83779536655015], [151.8626449764483, -32.83762259511315], [151.8626858007027, -32.83759729341392], [151.8627034348701, -32.83758754064127], [151.8632839379987, -32.83729049723701], [151.8634522122526, -32.83720712559011], [151.8638645814419, -32.8369819502106], [151.8641134059021, -32.83688659600563], [151.8643634817719, -32.83679258688301], [151.8644441782153, -32.8367556703131], [151.8650240036764, -32.83651081825002], [151.8653737408418, -32.83637894687905], [151.8657672883644, -32.83623086355948], [151.8661831185835, -32.8360629078648], [151.8664674924491, -32.83598500472186], [151.8667570048717, -32.8359184902929], [151.8670476363829, -32.8358550201757], [151.8673398901044, -32.83579844224386], [151.8679161763179, -32.8357300516447], [151.8682053420948, -32.83570223498231], [151.86849474369, -32.83568482270357], [151.8687831127536, -32.83569450695416], [151.8690716359031, -32.83571455503369], [151.8693599757811, -32.83573753607209], [151.8696471150695, -32.83576685409764], [151.8702228598097, -32.83586491063699], [151.8707979986364, -32.83596658735991], [151.8713745939169, -32.83604274917906], [151.8716630195568, -32.83607997197635], [151.8719494115925, -32.83612469918035], [151.8722391890964, -32.83619197865175], [151.8725268126836, -32.8362671557469], [151.8730990271351, -32.83642559748847], [151.8731741945271, -32.83644942601109], [151.8742469401545, -32.83686201073368], [151.8752883962121, -32.83731406090209], [151.8753940915258, -32.83735935465592], [151.8765416876898, -32.83782278706627], [151.8776642098663, -32.83818100700125], [151.8776905303047, -32.83818812523089], [151.8782638695508, -32.83830107071685], [151.8788412990746, -32.83840100275125], [151.879231767201, -32.83846692991023], [151.8796383867394, -32.83852407114813], [151.8799924914329, -32.83858060167654], [151.8802779984729, -32.83863049154576], [151.8809357741558, -32.83870955432815], [151.8811440550911, -32.83873098789144], [151.8814328776679, -32.8387844414649], [151.8817193039532, -32.83884843122132], [151.8822943384522, -32.83898385608268], [151.882634158631, -32.8390710979748], [151.8828692171849, -32.83913110569699], [151.8834437996136, -32.83930255320558], [151.8840179915519, -32.83950538662782], [151.8840200988035, -32.83950626967072], [151.8845917311169, -32.8397445997951], [151.8850302750036, -32.83993808272385], [151.8851653075079, -32.83999711526297], [151.8857386432007, -32.84026877902699], [151.8859391040882, -32.84036898549118], [151.8863118305435, -32.84055335891901], [151.8867938997856, -32.84079940107648], [151.8868849194097, -32.84084536714568], [151.8874578694363, -32.84114956273777], [151.8876039640173, -32.84122941326643], [151.8880307241566, -32.84146095968458], [151.8883904537247, -32.8416592108739], [151.8886035421725, -32.84177600192504], [151.8891654121798, -32.84208890521739], [151.8891763158158, -32.84209493231577], [151.8897490016484, -32.84242162571138], [151.8898206803997, -32.84246458234804], [151.8899158662766, -32.84251836947237], [151.8903216362763, -32.84275201205367], [151.8906586569767, -32.84294776534512], [151.8908942544138, -32.84308444678152], [151.8913947418214, -32.84337710143581], [151.8914668424857, -32.84341926432347], [151.8917536804807, -32.84359124715235], [151.8920393996285, -32.84375729707415], [151.8921221158926, -32.84380634815938], [151.8926119276944, -32.8440984016612], [151.8928429442849, -32.84423553679227], [151.8931844540849, -32.84443961517167], [151.8935611189444, -32.84466469785525], [151.8937569545814, -32.84478288892899], [151.8942743328942, -32.84509381500328], [151.8943294515952, -32.84512717965504], [151.8949019622341, -32.84547110946676], [151.8949883086782, -32.84552292689597], [151.895474462419, -32.84581547869522], [151.8957023007805, -32.84595203891007], [151.8960469712945, -32.84615988524854], [151.8964169933764, -32.84638114908785], [151.896619504187, -32.84650270826739], [151.8971382881712, -32.84681032140446], [151.8971920766106, -32.84684231099146], [151.8977647771412, -32.84717266829819], [151.8978825229495, -32.84723968770129], [151.8983375180402, -32.84749972166401], [151.8986351342668, -32.84766912335306], [151.8989102482311, -32.84782760077297], [151.8993847901901, -32.84809852456362], [151.8994829875369, -32.84815546542376], [151.899807033539, -32.84834145794957], [151.9000816211668, -32.84848939382266], [151.9001454127861, -32.84852802569725], [151.9006286616084, -32.84879637284234], [151.9009238620819, -32.84895767489007], [151.9012015559892, -32.84911267712209], [151.9016986579646, -32.84938728324624], [151.9017744417636, -32.84943001028086], [151.9022242621861, -32.84964885102488], [151.9026044760878, -32.84986180253998], [151.9029203022438, -32.85005844854328], [151.9032569012777, -32.85024657352943], [151.9034931512678, -32.85037976432642], [151.9040190521652, -32.85067606083925], [151.9040659750293, -32.85070308858604], [151.9047885563725, -32.85110560395606], [151.9049638271842, -32.85119864974894], [151.9050962869202, -32.85127869534608], [151.9052115903714, -32.85135452827296], [151.9054836323662, -32.85151337078759], [151.9059145952018, -32.85176861903312], [151.9062866207304, -32.85196433020928], [151.9063572274015, -32.85200479881951], [151.9067604208303, -32.85224243664715], [151.9075030736128, -32.85263975512299], [151.9078665111409, -32.85282374508586], [151.908151910568, -32.8529826387321], [151.9084400459353, -32.85313744540315], [151.9086494743774, -32.85323075622142], [151.9096396713661, -32.85368483272316], [151.9097065974066, -32.8537186042459], [151.909796672698, -32.85375779884492], [151.9107662315329, -32.85418301485373], [151.9109443062873, -32.85424994991934], [151.9115182202185, -32.85448865628865], [151.9116577193105, -32.85454801807327], [151.9120920662263, -32.85473356858205], [151.9126659371518, -32.85497592554577], [151.9126744416855, -32.8549796715555], [151.9132396765106, -32.85522933089999], [151.9136497625834, -32.85541094941016], [151.9138134172675, -32.85548366562915], [151.914387086872, -32.855743338011], [151.9146019549012, -32.85584202307075], [151.9149607144772, -32.85600751192851], [151.9155325941525, -32.85627290672699], [151.9155343114863, -32.85627370621069], [151.9161078940564, -32.8565413713967], [151.9164546553493, -32.85670370525884], [151.9166814745554, -32.85681026861124], [151.91725506481, -32.85707864954503], [151.917323630893, -32.85710877107806], [151.9173761028413, -32.85713448778381], [151.9178286836637, -32.85734418443502], [151.9179437335363, -32.85739269781703], [151.9183040894715, -32.85756532411619], [151.9184022874794, -32.85761124198905], [151.9188702986072, -32.85782058241273], [151.9189759657152, -32.85787322753504], [151.9192468252617, -32.85799628504526], [151.9192592558768, -32.85800163373295], [151.9192697921304, -32.85800676692213], [151.919549767549, -32.85812529846743], [151.9197113991372, -32.85818509740619], [151.92007677796, -32.8583573279102], [151.9201235985247, -32.85837445565295], [151.9201533062493, -32.85838320332408], [151.9202562880977, -32.85842780690751], [151.9206976566325, -32.85860590486601], [151.9210456888025, -32.85872933354784], [151.9212717159625, -32.85883672220785], [151.921336914133, -32.85885993829061], [151.921521566548, -32.85891665558955], [151.9216277652206, -32.85896382678851], [151.9218462816593, -32.85902593344326], [151.9220061235559, -32.85905372053696], [151.9222705141485, -32.85913484112683], [151.9224210455094, -32.85919974244479], [151.9227087511138, -32.85925955206966], [151.9229967522956, -32.85929493732846], [151.9232854423642, -32.85927410725321], [151.9235630363778, -32.85909051725923], [151.9235681090279, -32.85908467041003], [151.9235767197471, -32.85903828563153], [151.9236033052113, -32.85889770398234], [151.9236003076159, -32.8588794331788], [151.9235800408048, -32.85876333665919], [151.9235636604749, -32.85866771308116], [151.9234808112194, -32.85845559540843], [151.9233800797042, -32.85824332776735], [151.9232996782508, -32.85809582738727], [151.9232647501293, -32.85803093042682], [151.9230168231668, -32.85763491354402], [151.9230067431606, -32.85762090703383], [151.9230017513089, -32.85761148067928], [151.9229997998661, -32.85760583624148], [151.9229956866565, -32.85759789505846], [151.9227560142208, -32.85727808711516], [151.9227012011096, -32.85718045574032], [151.9224497273908, -32.85682762013039], [151.9224234206823, -32.8567944083357], [151.922398698376, -32.85675504488438], [151.9220779294659, -32.85632947194756], [151.9218820333327, -32.85607062124615], [151.9217563615189, -32.85590388732402], [151.9214378634044, -32.85547833233454], [151.9213143873163, -32.85531043800722], [151.9211245204987, -32.85505282497587], [151.9208224381939, -32.8546274060073], [151.9207472055571, -32.85451426004954], [151.9205375610333, -32.85420213874892], [151.9202741539309, -32.85377706011252], [151.9201814665471, -32.85359825475462], [151.9200507116184, -32.85335232191716], [151.9198893329707, -32.85292811514125], [151.9198238171093, -32.85250473979437], [151.9199190166566, -32.8520827558645], [151.9202038545944, -32.85175012888641], [151.9202544278744, -32.8516994585587], [151.920446577999, -32.85159476897485], [151.9205643560185, -32.85150478703235], [151.9207420109962, -32.85140860256467], [151.9222151564638, -32.85046838952275], [151.9223176218829, -32.85041219914541], [151.9224055116914, -32.85036813013608], [151.9224738621425, -32.85033384173448], [151.9225285554685, -32.85030674007419], [151.922645146377, -32.85024517483896], [151.9244019593334, -32.84925723457809], [151.9248511585496, -32.84903105875145], [151.9251329016844, -32.84889328607449], [151.9254079079381, -32.84874753714405], [151.9257109446257, -32.84854112382754], [151.9260131714224, -32.84833210603301], [151.9263691358868, -32.8481295665519], [151.9267034025586, -32.84791303565169], [151.926937482325, -32.84760217312885], [151.927179418949, -32.84727893932097], [151.9273649173166, -32.84707308721244], [151.927185418001, -32.84678038419037], [151.9270395020295, -32.84649021516321], [151.9268877670096, -32.84622337490714], [151.9264844550977, -32.84598972342957], [151.9260439415581, -32.84577768447446], [151.9257171675866, -32.84556791095378], [151.9253882660881, -32.84536488902347], [151.9251461769085, -32.84526625153217], [151.9248976347154, -32.84517614897146], [151.9237500583594, -32.84468264064151], [151.9233710436425, -32.84450192404364], [151.9229887650819, -32.84436187013563], [151.9226019992144, -32.8442293675817], [151.9214536799791, -32.84379779191249], [151.9212519299507, -32.84371238686845], [151.9210641635038, -32.84363643767631], [151.9203051634275, -32.84338499877367], [151.9199710728267, -32.84327319900166], [151.9193285657395, -32.84302890901387], [151.9191567121906, -32.8429669265517], [151.9190520521838, -32.84292759679596], [151.9186681112445, -32.84277013068549], [151.9180083416527, -32.84254310144848], [151.9168603703635, -32.84208731564866], [151.9166351562317, -32.84198991115068], [151.9164419076669, -32.84190525705981], [151.9157126428927, -32.84161245205627], [151.9154153865931, -32.84148878408428], [151.914601963722, -32.84109726325772], [151.914565620785, -32.84108065055506], [151.9145463397676, -32.84107163759603], [151.9144896803285, -32.8410427131675], [151.9136704154892, -32.84066435447681], [151.9134188194236, -32.84053186206353], [151.9127532174667, -32.84018201794538], [151.9125456540017, -32.84007949032815], [151.9122726598996, -32.83993238810405], [151.9112019535553, -32.83932291436093], [151.9111482205863, -32.83929134942929], [151.9111271591515, -32.83927906653514], [151.91107800969, -32.83924923413616], [151.9103303599237, -32.83880094224298], [151.9099822367165, -32.83858057512225], [151.9098036592148, -32.838465120509], [151.9094101197843, -32.83820314652053], [151.90916374521, -32.83803673015007], [151.9088382414229, -32.83780738475673], [151.9085627639886, -32.8376086840841], [151.908282558029, -32.83738899622341], [151.9079963710863, -32.83715854192224], [151.90769545194, -32.83693735373396], [151.9074535544211, -32.83675338524426], [151.9071244558304, -32.83647087003862], [151.9069537405378, -32.83632621075265], [151.9065540225765, -32.83595818865092], [151.9064887534497, -32.83589933859849], [151.9060575926076, -32.83547276043601], [151.9059842591599, -32.83539181097132], [151.9056646256058, -32.83504651080443], [151.9054155664944, -32.83473914559517], [151.9053175500061, -32.8346206693389], [151.9051659056482, -32.8344113749161], [151.905028257029, -32.8341953245228], [151.9048496182963, -32.83386284167392], [151.9047987503943, -32.83377051021978], [151.9046931101111, -32.83346509951389], [151.9046382935779, -32.83334629585499], [151.9045431874264, -32.83292265330834], [151.9045133649514, -32.83249958212241], [151.904556235555, -32.83207714718463], [151.9046786707651, -32.83165540853582], [151.9047625825471, -32.83148572438358], [151.9049575303764, -32.83114557360256], [151.9051699520562, -32.83081408651481], [151.9054678561334, -32.83047755567117], [151.9057117463327, -32.83022238969596], [151.9059656438305, -32.82997542358902], [151.9062949273018, -32.82972347612696], [151.906633436558, -32.82947917959098], [151.907091147116, -32.82913963566864], [151.9074426987321, -32.82885537813411], [151.9077978460945, -32.82857469363188], [151.9082166623872, -32.8283038373508], [151.9089596291342, -32.82788305849442], [151.909293872534, -32.82768208968776], [151.9096179898429, -32.82747043160487], [151.9098693393903, -32.82726561456548], [151.910122956111, -32.82706355290765], [151.9104954165539, -32.82684563432326], [151.9108760696963, -32.82663576536174], [151.9112846859468, -32.82637280316652], [151.9116091834163, -32.82609478214022], [151.9119103883154, -32.82579913910467], [151.9121816514657, -32.82542999789234], [151.9124539744765, -32.82506117789262], [151.912547848437, -32.82495905674216], [151.9127085873305, -32.82475545980958], [151.9128588301699, -32.82454565593622], [151.9130056363102, -32.82433407757179], [151.9131433711117, -32.82411860675097], [151.9133452570422, -32.82370246106274], [151.9135099956526, -32.82327616507052], [151.9135511504539, -32.82285199241352], [151.9135284588261, -32.8224307026905], [151.9134349438841, -32.82222200607544], [151.9133134904035, -32.82201917044944], [151.9131838865347, -32.8218190538791], [151.9130410979078, -32.82162681213612], [151.9129972102744, -32.82158046781814], [151.9127372674321, -32.82141235557526], [151.9125006318235, -32.8212326204349], [151.9124611170296, -32.82115300199649], [151.9122806093279, -32.82072862223544], [151.9119341875714, -32.82039795665003], [151.9115744394556, -32.82029967270358], [151.9113593213715, -32.82025499122761], [151.9110719677961, -32.82025030732171], [151.9107827349541, -32.82025351819027], [151.9104940251993, -32.82021426461671], [151.9102072643617, -32.82016028312228], [151.9096318630482, -32.82006109376249], [151.909056382782, -32.8199692433293], [151.9083574507674, -32.81984884854467], [151.9079055300151, -32.81977626560263], [151.9067543426494, -32.81961102438322], [151.9056029275445, -32.81946510300992], [151.9044509177411, -32.81936718217895], [151.9038751701783, -32.81931098534028], [151.9035872913339, -32.81928332299782], [151.9032990102575, -32.81926192336277], [151.9030110052706, -32.81925721727578], [151.9027225899251, -32.81925865234865], [151.9021458511511, -32.81925826936089], [151.9013923189787, -32.81921874886012], [151.9002464606617, -32.81918231345787], [151.8998405010328, -32.81917249137217], [151.899414469623, -32.81914524013888], [151.8980757030437, -32.81896816774332], [151.8975373819356, -32.81890651417928], [151.8968890871657, -32.81879552850529], [151.8960085458482, -32.81860566391333], [151.8952368541406, -32.81843235234311], [151.8941781951294, -32.81816696681267], [151.8940243303369, -32.81812441377406], [151.8936539367096, -32.8180285196147], [151.8929378394658, -32.81783898156948], [151.8917885393581, -32.81752616803283], [151.8906397445675, -32.81717335755695], [151.8905929140489, -32.81715580869195], [151.8894923541018, -32.81670841236377], [151.8885268585373, -32.81629186336136], [151.8883454467768, -32.81620564270384], [151.8871997133748, -32.81560975010547], [151.8868750816947, -32.8154315666294], [151.8860550449415, -32.81493012498339], [151.8854992791298, -32.81457370554438], [151.8849116664824, -32.81414825153752], [151.8843340087733, -32.81371770593347], [151.8837700477338, -32.81322724365583], [151.8835623153404, -32.81304783970597], [151.8833617070471, -32.8128634169563], [151.8830716354048, -32.81253374091642], [151.8826315929692, -32.81205569113405], [151.8825931722138, -32.81201093940223], [151.8824538993807, -32.81180620889842], [151.8823302070406, -32.81159342678257], [151.8822110022744, -32.81137862153554], [151.8821004746499, -32.81116092052196], [151.881941128152, -32.81073991040302], [151.8818113420349, -32.81031271798452], [151.8817681895903, -32.80989046620095], [151.8817358601181, -32.80946642422322], [151.8815979297947, -32.80861957149591], [151.8815263078989, -32.80823831772489], [151.8814478779564, -32.8077726112482], [151.8812137119389, -32.80656846248917], [151.8811419820349, -32.80607863623641], [151.8808360307615, -32.80438465968774], [151.8805131552788, -32.80279565595106], [151.8802457115828, -32.80134122926142], [151.8801668225433, -32.80099619147558], [151.8800928910658, -32.80071014294663], [151.8799019144702, -32.80014284665447], [151.87934778923, -32.79807045348872], [151.8792206783763, -32.79760524070502], [151.8786178139129, -32.79590860010882], [151.8779114793465, -32.79421102925249], [151.877110375053, -32.79262588335973], [151.8770458619611, -32.79251202612807], [151.8759735126245, -32.79081116206532], [151.8748479656211, -32.78918771376306], [151.8747895421353, -32.78910928533327], [151.8735118321838, -32.78740655492919], [151.8725793752265, -32.78625265013704], [151.8722278043685, -32.78583463818046], [151.8721356289965, -32.78570292424263], [151.8719421528256, -32.78546381046772], [151.8710097075092, -32.78432521301454], [151.8706981440263, -32.78399872713442], [151.8703074517726, -32.78359308208013], [151.8702885848577, -32.78357222239345], [151.8699795949565, -32.78321189940993], [151.8699216775611, -32.78314610117889], [151.8697393779722, -32.78293732908071], [151.8697309204098, -32.78293297426791], [151.8694522435932, -32.78285429160121], [151.8691647367832, -32.78280091978422], [151.8688665921516, -32.78271376692607], [151.8687185803219, -32.7826653000073], [151.868590724813, -32.78261513212829], [151.868299544121, -32.78247984131701], [151.8680179615892, -32.78233112501755], [151.8679390991324, -32.78228257616729], [151.8675560877374, -32.78202712773083], [151.8668753065907, -32.78153710761632], [151.8667221591916, -32.78142594785606], [151.8657336855713, -32.78066320781767], [151.8656111251601, -32.78057026808654], [151.8634491689119, -32.77902109363856], [151.8632092298097, -32.77885724855855], [151.8611646666956, -32.77738442284505], [151.8608182195906, -32.77714428169293], [151.8588792555342, -32.77582550523692], [151.8582816731398, -32.77542994351512], [151.85659333208, -32.77431268827632], [151.8555679131388, -32.77371393589993], [151.8542287090619, -32.77288457475339], [151.8530627190768, -32.772147311884], [151.8520193093981, -32.7714749656941], [151.850308734812, -32.7702832939566], [151.8497339479503, -32.76993622624019], [151.8483323219326, -32.76909206709996], [151.847524355258, -32.76856646659542], [151.8474470653888, -32.76852170015394], [151.8463026065473, -32.76789532626566], [151.8459922352105, -32.76770674118387], [151.8455714515732, -32.76744438072285], [151.8451594027295, -32.76717319392753], [151.8449637634645, -32.76701465843666], [151.8447754529315, -32.76684990541139], [151.844589474241, -32.76668300101409], [151.8444100357001, -32.76649046581571], [151.8443801596399, -32.76642345097378], [151.8443185060394, -32.76632175973123], [151.8442021527712, -32.76614364628722], [151.8441159162489, -32.76599820245872], [151.8440231304098, -32.76591605007638], [151.8438482357963, -32.76583118040446], [151.8435439523615, -32.76570862808364], [151.8434500615524, -32.7656698374397], [151.8433948076236, -32.76565019213848], [151.8431940247013, -32.76556688079137], [151.8428769125214, -32.7654301591856], [151.8424311770482, -32.76527832866719], [151.8419819518141, -32.76513287459272], [151.841259139593, -32.76487670492139], [151.8405825918934, -32.76460664121237], [151.8382895341828, -32.76368918567141], [151.8375965359792, -32.76340102107577], [151.8359972740732, -32.76271408731674], [151.833772542554, -32.76167424280169], [151.8337063211718, -32.76164260860503], [151.8314156455976, -32.76055413848815], [151.8302110335139, -32.75994980016111], [151.829126665256, -32.75934043269865], [151.8281619091565, -32.75878925968141], [151.8276798414788, -32.75851330492145], [151.8272039812089, -32.75823045253225], [151.8268397691226, -32.75797255229611], [151.8254822966079, -32.75702569374312], [151.8248504637694, -32.75651715674377], [151.8245572975311, -32.75627324259546], [151.8239043904358, -32.75566265994939], [151.8234197749243, -32.75514371654168], [151.8231389365868, -32.75480985264664], [151.8225027827827, -32.75395825582711], [151.8222874497239, -32.75362148880049], [151.8219944913573, -32.75310786189237], [151.8216458672525, -32.75237897611584], [151.8212665125716, -32.7514097749812], [151.8206854267759, -32.74971306623172], [151.8204447200268, -32.74901238690336], [151.8203665579631, -32.74874719948474], [151.8200910390273, -32.74801622939214], [151.8200577703145, -32.74793329366895], [151.8196980922829, -32.74716690808168], [151.8192132020258, -32.7463167192596], [151.819128066229, -32.74616965792484], [151.818981610183, -32.74597262838603], [151.8188232117342, -32.74578154389803], [151.8185012860785, -32.74540193869683], [151.8178658511569, -32.7446381254814], [151.8178471981613, -32.7446125992164], [151.8178361467055, -32.74459823666717], [151.817797791116, -32.74456001866162], [151.817301565933, -32.74414161885767], [151.8168006511065, -32.74372779285596], [151.8157967347233, -32.74290200307325], [151.8155181608375, -32.74268440073593], [151.8141002345085, -32.74160573729296], [151.8127456383412, -32.74051859324135], [151.8114669195687, -32.73947853368037], [151.8112152374058, -32.73926412420099], [151.8109575596118, -32.73905576291799], [151.8107004534104, -32.7388865850192], [151.8104361869289, -32.73872455142276], [151.8099054123735, -32.73840271158656], [151.8088411301671, -32.73776236472298], [151.8086717130857, -32.73766843403456], [151.8075348618081, -32.73732738828897], [151.8069570507193, -32.73717370298385], [151.8066676907313, -32.73709901566832], [151.8063758754548, -32.73703604151302], [151.8060905503769, -32.73700622129786], [151.8058028501775, -32.73698772868579], [151.8052265039726, -32.7369552608651], [151.8040734872234, -32.73689654325102], [151.8017690595057, -32.73690985761732], [151.7994627658621, -32.73706268757491], [151.7981837215352, -32.73719187774452], [151.7971549728339, -32.73732642025033], [151.7965776282446, -32.73739377473413], [151.7962888562057, -32.73742301920754], [151.7960014056849, -32.73743334962421], [151.7957123298008, -32.73739249728044], [151.7954246725122, -32.73733238932027], [151.7948524201527, -32.73719971890841], [151.794612639574, -32.73713399571767], [151.7942254262454, -32.73703519092527], [151.7938312141822, -32.73696065224505], [151.7937035088688, -32.73696103626202], [151.7935458640995, -32.73700107504249], [151.7931758944846, -32.73707187143532], [151.7928184732882, -32.73715944745868], [151.7925460501641, -32.73735696086823], [151.7923344725648, -32.73760440229501], [151.7921397583525, -32.737878821751], [151.7918521042783, -32.7382726959566], [151.7917158927116, -32.73844405924893], [151.7916375500511, -32.73853856351656], [151.7913742323725, -32.73881543078977], [151.790956086576, -32.73928235062249], [151.7903209148441, -32.74012184006961], [151.7902547222467, -32.74019650707817], [151.7902025701433, -32.74025952063414], [151.7898901482032, -32.74061931341328], [151.789551949345, -32.74096003790851], [151.7893837713692, -32.74108484203043], [151.7891962585568, -32.74131023867676], [151.7890329086746, -32.74155287484314], [151.7888683790006, -32.74179904800479], [151.7887564894271, -32.7420054401673], [151.7886531631381, -32.74221559106468], [151.7885533544114, -32.74242695475755], [151.7884628763281, -32.74264075041259], [151.7883415429355, -32.7430607293993], [151.788234431707, -32.74348415540334], [151.788134219925, -32.74390680365508], [151.7880266074338, -32.7443277632097], [151.7879338546734, -32.74459444321667], [151.7878359413651, -32.74486004169728], [151.7877278153265, -32.74517049059568], [151.7874351290925, -32.74601327615204], [151.7871200067721, -32.74685584370849], [151.7869403625347, -32.74727892862722], [151.786732450259, -32.74769770902293], [151.7866432006639, -32.74784865527255], [151.7864556192584, -32.74811783692581], [151.7862685082063, -32.74833453023638], [151.7860609818435, -32.74853681902567], [151.7860576982625, -32.748539499473], [151.7857815058725, -32.74870787862432], [151.7854775064781, -32.74883870915465], [151.7851925290686, -32.74890104886788], [151.7849000945624, -32.74893220640672], [151.7846113698993, -32.74892130561159], [151.7843245666147, -32.74888762555474], [151.7840350750128, -32.74882670069383], [151.7837502788529, -32.74875149082936], [151.7831768034978, -32.74855573969381], [151.7830401707056, -32.7485075200895], [151.7828901128473, -32.74845464954228], [151.7826036193912, -32.74833876476288], [151.7824948935261, -32.74829082363527], [151.7823172386483, -32.7482146520818], [151.7820310558722, -32.74807639795097], [151.7820283335209, -32.74807488593433], [151.7818102319582, -32.74794305600949], [151.7814591915234, -32.74776327530469], [151.7812513525429, -32.74764452396749], [151.7808873729028, -32.74744639878213], [151.780495848202, -32.74721436626061], [151.7803158473019, -32.74710866492342], [151.7797990232801, -32.74678477542659], [151.7797445893837, -32.74675196129675], [151.7791735987684, -32.74637565066706], [151.7791436631744, -32.74635558473193], [151.7786031369868, -32.74596059453813], [151.7785573335559, -32.7459270634813], [151.7780325838697, -32.74555330529466], [151.7779519913316, -32.74549835016353], [151.7777045630309, -32.74534043500012], [151.7774615917017, -32.74517819376342], [151.7773245030438, -32.74506942588772], [151.7768915493854, -32.74473392463705], [151.7767784509982, -32.74464128941094], [151.7763220232156, -32.7442526583369], [151.7762800529085, -32.74421361592817], [151.7759761732692, -32.74391643523961], [151.7754554833032, -32.74346080499913], [151.7753448197983, -32.74335886471198], [151.7752985403248, -32.74331588077405], [151.7752448794977, -32.74326748382975], [151.7751839991548, -32.74321528048608], [151.7749394539339, -32.74299145782345], [151.774539079491, -32.74261838719826], [151.7744219122242, -32.74250423116939], [151.7740471901478, -32.74209178556197], [151.7740376268016, -32.74208122536419], [151.774025000361, -32.74206928107378], [151.7735976058932, -32.74165054788853], [151.7734158492663, -32.74146081165458], [151.7731660048157, -32.74124745216028], [151.7729094340084, -32.74103910431], [151.7727080909226, -32.7408709569213], [151.7726090249033, -32.74079525859747], [151.7723609396365, -32.74058928680932], [151.7720079804142, -32.74027838526973], [151.7717706120691, -32.74006604140197], [151.7716184603754, -32.73993993425273], [151.7712011028826, -32.73958699472416], [151.771105558127, -32.73951210240995], [151.7706316775709, -32.73910296790325], [151.7706086999234, -32.73908441792713], [151.77026921192, -32.73877416147172], [151.7698491921874, -32.73852143701481], [151.7695233819821, -32.73822815185832], [151.7694919708407, -32.73819819595263], [151.769236410312, -32.73799507998564], [151.7689713402494, -32.7377999271929], [151.7689218930461, -32.73776258523583], [151.7686460920243, -32.73757924671378], [151.7683505031447, -32.7374224134536], [151.7681959117471, -32.73736949696558], [151.7677773113991, -32.7372141616396], [151.7674930597834, -32.73713972922866], [151.7672030829959, -32.73708105135501], [151.7666280336663, -32.73700765953714], [151.766052679277, -32.73695681635104], [151.7657702946042, -32.73692282724005], [151.7654775685133, -32.7368876722486], [151.7651879100579, -32.73683135861722], [151.7649032844896, -32.73675900763283], [151.764616824318, -32.73666050317996], [151.7643299300031, -32.73656345547118], [151.7639848443229, -32.73648242935832], [151.7637557044586, -32.73643083136079], [151.7634665822633, -32.73635464520834], [151.7631818941211, -32.73626793593672], [151.7629027929099, -32.73616025628831], [151.7626269138533, -32.73604622351053], [151.7626090058961, -32.73603881406706], [151.7620364781453, -32.73578417577181], [151.7616776498172, -32.73561403723778], [151.7614641364621, -32.73551598347456], [151.7608922512347, -32.73521539751744], [151.7608291289265, -32.73518284387717], [151.7603202042293, -32.73492609446794], [151.7599999855515, -32.73475184053461], [151.7597484670719, -32.73461503024066], [151.7592296127186, -32.73432140959039], [151.7591769017929, -32.73429151112356], [151.7586055858549, -32.73395098562833], [151.7585432261, -32.73391487783749], [151.7585091283221, -32.73389146413416], [151.7580346033196, -32.73358639717156], [151.7579761794601, -32.73354989398388], [151.7578467153143, -32.73346209805982], [151.7574635194777, -32.73322944404168], [151.7572370703475, -32.73311692903695], [151.7570723452841, -32.73303161445818], [151.7568915802746, -32.73293477385454], [151.7567250940328, -32.7328514606034], [151.756320958298, -32.73260253307319], [151.7563201633217, -32.73260209504571], [151.7563197795289, -32.73260190803512], [151.7563192881992, -32.73260166020981], [151.7563188404342, -32.73260132918455], [151.7563172393957, -32.73260023398097], [151.7558947497499, -32.73233182264312], [151.7557494013784, -32.73222326026365], [151.755673126159, -32.73217211352056], [151.7554641169519, -32.73202702641458], [151.7553660239124, -32.73195766487817], [151.7551787625398, -32.73183591701996], [151.7549873569963, -32.73174250073237], [151.7548927002392, -32.73169512978973], [151.7547284751157, -32.73161860306215], [151.754606476261, -32.73156671068807], [151.7545165371353, -32.73152641985405], [151.7543203310029, -32.7314326920058], [151.754033844482, -32.73132258560844], [151.7539910958711, -32.73130979429266], [151.7537470250636, -32.73123712839896], [151.7534599901412, -32.73116719309502], [151.7533443306385, -32.7311345712879], [151.7528870828485, -32.73094394157374], [151.7527700596798, -32.73091792100308], [151.7527280218574, -32.73087442147624], [151.7525916246875, -32.73076371422917], [151.7523530963513, -32.73063163059811], [151.7523163656662, -32.73056302481933], [151.7522475685579, -32.7304468367148], [151.752168338806, -32.73023464443691]], [[151.8541306102017, -32.8315220501604], [151.8535545780589, -32.83147184966879], [151.8529599641282, -32.83139657217976], [151.8524032152141, -32.83131717444337], [151.8514930671035, -32.83117864599376], [151.8512521159097, -32.83114235837047], [151.8509628607735, -32.83107480842989], [151.8506757976305, -32.83099954348069], [151.850102582736, -32.83084631173534], [151.8489534289139, -32.83052155854557], [151.8482080541716, -32.83030284375099], [151.8478044305439, -32.83018533799088], [151.8466559010039, -32.82981371676243], [151.8455084058384, -32.82943235685224], [151.845507508866, -32.82943204588975], [151.8443598355666, -32.82899583169626], [151.8441360036628, -32.82890404579564], [151.8433284344384, -32.82856661595065], [151.8432127338298, -32.8285162284875], [151.8422735617863, -32.82805773314971], [151.8420666694828, -32.82795774251218], [151.8415910718645, -32.82770493473441], [151.8415207228396, -32.82766483267346], [151.8414398578, -32.82762361963506], [151.8409212395857, -32.82735148517941], [151.8406691626952, -32.8272228880441], [151.8403641309613, -32.8270536200223], [151.840009575094, -32.82684467434279], [151.8397762754547, -32.82671065570855], [151.8392353567848, -32.82641469006109], [151.8392037073215, -32.82639728673485], [151.8386312949624, -32.8260723288642], [151.8384815667436, -32.82598489262426], [151.838175908053, -32.82580926504323], [151.83763427119, -32.82549966895084], [151.8374866601813, -32.82540872846647], [151.8370023396831, -32.8251255437778], [151.8369143883464, -32.82507391288851], [151.8363421080423, -32.8247400883352], [151.8362635607336, -32.82469586866432], [151.8357695956605, -32.82442438047161], [151.8354921983035, -32.82426589009532], [151.835197310229, -32.82409161409913], [151.8347636966949, -32.82383630187201], [151.8346250781464, -32.82375507400934], [151.834052783249, -32.82342366847621], [151.8340228312526, -32.82340659828782], [151.8334804337255, -32.82309677028911], [151.8332702950863, -32.82297677959662], [151.8329080991383, -32.82276905321135], [151.8325209184214, -32.82254698393069], [151.8323357814622, -32.82244036589975], [151.831778268271, -32.8221172506079], [151.8317635077708, -32.822108641581], [151.8311912379695, -32.82177695654531], [151.8310529473811, -32.82168767078855], [151.8308275662887, -32.82150271083231], [151.8306208371464, -32.82130294169883], [151.8305847633338, -32.82126049331401], [151.8301865582159, -32.82083396414151], [151.8301036855122, -32.8207565022106], [151.8298241817548, -32.8204922861363], [151.8294823639832, -32.82017879792357], [151.8293976189427, -32.82010664890413], [151.8293225542691, -32.82003953691333], [151.8292601169645, -32.81997969196266], [151.8290941313307, -32.81983414192501], [151.8286263993059, -32.81944550632778], [151.8283420365146, -32.81919802674383], [151.8282468077604, -32.81912459795228], [151.8279252626681, -32.81889307467361], [151.8272757336561, -32.81838158516445], [151.8272003115386, -32.81832555249696], [151.8271744226822, -32.81830726221557], [151.8271491763691, -32.81828763576772], [151.8271264618605, -32.81826849304014], [151.827060483443, -32.81821608146134], [151.8263889061143, -32.81771640071025], [151.826058737037, -32.81744328387214], [151.8260189887184, -32.81741249900193], [151.8256611188789, -32.81715228824186], [151.824935222382, -32.8165567178537], [151.8249174297878, -32.81654246791385], [151.8241907288862, -32.8159733111271], [151.8238737007365, -32.81570113846863], [151.8237763843528, -32.81562348096082], [151.8234306616027, -32.81536343382442], [151.8228036283479, -32.81484546784549], [151.8226352665372, -32.81471179937904], [151.8220116427824, -32.81422342534711], [151.8217370862875, -32.81398982145049], [151.8214942116642, -32.813797019552], [151.8211965779392, -32.81357985301656], [151.8206248425926, -32.81313373559374], [151.8203525736881, -32.81292821854117], [151.8197684432782, -32.81249632626458], [151.8194952568527, -32.8122774765053], [151.8192108702078, -32.81206604588482], [151.8189166842116, -32.81186184641024], [151.8183211553026, -32.81142078721928], [151.8180687324276, -32.81123842795563], [151.8174465708513, -32.81079718891357], [151.8171224346767, -32.81056385450978], [151.8169263650368, -32.81042955427557], [151.8165926163165, -32.8102070722116], [151.8158770277835, -32.80970646894946], [151.8157836978381, -32.80964493126083], [151.8149993830436, -32.80914258967232], [151.8146405837243, -32.80889539452488], [151.8145699169321, -32.8088484879807], [151.8142172485706, -32.80862571102682], [151.8136791931819, -32.80826323687722], [151.813497470278, -32.80814742966044], [151.8134227151003, -32.80810252786659], [151.8133423663293, -32.8080486029242], [151.8132623893164, -32.80799048863156], [151.8129795882406, -32.8077961957996], [151.8125290773597, -32.80749619537505], [151.812354721105, -32.80737334025639], [151.8120138775972, -32.80713303683751], [151.8118561585097, -32.80702401557937], [151.8115759218804, -32.80682140612385], [151.8112123921157, -32.80656917700259], [151.8110768931522, -32.80647903776361], [151.8109372105757, -32.80637903924321], [151.8108019369424, -32.80627591816602], [151.8103632914367, -32.80595740253995], [151.8101601014433, -32.8058137683737], [151.810070291054, -32.8057496283559], [151.8098395476694, -32.80559192767981], [151.8096042553776, -32.80541892552196], [151.8095324316848, -32.80536899723324], [151.8094069637241, -32.80528052675584], [151.8089279446054, -32.80494986924452], [151.8087487985348, -32.80483028919582], [151.8085535652418, -32.80470181771648], [151.8083366897625, -32.80456125451309], [151.8077846173104, -32.8042251101474], [151.8076200233302, -32.80413162647557], [151.807212398423, -32.80390482184032], [151.8068186820723, -32.80370118652081], [151.8066398494393, -32.80360972153454], [151.8063794527177, -32.8034468849869], [151.8061302555691, -32.80327181819547], [151.8060685430881, -32.80322195748266], [151.8056306975238, -32.80284424789886], [151.805498603906, -32.8027319962419], [151.8051325588258, -32.80241668968569], [151.8049286680649, -32.80224260201658], [151.8046345781488, -32.80198913004261], [151.8043586614879, -32.80175860364125], [151.8040870102041, -32.80154104033301], [151.8038412318404, -32.80132780690599], [151.8036299575541, -32.80113392416172], [151.8032187878762, -32.80078209647866], [151.8031295865094, -32.80070633580181], [151.8026487350892, -32.80030309929771], [151.8026200281663, -32.80027865812036], [151.8020785548173, -32.79983406162592], [151.8018990952556, -32.79969219108517], [151.8017352455373, -32.79955187058943], [151.8015931769372, -32.79942322311103], [151.8012104253206, -32.79909757253006], [151.8010471699168, -32.7989549433758], [151.8009386097035, -32.79886637156449], [151.8006068897031, -32.79856816789038], [151.8004608993896, -32.79843050253731], [151.8000477061673, -32.79808617706891], [151.7997990009659, -32.79787582613909], [151.7997282788731, -32.797818997332], [151.7996664099206, -32.79776272605369], [151.7996144777516, -32.79771304657316], [151.7994843840277, -32.79759503687859], [151.7990148150427, -32.79715283278972], [151.7986718648197, -32.79685839529628], [151.798659925542, -32.79684714381574], [151.7983234026608, -32.79650975548782], [151.7977415190969, -32.7960038548315], [151.7975210106933, -32.79580846840787], [151.7970239910544, -32.79533596290395], [151.7968175207836, -32.79514936850626], [151.796382830054, -32.79471742638356], [151.7962207474324, -32.79453931241528], [151.7959855912811, -32.79429576079946], [151.7952468190501, -32.79346736610546], [151.7952309879175, -32.79344878909757], [151.7952258930214, -32.79344284266278], [151.7945558587546, -32.79259078281086], [151.7943215013056, -32.79227827300315], [151.7941140001437, -32.79198313563961], [151.7939473300684, -32.79173931203837], [151.7937574700803, -32.79144808600495], [151.7935545441056, -32.79110318259671], [151.7934318221618, -32.79088873485796], [151.7933532695729, -32.79075027954923], [151.7929864806413, -32.79010936068306], [151.7929576040129, -32.79006022130261], [151.7929459217597, -32.79003844069598], [151.7924987552718, -32.78918851788075], [151.7921330344711, -32.7883393790176], [151.7918682839427, -32.7875498119493], [151.7918480639898, -32.7874910185588], [151.7916229050462, -32.786643234027], [151.7914526105798, -32.78579597945492], [151.7913703722288, -32.78494957238593], [151.7913270982166, -32.78410354319396], [151.7913373920087, -32.78325802984511], [151.791392097215, -32.78241294493375], [151.7914753391467, -32.78172163656637], [151.7914859186301, -32.78156823830307], [151.7915371867379, -32.7811459264567], [151.7915996407536, -32.78072372147244], [151.7917011544959, -32.78030189422998], [151.7918353541219, -32.77988038213675], [151.7919419190686, -32.77945860333801], [151.7919798136747, -32.77929892578072], [151.792037904799, -32.77903672337533], [151.7921268676811, -32.77866557630642], [151.792176385793, -32.77847916913436], [151.7922431194916, -32.77819308881055], [151.7923827670649, -32.77777162845484], [151.7925284658628, -32.7773502262304], [151.7925867794227, -32.77703083953639], [151.7926040258805, -32.77692814773775], [151.7926398051371, -32.77650568572432], [151.7926481826501, -32.77608295956685], [151.7926327082577, -32.77566000546693], [151.7926384081798, -32.77523725344668], [151.7926413551589, -32.774814474864], [151.7926390167809, -32.77478236344137], [151.792613555391, -32.77396859086815], [151.7926673481672, -32.77316510876756], [151.7926673679532, -32.77312349535327], [151.7926465765626, -32.77270048982479], [151.7926453903024, -32.77269093576484], [151.7925926109735, -32.77227716254038], [151.7924763134515, -32.77185323439062], [151.7923368240997, -32.77148299285159], [151.7923206587295, -32.77142892868847], [151.7922236289471, -32.77121658764304], [151.7921142878387, -32.77100412980894], [151.7920923973572, -32.77096664033456], [151.7920059232578, -32.77082410873084], [151.7918948889366, -32.77064248863041], [151.7918527424713, -32.77057879849258], [151.7918103360915, -32.77051655555306], [151.7917102858985, -32.77036602292907], [151.7915613913918, -32.77015318311004], [151.7915277105334, -32.77010843078733], [151.7914035372335, -32.76994025866247], [151.791244648012, -32.76973316671808], [151.7912401172663, -32.7697272763379], [151.7910692036419, -32.76951422348219], [151.7909612402284, -32.76938361122563], [151.790894143004, -32.76930113037236], [151.7907172543524, -32.76908802137001], [151.7906777230775, -32.76904230428221], [151.7905310717135, -32.76887481840822], [151.7903937661968, -32.76873331436747], [151.7902760543035, -32.76862443876331], [151.790111160263, -32.76844795846421], [151.7898252345383, -32.76816177333075], [151.7896847860983, -32.76802103072544], [151.7894171748994, -32.76777921604361], [151.7887591347127, -32.76716647013745], [151.7886870566023, -32.76710257518835], [151.7880759922707, -32.76654121715455], [151.7878381152827, -32.76631194764656], [151.787549105098, -32.76602864890248], [151.7873917825304, -32.76588482312752], [151.7871885725575, -32.76569221447573], [151.7869799695703, -32.76550421507926], [151.786919380437, -32.76545744262694], [151.7864096798248, -32.76506533063969], [151.7863660051955, -32.76502927602183], [151.7861251986528, -32.76481572267704], [151.7858866464338, -32.76460182431907], [151.7858403957893, -32.76455277477442], [151.7855790626528, -32.76427330235344], [151.7854757274068, -32.76417503229942], [151.7852721420151, -32.76396518565537], [151.7852684052689, -32.76396162071563], [151.7850314431963, -32.76374791938053], [151.7850042224823, -32.76372284296093], [151.7849205233033, -32.76364732507403], [151.7847029302179, -32.76344795366725], [151.784654134156, -32.76339413756193], [151.7845849151107, -32.76332077917039], [151.7842076548566, -32.76289431356895], [151.7841353421439, -32.76281244965111], [151.7838119606573, -32.7624676659305], [151.7835672565924, -32.76221376464605], [151.7833950426474, -32.76204081097796], [151.7829985319584, -32.7616626048607], [151.7829489785314, -32.76161367154782], [151.7827190439305, -32.76139636608372], [151.7825017734123, -32.76118651946354], [151.7824691578793, -32.76115688162326], [151.7823148042278, -32.76101397853819], [151.781860553497, -32.76060067539981], [151.7817488470833, -32.76049953899786], [151.7816564654019, -32.76040852734462], [151.7815809880939, -32.76033195413294], [151.7814142744453, -32.76016442000071], [151.7809511770693, -32.75973335220829], [151.7807229001068, -32.75951686379744], [151.7806786430967, -32.75947756161116], [151.780198667174, -32.75905008255546], [151.780153649863, -32.75900677013584], [151.7797592829392, -32.75862300099573], [151.7795850244373, -32.75845169502418], [151.7793033750708, -32.75819574898151], [151.7790157552129, -32.75794395787017], [151.7788215227326, -32.75776824647016], [151.778446731433, -32.7574183699561], [151.7783852280854, -32.75736402331825], [151.7782920165589, -32.75728283451599], [151.7778530531086, -32.75691318950896], [151.7777518841193, -32.75682974812287], [151.7774998316701, -32.75662410597386], [151.7774251586961, -32.75655952618683], [151.777307524017, -32.75645455242943], [151.7768608357327, -32.75605789340034], [151.776821966221, -32.75602641278107], [151.776738169161, -32.75595494101611], [151.776528216666, -32.75579407562088], [151.7763223881558, -32.75562983296703], [151.7762274927638, -32.75554107493934], [151.7761682464881, -32.75549764604943], [151.7757820419264, -32.75520174374799], [151.7757247515335, -32.75515422357716], [151.7755981246917, -32.75505463663973], [151.7752062993454, -32.75477331422684], [151.7750852040443, -32.75468668093356], [151.7750275873417, -32.75464273375621], [151.7748315147378, -32.75447858008476], [151.7747189769639, -32.75438111742403], [151.7746830657745, -32.75434538763284], [151.7744826865116, -32.75413202843231], [151.7744587665143, -32.75410624125431], [151.7742807295375, -32.753918649507], [151.7741748574406, -32.75380124230225], [151.7740890375957, -32.75370536670243], [151.7739106124141, -32.7534922174093], [151.7738913324638, -32.75346869789672], [151.7737313162047, -32.75327906332086], [151.7736077542845, -32.75314018684844], [151.7735372847241, -32.75306576078026], [151.7733342485446, -32.75285236581846], [151.7733237703227, -32.75284073720172], [151.7731438380914, -32.75263910210521], [151.7730400661684, -32.75252170655779], [151.7729598329214, -32.75242589685212], [151.7727900886698, -32.75221283099887], [151.7727568465648, -32.75216749256401], [151.7726657680556, -32.75203429805026], [151.772469346787, -32.75179356130144], [151.7724625487408, -32.75178681565524], [151.772297081075, -32.7515737910399], [151.7721907234336, -32.7514361690429], [151.7721334803315, -32.75136078450322], [151.7719964303171, -32.75114803794736], [151.7719087408351, -32.75099230992674], [151.7718762703416, -32.75093545677692], [151.7717860073906, -32.75074955016186], [151.7716830197629, -32.75051075149196], [151.7716282994834, -32.75043602869869], [151.7713549114706, -32.75008473171772], [151.771345208526, -32.75007331765426], [151.7711972155213, -32.74987178187303], [151.7710624627267, -32.74968563761553], [151.771042903799, -32.74965886502258], [151.7709615354463, -32.74944666340923], [151.7709159624958, -32.74923481282707], [151.7709027019656, -32.74905898835931], [151.7708266785555, -32.74881112985588], [151.7707247440014, -32.74859756339288], [151.7706164494028, -32.74838625638529], [151.7705068722767, -32.74818943785328], [151.7703409899485, -32.74796075048914], [151.7702311125158, -32.74753686499577], [151.770190364604, -32.74711365781945], [151.7699502627921, -32.74676902100515], [151.7698522715008, -32.7466875321997], [151.7696182717712, -32.74652963746763], [151.7693795392945, -32.74637667823913], [151.7691948174718, -32.74625826956765], [151.768926418179, -32.74608106195728], [151.7688093509844, -32.7459454507474], [151.7687129310459, -32.7458307286164], [151.7685525061768, -32.74561774868539], [151.7685263292635, -32.74557953598224], [151.768415303465, -32.74540500074477], [151.7685313542686, -32.74521432062295], [151.7685432297199, -32.74519485021438], [151.7686984149449, -32.74498497133885], [151.7688244175997, -32.74485015894783], [151.7689162234068, -32.74477570743312], [151.7691150654292, -32.74466146816792], [151.7694029117206, -32.74467645425045], [151.7696902489113, -32.74472882861511], [151.7698865278051, -32.74478523521435], [151.7699771447053, -32.74481300412896], [151.7702633787032, -32.74494538752509], [151.7703551181665, -32.74500123752301], [151.7705487933836, -32.74513782192662], [151.7706443055487, -32.74521547837452], [151.7708333425378, -32.74539302710332], [151.7708755206681, -32.74542915398712], [151.7711189091092, -32.74557493534121], [151.7712469662539, -32.74564419623255], [151.7714049864069, -32.74571903583126], [151.7716628729524, -32.7458596771653], [151.7716909166439, -32.74587391949456], [151.7719597141553, -32.7460739900535], [151.7719760602781, -32.7460865484959], [151.7722256588928, -32.74628799956935], [151.7722608941523, -32.74632151300767], [151.7725267108651, -32.74650235239181], [151.7725463048355, -32.74651452836201], [151.7728323833544, -32.7466592708675], [151.7729395429183, -32.74671779904088], [151.7731183146444, -32.74681447791994], [151.7733298054426, -32.74693301944683], [151.7734041820462, -32.74697441917732], [151.7736900402073, -32.74713579748015], [151.7737109091464, -32.74714815700776], [151.7739753806285, -32.74733435690274], [151.7740051961067, -32.74736244014042], [151.7742330791816, -32.74757607309965], [151.7742597900038, -32.74760098751551], [151.774441214171, -32.74778951253455], [151.7745438678442, -32.74789195277566], [151.7746558106945, -32.74800301480207], [151.7748284613053, -32.74814573163155], [151.7749368705913, -32.74821716645431], [151.7751140060984, -32.74832977741283], [151.7752784380322, -32.74843190485745], [151.7753996688282, -32.74850563518891], [151.7756256806647, -32.74864670576687], [151.7756853094509, -32.74868284623608], [151.7759709898866, -32.74885722929918], [151.7759780190755, -32.74886155151626], [151.7762569718222, -32.74901033488197], [151.776319507606, -32.74905312674048], [151.7766072016714, -32.74919553867045], [151.7768255987555, -32.74929263502952], [151.7768292221261, -32.74929442678388], [151.7768363370789, -32.74929799705444], [151.7771152455675, -32.7494443605791], [151.7772395004248, -32.74950807817902], [151.7774012937823, -32.74959220702482], [151.777661405763, -32.74972359805122], [151.7776873776046, -32.74973751616125], [151.777973243638, -32.74989918760866], [151.7780384793722, -32.74993867936701], [151.7782589636638, -32.75007128381191], [151.7783837083188, -32.7501534491318], [151.7785445189602, -32.75025552910125], [151.7787275346479, -32.75036820429159], [151.7788301969213, -32.75043156254162], [151.7790613016421, -32.75058285653637], [151.7791156896913, -32.75062056133191], [151.7793466732948, -32.7507970444658], [151.7794008209349, -32.75083615270006], [151.7796543033185, -32.75101144453527], [151.7796862218675, -32.75103241384187], [151.7798653574152, -32.75115853915406], [151.7802568702335, -32.75143578169485], [151.7802628808001, -32.75144017740189], [151.7807793770387, -32.75186801148033], [151.7808266098006, -32.75190657391147], [151.7813251948836, -32.75229612864507], [151.7813967429603, -32.75234924926195], [151.7819679940899, -32.75270951808494], [151.7819941994138, -32.7527254409116], [151.782539583623, -32.75304560045453], [151.7827215709844, -32.75315531667655], [151.783110757232, -32.75341258228394], [151.7833351073425, -32.75358407907601], [151.7836809976177, -32.75384855747041], [151.7839158637648, -32.75401252836497], [151.7842517801438, -32.75424504249781], [151.7845536347994, -32.75444152009499], [151.784822909294, -32.75461603083039], [151.7852183919396, -32.7548707782139], [151.7853940881589, -32.7549844004252], [151.7858882547498, -32.75530007437982], [151.7859300747864, -32.75532656255797], [151.7859653024343, -32.75534981260836], [151.7865366242046, -32.75570799060381], [151.7865722385319, -32.75572951173643], [151.7871080718428, -32.75605722202636], [151.7872804478425, -32.7561591719226], [151.7876796254968, -32.75639896037137], [151.7880077695241, -32.75658901701638], [151.7882513016189, -32.75673197910891], [151.7887613155385, -32.75701911146041], [151.788823122603, -32.75705461367039], [151.7893951989191, -32.75735868456883], [151.7895802026527, -32.7574498326793], [151.7899675140823, -32.75764538645876], [151.7904657419833, -32.75788119602032], [151.790540034582, -32.75791717238462], [151.7911129436071, -32.75816046693933], [151.7915159152094, -32.75831413322277], [151.7916861629843, -32.75838101645382], [151.7922598791844, -32.75856497869324], [151.7925454826867, -32.75864433938057], [151.792834061099, -32.75871425710915], [151.7930624980773, -32.7587518524146], [151.7934089719712, -32.75881033446581], [151.7936960635706, -32.75883365771756], [151.7939847253986, -32.75884331072655], [151.7942749377812, -32.75883165038454], [151.7945615293539, -32.75879871058521], [151.7946834175621, -32.75876745566609], [151.7952621297341, -32.75860630365764], [151.7957186475006, -32.75844864233028], [151.7959653302482, -32.75832922865357], [151.7962074538876, -32.7582023229412], [151.7966858954284, -32.75794108226899], [151.7968795779917, -32.75781443884836], [151.7978545412426, -32.75710668708382], [151.7980434551679, -32.75695951277561], [151.7990591992942, -32.75627261778499], [151.7992063682148, -32.75617493344299], [151.7994894351177, -32.75602384797173], [151.7997790741661, -32.75588064292424], [151.8000697389986, -32.75573907995073], [151.8003663214648, -32.75560957296045], [151.8006898239958, -32.75552361541429], [151.801018022593, -32.7554457590615], [151.8015225838536, -32.7553183069034], [151.801808920754, -32.75530494698916], [151.802098216539, -32.75530768111958], [151.8023876010311, -32.75531364943674], [151.8026747694548, -32.75533148043405], [151.8029897143333, -32.75539505914048], [151.80330316818, -32.7554676039353], [151.803564277765, -32.75551905733283], [151.8038238898304, -32.75557396089232], [151.8041134630877, -32.75566021134654], [151.8044004931863, -32.75575358193061], [151.8049712713903, -32.75594710036506], [151.8058845023513, -32.75633784825794], [151.8061171019256, -32.75643702083102], [151.8064076380358, -32.7565862624582], [151.8066941805777, -32.75674150722324], [151.8069800403262, -32.75689766087669], [151.8072611832292, -32.75705927314596], [151.8074635152147, -32.75719850441237], [151.8079382204166, -32.75755568237099], [151.8081738976935, -32.75773577019214], [151.8084020749486, -32.75792201129121], [151.8085322079301, -32.75805428935359], [151.8088886371463, -32.75847710192681], [151.8090638137, -32.75869029907381], [151.809233079402, -32.75890657424384], [151.8093886696996, -32.75914409068855], [151.8095349893503, -32.75938602734635], [151.8097296332512, -32.75975690652092], [151.8100866508817, -32.76060591573417], [151.8103714355816, -32.76145423808123], [151.8104326088427, -32.76161998364864], [151.8106148325734, -32.76230216686423], [151.810647262134, -32.76240520183876], [151.8109040905618, -32.76315053038644], [151.8110758662016, -32.76357680754603], [151.8112586999524, -32.76399951329529], [151.8114077046541, -32.76427038004164], [151.811562801073, -32.76456160249143], [151.8117252931089, -32.76484955734793], [151.8117664603897, -32.76490835483821], [151.8119392434138, -32.76511154653741], [151.8121208940049, -32.76530959074125], [151.8124891056164, -32.76570241723579], [151.812740428677, -32.76594654222401], [151.8129032640311, -32.76608995284073], [151.8132501503117, -32.76632942434179], [151.8136073426189, -32.76655862739324], [151.8137738710845, -32.76666084242976], [151.8140458061969, -32.76684106956486], [151.8144566941852, -32.76701785173668], [151.8148762664205, -32.76718329020173], [151.815191989964, -32.76731859344545], [151.8154523108909, -32.76742170322484], [151.8163387583768, -32.76775305893261], [151.8174865822593, -32.76810847035085], [151.8181673473939, -32.76829296316316], [151.8186351408979, -32.76840887645022], [151.8197844207109, -32.76865541613222], [151.8206649921535, -32.76883819517275], [151.8220838827714, -32.76908129147046], [151.8243832343392, -32.76951738338244], [151.8266814138253, -32.77004451996987], [151.8267584785758, -32.77006495239391], [151.8289788749894, -32.77062862913277], [151.8299718883351, -32.77094062707448], [151.8301267626449, -32.77098601324769], [151.8312746890825, -32.77134109921047], [151.8324229121833, -32.77167419866134], [151.8328652746004, -32.77181323681992], [151.8335708121701, -32.77203273450493], [151.834717733452, -32.77246709453226], [151.8350077207514, -32.77257191763294], [151.8352831949164, -32.772681358554], [151.8358647233714, -32.77289702195128], [151.8363766048315, -32.77311432980611], [151.8364378453629, -32.773140969812], [151.8366899509177, -32.77332657001006], [151.8369111827391, -32.77354210226781], [151.8370073429678, -32.77366379816544], [151.8372775875152, -32.77398839469907], [151.837489315204, -32.77421366520304], [151.8376690061449, -32.77439475602927], [151.8380583792651, -32.77478928629853], [151.8381043650277, -32.77483640473565], [151.8381441998307, -32.77487553643277], [151.8383421312171, -32.77506502587005], [151.8385473160056, -32.77524852446851], [151.8386576961844, -32.77533299267213], [151.8388964334771, -32.77552221633624], [151.8392845776875, -32.77581842299162], [151.8394202047708, -32.77590164487975], [151.8397242124389, -32.77610505092537], [151.8404272836422, -32.7765836718176], [151.8410211034856, -32.77696267481969], [151.841570488535, -32.77731190519205], [151.8422764557965, -32.77781990357272], [151.8427120906058, -32.77816542908562], [151.8433572607122, -32.77867550828051], [151.8438526923283, -32.77909793258868], [151.8440832653645, -32.77931156614983], [151.8443073279597, -32.77952989763577], [151.8446513185913, -32.77991753298403], [151.8449897195283, -32.78030898909014], [151.8450540739226, -32.78038240430254], [151.8452813137633, -32.78060015500517], [151.8455169557698, -32.78081201557472], [151.8459872780771, -32.78123662663586], [151.846128741156, -32.78136773408528], [151.8463668420851, -32.78155340817136], [151.8466115694845, -32.78173341262305], [151.8471020538248, -32.78209251257135], [151.8472705185675, -32.78221506837372], [151.847969955663, -32.78268733534821], [151.8487984837537, -32.78322962410766], [151.849556471475, -32.78372829153119], [151.849682930284, -32.78380748131354], [151.8507003578001, -32.78441640847291], [151.8511504252371, -32.7846665707462], [151.8518457753087, -32.78498680864749], [151.8530248748384, -32.78552936971482], [151.8535136921336, -32.78576404499881], [151.8538701390056, -32.78593179749765], [151.8541373188884, -32.786075605424], [151.8547060553716, -32.78638497415074], [151.8551394265967, -32.7866003832803], [151.8555701821783, -32.78681899307207], [151.8559178683466, -32.78703315156639], [151.8562633805846, -32.78725022655408], [151.8564265841495, -32.78734682674741], [151.8575702497936, -32.78806008224626], [151.8576430715663, -32.78810843909838], [151.8581763851025, -32.78847204001602], [151.8587131882604, -32.78883170217642], [151.8589530792659, -32.7889660013181], [151.8598589521381, -32.78938325546835], [151.8603997476318, -32.78962531688398], [151.8608775953429, -32.7898291414279], [151.8610053970789, -32.78988268265135], [151.8612893880257, -32.78998446636314], [151.8615793710067, -32.79007379752534], [151.8618709360979, -32.79013706424757], [151.8621539639597, -32.79021631222832], [151.862240282063, -32.79026433852033], [151.8624725475511, -32.79046851353036], [151.8626818090939, -32.79069115986721], [151.8626919034604, -32.79070308930756], [151.8627236997534, -32.79074076179421], [151.8630396942082, -32.79111721935624], [151.8632914481823, -32.79142194244798], [151.863390428082, -32.79154321343054], [151.8636339710038, -32.7918406577536], [151.8639141348916, -32.79220279207755], [151.8640680701669, -32.79239498232261], [151.8644259388331, -32.79286529997472], [151.8646136966132, -32.79310559242208], [151.8647147556817, -32.79324646709284], [151.8653411346063, -32.79409776445362], [151.8655591588879, -32.79441174789633], [151.865810538044, -32.79476001156047], [151.8659375997078, -32.79494878791547], [151.8664989259262, -32.79579949045524], [151.8665635449884, -32.7958951857521], [151.866690424577, -32.79611528807618], [151.8670140979606, -32.79664977288849], [151.8674938530183, -32.79749973291149], [151.8678176548723, -32.79814035922192], [151.8679266970023, -32.79834926700534], [151.8683300769667, -32.7991985333187], [151.8686699860637, -32.80004722512439], [151.8689359683898, -32.80087368058037], [151.868943152449, -32.80089531263201], [151.8689468201871, -32.80091197379426], [151.869158315984, -32.80175128377556], [151.8692671942791, -32.80217037743154], [151.8693694359498, -32.8025904027578], [151.8694323279843, -32.80301293878625], [151.8694885876242, -32.80343640559357], [151.8695959847347, -32.80428368762904], [151.8696738634195, -32.80597563018745], [151.8696490756594, -32.80651585996145], [151.8696351580838, -32.80707621114635], [151.8696359824912, -32.80737171244789], [151.8696269150753, -32.80766644537334], [151.8695411806146, -32.8080884799918], [151.8694476173018, -32.80851044481238], [151.869456505622, -32.80893333470385], [151.8695589909582, -32.80935706969558], [151.8696434898662, -32.80957122480834], [151.8697406728733, -32.80978151958067], [151.8699711250224, -32.81018343089033], [151.8699842269157, -32.81020652666922], [151.8701284648208, -32.81042192558607], [151.8702839573224, -32.81063204120005], [151.8705378999342, -32.81095520925464], [151.8706181794005, -32.81105786618224], [151.8709859528685, -32.8114839928482], [151.8711061388121, -32.81161234764505], [151.8713827321556, -32.81191037993926], [151.8716751074563, -32.81221202684691], [151.8717958155481, -32.81233691273047], [151.872221713529, -32.81276355961063], [151.8722444195963, -32.81278530091225], [151.8724865704795, -32.81300910255754], [151.8726690799745, -32.81319039838712], [151.872814184131, -32.81332331914416], [151.8731338288482, -32.81361739205454], [151.873384215108, -32.81384076628967], [151.8736157198956, -32.81404453826985], [151.873954571792, -32.814332538955], [151.8741192594871, -32.81447187734773], [151.8745252827981, -32.81479745253563], [151.8747575342961, -32.81497924433592], [151.8751797572512, -32.81532702951557], [151.8756669519122, -32.8157079479148], [151.8760873969479, -32.81602517631882], [151.8762828944092, -32.81618255558789], [151.8768091623576, -32.8165776425077], [151.8770185038576, -32.81672503661792], [151.8774595627613, -32.81703872949095], [151.8779523234573, -32.81737347909683], [151.8784632657959, -32.81770448459133], [151.8787687918505, -32.81789608188245], [151.8790961127613, -32.81812091454896], [151.8793912997263, -32.81831086050153], [151.8800615348332, -32.81875327327947], [151.8801834784724, -32.81883770341216], [151.8802399090364, -32.81886932151156], [151.8803618998559, -32.81893610429694], [151.8811077768875, -32.81938987781433], [151.8813846007311, -32.81954781682123], [151.8814935831108, -32.81961169633433], [151.8817603242921, -32.81975943420446], [151.8822520308734, -32.82005429428489], [151.8825294859231, -32.82021187400102], [151.8826568685852, -32.82027965260136], [151.8830128116588, -32.82047088118463], [151.883411697444, -32.82066896581608], [151.8836740558127, -32.82090288132162], [151.8842105565036, -32.82132718064236], [151.8845109213038, -32.8215834817546], [151.884815625951, -32.82183536610552], [151.8850878735534, -32.82201187367468], [151.8853656127683, -32.82218309068531], [151.8859597462585, -32.82256547345804], [151.8867191354627, -32.82304075553265], [151.8871036415818, -32.82331474548761], [151.8879588330674, -32.82389739676427], [151.8882467414198, -32.8241297873634], [151.8886519429178, -32.82443961209901], [151.8888550702411, -32.82459399097911], [151.8890529127515, -32.82475273154211], [151.889388236355, -32.82507544920139], [151.8896723656438, -32.82533920311971], [151.8899511432925, -32.82560632017947], [151.8902424908421, -32.82595862579262], [151.8905260882296, -32.8263160376377], [151.8906376993235, -32.82645802655344], [151.8909432183665, -32.82688354178271], [151.8910929933566, -32.82709987608092], [151.8912490609998, -32.82730906113437], [151.8913830922216, -32.82751887525319], [151.8915038530021, -32.82773412764277], [151.8916572088668, -32.82810101737755], [151.8916829534891, -32.82815852339991], [151.8920048964894, -32.82849005496593], [151.892146833448, -32.82874348972257], [151.8922626397892, -32.82900927458468], [151.8924275747131, -32.82943601320858], [151.8926038362046, -32.82985791319823], [151.8927852511538, -32.83013761431312], [151.8928777872806, -32.83028314642132], [151.8930199025854, -32.83049791515219], [151.8931700753476, -32.83070854122246], [151.8933521490303, -32.83092514850819], [151.8935269355061, -32.8311345062167], [151.8937255140443, -32.83134489443108], [151.8939143032493, -32.83156073982644], [151.8939208291072, -32.8315701171552], [151.8942145765349, -32.83197098864929], [151.894399224684, -32.83223225991804], [151.8945431026725, -32.83241191458166], [151.8947437726428, -32.83260698208238], [151.894950050762, -32.83279838685087], [151.895020421063, -32.83286659158421], [151.8950576913254, -32.83290184145903], [151.8952375015293, -32.83308062570626], [151.8954085796985, -32.83326517533135], [151.8956264131796, -32.8335458071453], [151.8957447670493, -32.83369095164147], [151.8961049484878, -32.83411693470646], [151.8961948363933, -32.83421418196559], [151.8965035112815, -32.83454326315109], [151.8967640304587, -32.83482091192172], [151.8969048421632, -32.8349696067794], [151.8973050305029, -32.83539594703745], [151.8973332207173, -32.83542818891419], [151.8976869438532, -32.83582211710416], [151.8979020193098, -32.83606854865326], [151.8980640964093, -32.83624825206755], [151.8982530361912, -32.83645777966461], [151.8984290586718, -32.83667427462211], [151.8984704150546, -32.83674179988486], [151.8985830845561, -32.83696020230713], [151.8987012072645, -32.83717601205274], [151.8988667128076, -32.83737560263734], [151.8990314115051, -32.83752519432704], [151.8992422720783, -32.83781483927532], [151.8993467900851, -32.83804643189916], [151.899516829823, -32.83837508292652], [151.8996005279809, -32.83863127295547], [151.8997298486743, -32.83902582676063], [151.8998140457078, -32.83922331519614], [151.8999806791439, -32.83965210991983], [151.9001684320704, -32.84007204520691], [151.9002927678414, -32.8402349533211], [151.900409822893, -32.84054184964373], [151.9005307484256, -32.84084904671283], [151.9005748579128, -32.84092123537852], [151.9005815334331, -32.84094766783733], [151.900627615927, -32.84106303495071], [151.9006633251696, -32.84109868765745], [151.9007224686793, -32.84118789921575], [151.9008951256992, -32.84147732525901], [151.9010512747178, -32.84177103890431], [151.901078814218, -32.84184907990294], [151.9012674492726, -32.84218862137095], [151.9012677907305, -32.84219575350488], [151.9012661743466, -32.84220325874901], [151.9012679758013, -32.84222285379565], [151.9012859800383, -32.84226187958814], [151.9013969171967, -32.84261969256045], [151.9013473548617, -32.8428306620894], [151.9012782293722, -32.84289092361087], [151.9009888737759, -32.84297048712699], [151.9007006755622, -32.8429557445171], [151.9004129237076, -32.84290519621777], [151.9001253991804, -32.84283624495015], [151.9000728351116, -32.84281946558116], [151.8998381474563, -32.84274445432919], [151.8995509848488, -32.84264625557643], [151.899434792515, -32.84260245096544], [151.8992639467673, -32.84253802073454], [151.8989769695918, -32.84242452853738], [151.8988866919016, -32.84238622460322], [151.8986900982555, -32.8423029078283], [151.8984032419343, -32.84218013557853], [151.8983819899627, -32.84217038191531], [151.8981164920194, -32.84204843427932], [151.8979121006779, -32.84195483982279], [151.8978297433564, -32.84191708281929], [151.8975430424217, -32.84178193955535], [151.8974545923244, -32.84173940110355], [151.897256365635, -32.84164415130653], [151.8970055492439, -32.84152403932484], [151.8969696926795, -32.84150688816817], [151.8966830670819, -32.84136586905089], [151.8965678018765, -32.84130877554861], [151.8963964462679, -32.84122415633635], [151.896131504895, -32.84109352306285], [151.8961098259131, -32.84108286116754], [151.8960681718434, -32.84106224141027], [151.8957964306877, -32.84091883450498], [151.8957060553439, -32.84087836479915], [151.8955366854871, -32.84079201351864], [151.8952842732402, -32.84066324146988], [151.8952501280594, -32.84064586198315], [151.8949635941348, -32.84049788988813], [151.8946910638958, -32.84035638536085], [151.8943075348052, -32.84014314195105], [151.8940951872943, -32.84004466784273], [151.8940431158931, -32.84001806089009], [151.8938175526164, -32.83989803832424], [151.8937176418352, -32.83984066374217], [151.893244505495, -32.83960127470505], [151.8932195527998, -32.8395879706726], [151.8928222099047, -32.83936235761644], [151.8926716222683, -32.83929123941863], [151.8924177350251, -32.83915807156154], [151.8921987620536, -32.83903198294553], [151.8917667922796, -32.83879676430684], [151.8916626018345, -32.83874761840599], [151.8915257417503, -32.838681312105], [151.8910446144472, -32.83843598942053], [151.8909049524688, -32.83836934298728], [151.8907831637081, -32.83829797594404], [151.8903796849089, -32.83808682196434], [151.8901132868505, -32.8379674224289], [151.889233585219, -32.83749700479439], [151.8891135188876, -32.83743754791141], [151.8883291378967, -32.83707324220831], [151.8880865684463, -32.83698197315402], [151.8876738693421, -32.83681660594681], [151.8874192155315, -32.83671466992223], [151.887067449377, -32.83657374690256], [151.8869390301554, -32.83650980079307], [151.8863665319841, -32.83617266569087], [151.8863115632224, -32.83614421762508], [151.8857934979894, -32.83587839356437], [151.8854661396509, -32.83571387850441], [151.8853100957546, -32.83564620777446], [151.8852201987722, -32.83560564723689], [151.8848250921405, -32.83543099628957], [151.884646484365, -32.83536638556336], [151.8843590247648, -32.83529482216784], [151.884308222207, -32.83528075623559], [151.884071720469, -32.83521125947266], [151.8837846463673, -32.83510934567221], [151.8837177699714, -32.83506408661805], [151.8834985959157, -32.83492532798414], [151.8833687633518, -32.83484956475957], [151.882925673591, -32.83462354436142], [151.8824452949276, -32.83441851706965], [151.8823720506739, -32.83438834683886], [151.8823520073039, -32.83438182332429], [151.8823175803399, -32.83436662039139], [151.8819381262086, -32.83417896909697], [151.8817793751332, -32.83405710842288], [151.8816867140614, -32.83398892817797], [151.881493607634, -32.8338515022445], [151.8813572967877, -32.83377458380301], [151.8812072161718, -32.8336957498841], [151.8809455508712, -32.83355949846629], [151.8809207481087, -32.83354580703065], [151.8806345214107, -32.83337708303736], [151.8805687786686, -32.83334472063484], [151.8803479225592, -32.83323771988063], [151.8800606127193, -32.8331554344561], [151.8799918816363, -32.83312815886507], [151.8797326243848, -32.83303521898085], [151.8794865423592, -32.83294688507266], [151.8792180505072, -32.83279753343095], [151.8790412925109, -32.83269683967814], [151.8789138565204, -32.83262838576928], [151.8786272847291, -32.83248765287908], [151.8786153641228, -32.832481615755], [151.8783409338077, -32.83232905072828], [151.8782385738203, -32.8322668388098], [151.8781116204977, -32.83218186000875], [151.8779317415832, -32.83208232757755], [151.8777683528067, -32.83200286048572], [151.8774411081449, -32.83183687997638], [151.8771954189051, -32.83170504157408], [151.8766977055333, -32.83140740135917], [151.8766230031997, -32.8313663776575], [151.8760499775129, -32.83107647443978], [151.8758482944133, -32.83097696627772], [151.8754769102343, -32.83079016865975], [151.8750186692176, -32.83054670335235], [151.8749040929763, -32.83048433114078], [151.8743313619867, -32.83017234244812], [151.8742269657209, -32.83011677609278], [151.8737584463472, -32.82987455198116], [151.8734115044988, -32.82968663005391], [151.8731856663879, -32.82956707012289], [151.8726124408556, -32.82929478915543], [151.87252511139, -32.82925583981825], [151.8720389565785, -32.82904325337842], [151.8715406050198, -32.82882415882517], [151.8714918680408, -32.82880425571187], [151.8714654678766, -32.82879232432151], [151.8708918046746, -32.82855562742395], [151.8704880181482, -32.82839185380635], [151.8703181004615, -32.82832204007929], [151.8697443162316, -32.82809538137371], [151.8693854119039, -32.82795909220539], [151.8691704893672, -32.82787231808754], [151.8685963801819, -32.82767137580458], [151.868069970837, -32.82752439438445], [151.8680217627815, -32.82751088304104], [151.8677362097582, -32.82745609234792], [151.8674462939088, -32.82741763659067], [151.8671584110211, -32.82739686004243], [151.866870028162, -32.82738723398666], [151.8665815552135, -32.82739881655243], [151.8662930018393, -32.82741690951877], [151.8660025540936, -32.8274372548176], [151.8657156278128, -32.8274735384403], [151.8656852397083, -32.82748058930133], [151.8655860139539, -32.827501905764], [151.8651373497731, -32.82760155712793], [151.8648858956593, -32.82767920462902], [151.8644914209405, -32.82781722497117], [151.8642743685747, -32.82791281890491], [151.8639784418957, -32.82804154990197], [151.8633984026342, -32.82830734539834], [151.8633534814381, -32.82832726537396], [151.8628185261701, -32.82855991293798], [151.8623327686494, -32.82874080158416], [151.86201771739, -32.82886861123961], [151.8618106170192, -32.82895670218619], [151.8616592216156, -32.82902914145683], [151.8613542083309, -32.82917641674533], [151.860859435545, -32.8294130137561], [151.8605250440472, -32.82956997245435], [151.8604988312387, -32.82958262195524], [151.8601576563276, -32.82974076847131], [151.8596326543986, -32.82997895313139], [151.8593387716263, -32.83010892820539], [151.8591817311794, -32.83017429538177], [151.8589571624831, -32.83026212271568], [151.8586276981723, -32.83039829940606], [151.8581792797251, -32.83059000067658], [151.8576144616341, -32.83081186257954], [151.8575996900556, -32.8308178770958], [151.8573086489906, -32.83093069171719], [151.8570200810206, -32.83104703703066], [151.8566787345376, -32.83122612548664], [151.8565041234601, -32.83131866623955], [151.8562383132587, -32.83136943875564], [151.8558615439548, -32.83145156807302], [151.855574044382, -32.83148821723967], [151.8552840723823, -32.83151349232969], [151.8547070771422, -32.83153843856559], [151.8541306102017, -32.8315220501604]]]}}, {"type": "Feature", "properties": {"base": "HMAS Albatross", "anef_band": "20-25", "anef_min": 20}, "geometry": {"type": "Polygon", "coordinates": [[[150.5645348446058, -34.92728352985392], [150.5646038015446, -34.92711609148819], [150.5646533413892, -34.92699352948796], [150.564735478342, -34.92674783875168], [150.5647887676644, -34.92659807376106], [150.5648748607432, -34.92633893662327], [150.5649609290811, -34.92607979890761], [150.5649822409962, -34.92601731305524], [150.5650520394535, -34.92582076220896], [150.5651389373168, -34.92556164295064], [150.5652209297094, -34.92530242326438], [150.5652866877555, -34.9250428780212], [150.5653129091708, -34.9247825380798], [150.5652000837714, -34.92451941236106], [150.56502974072, -34.92441038926546], [150.5647160937016, -34.92430619845891], [150.5645198282948, -34.9242449079893], [150.5644021934045, -34.92421051995291], [150.5640906438921, -34.92403544772753], [150.5640148840629, -34.92397391661916], [150.5637822295813, -34.92375448566867], [150.563728030507, -34.92370730062339], [150.5634732742501, -34.92349172261282], [150.5634194585931, -34.92344024623156], [150.5631657861852, -34.92317950314293], [150.5629449336657, -34.92290899532401], [150.5625543699601, -34.92243505481815], [150.5625212826877, -34.92239290634535], [150.5625113407176, -34.92237856620392], [150.5624891224242, -34.9223502172149], [150.5621983375547, -34.92200245077862], [150.562077171186, -34.92184812603108], [150.5619432224966, -34.92168180616892], [150.5618645874893, -34.92158299476068], [150.5616580786891, -34.92131798311652], [150.5616380433124, -34.9212919884709], [150.5614530780268, -34.92105300341433], [150.5613329641507, -34.92089880457718], [150.561243941939, -34.92078794033955], [150.5610324623167, -34.92052282985799], [150.5610275577515, -34.92051685221935], [150.5608042078871, -34.92025738211049], [150.5607213476039, -34.9201622227929], [150.5605641582151, -34.91999169902084], [150.5604143674094, -34.91983352379526], [150.5603023643249, -34.91972557667486], [150.5601061618438, -34.91954636739251], [150.5599982036103, -34.91945860060554], [150.5597965627694, -34.91930641638601], [150.5596231474475, -34.91919020123055], [150.5594858299735, -34.91910463833432], [150.5591744158125, -34.91892599418657], [150.5591635576743, -34.91892010181687], [150.5588623626422, -34.91876896425424], [150.5586268197226, -34.91864844988515], [150.5585503033857, -34.9186122618064], [150.5582379408429, -34.91846567080654], [150.5580534622593, -34.91837606133379], [150.5579255991353, -34.91831849630665], [150.5576127794477, -34.91818752580343], [150.5574068073032, -34.91810219399736], [150.5572998210787, -34.91806122677269], [150.557215922309, -34.91802844592917], [150.5569865212279, -34.91794643754571], [150.5566732751244, -34.9178299469624], [150.5566628743592, -34.91782636427581], [150.5563594691882, -34.91773232363226], [150.5560453988926, -34.9176435984686], [150.5557309712557, -34.91756698381931], [150.5556141762657, -34.91754439850178], [150.5554159476837, -34.9175105173797], [150.5551004576831, -34.91746974564018], [150.5547847208247, -34.91743726339041], [150.5544688391493, -34.91740975098543], [150.5541528496103, -34.91738583988712], [150.5538368439262, -34.91736243913829], [150.5535208294211, -34.91733942349174], [150.5532046041485, -34.9173234720767], [150.5528882318829, -34.91731243471583], [150.5525716851396, -34.91730731593879], [150.5522549783262, -34.91730762842747], [150.5519380184439, -34.91731641931239], [150.5516207854768, -34.917334358907], [150.5513032815478, -34.91736145322631], [150.5509852103186, -34.91740766930093], [150.5507854123684, -34.91744711471995], [150.5506665254445, -34.91747443716241], [150.5503484242491, -34.91752163610681], [150.5500288016399, -34.91761995232224], [150.5498105781267, -34.91768831457034], [150.5497090403584, -34.91772286628856], [150.5493890231041, -34.91783444165304], [150.5490977778561, -34.91793479674413], [150.5490690278228, -34.91794516875467], [150.5487487510908, -34.91806536876027], [150.548428595454, -34.91818150829329], [150.5484268919621, -34.91818211873635], [150.548108221106, -34.91830488696019], [150.5477878685394, -34.91842756264646], [150.5477817416254, -34.91842995457478], [150.5474672948606, -34.91855759483866], [150.547177526298, -34.91867861563873], [150.5471465867047, -34.91869215120744], [150.5468256033416, -34.9188358959758], [150.5466287237506, -34.91892839302557], [150.5465042980567, -34.91899041440149], [150.5461826812619, -34.91915535243896], [150.5461368255685, -34.91917931763635], [150.5458607489111, -34.91933082143998], [150.5456829488289, -34.91943101055938], [150.5455385503769, -34.91951522027938], [150.545374989822, -34.91961956770137], [150.5451168446862, -34.91978138725682], [150.5448935153995, -34.91990524005712], [150.5448389758951, -34.91993567454898], [150.5445713637871, -34.92008787582245], [150.5443766525552, -34.92018718962947], [150.5442498787486, -34.9202481202351], [150.5438592141345, -34.92043758821598], [150.5437560872399, -34.92049605100215], [150.5436724097389, -34.92054032871101], [150.5436068521873, -34.92057039846998], [150.5434747596096, -34.92064380682797], [150.543127131959, -34.92081628064841], [150.5429963835056, -34.9209418594499], [150.54296119388, -34.92098071509014], [150.5428518346487, -34.92111297376692], [150.5427316155585, -34.92128813671997], [150.5426078267456, -34.9214557241632], [150.5425439408843, -34.92155045559031], [150.5423016636418, -34.92185584804901], [150.5422158534921, -34.92196951436279], [150.5419772981717, -34.922228199301], [150.5417297182723, -34.92248139910328], [150.5416781297064, -34.9225297859108], [150.5416472938782, -34.92255757010093], [150.5411576132532, -34.92299154308608], [150.5411066149636, -34.92303457196766], [150.5409968723075, -34.92312661662862], [150.5405690265559, -34.92350134640492], [150.5404236852117, -34.92362202129908], [150.5403468187752, -34.92368304092861], [150.5399497694373, -34.92401052736051], [150.5398693202108, -34.92407797613589], [150.5396974792387, -34.92421526496867], [150.5393097493754, -34.92451928622711], [150.5391369738114, -34.92465771159999], [150.5390488350595, -34.92472391531618], [150.5386847603522, -34.9250283441728], [150.5385967193037, -34.92510593555591], [150.5383993088848, -34.92526182220269], [150.5380396636363, -34.92553698904601], [150.5378457002849, -34.92568544150294], [150.53775096397, -34.92575991315312], [150.5374064841146, -34.92604587394345], [150.5373123785541, -34.92612875872862], [150.5371019718137, -34.9262793920841], [150.5367443727164, -34.92655416845906], [150.5365555994282, -34.92671527033002], [150.5364531308508, -34.92679353661219], [150.5361243181135, -34.92706331447829], [150.5360252474843, -34.92715035850648], [150.5358038152737, -34.92732326117863], [150.5354972334005, -34.92757231046403], [150.5352739046823, -34.9277598852907], [150.5351546247487, -34.92784854441163], [150.5348667737599, -34.92808123847573], [150.5347553013149, -34.92817947536594], [150.5345056140778, -34.92836752857215], [150.534219674165, -34.92858982113074], [150.5339801518459, -34.92878338949947], [150.5338571743988, -34.92886715586059], [150.5335496365055, -34.92909793620771], [150.5334402230648, -34.92918884784643], [150.5332093217061, -34.92934692906152], [150.5328282153475, -34.92960500537197], [150.5326443745508, -34.92973322513825], [150.5325629596786, -34.92977670090124], [150.5323846922553, -34.92988431139844], [150.5321726568833, -34.93000343536301], [150.5319590672767, -34.93010906355897], [150.5319189309204, -34.93012835490146], [150.5315974657033, -34.93028580018103], [150.5314952851717, -34.93036049943839], [150.5312712880459, -34.93060043527294], [150.5312515725983, -34.93061640592725], [150.5309476554273, -34.93083007342011], [150.5309099303615, -34.93087031863615], [150.5308038805006, -34.93101518911925], [150.530737730291, -34.93112768010963], [150.5306167356674, -34.93130266490073], [150.5305545523169, -34.931384816057], [150.530326302227, -34.93164103299063], [150.5302886965567, -34.93167910711111], [150.5300920362729, -34.93189712907906], [150.529963629305, -34.93195632112821], [150.5296445491747, -34.93203391043835], [150.5294798566507, -34.93214553820053], [150.5294111319533, -34.93221730107081], [150.5290469306735, -34.93257271169853], [150.5287711706859, -34.93284146721652], [150.528667147849, -34.93293830635173], [150.5286113377664, -34.93299285156263], [150.5285761156487, -34.93302493533048], [150.5284956177962, -34.93310032199821], [150.5284205509862, -34.93316742445444], [150.5282432638529, -34.93333347211939], [150.5276247715959, -34.93388126757401], [150.5273647602194, -34.93411596741282], [150.527282333426, -34.93418769276036], [150.5270079851276, -34.93441747157829], [150.5261382896798, -34.93517798773678], [150.5261058637184, -34.93520717125273], [150.5260984601432, -34.93521396622799], [150.5260934319936, -34.93521879751074], [150.52607909368, -34.93523114021104], [150.5260729824681, -34.93523586284914], [150.5260638474319, -34.93524321662528], [150.5260168429107, -34.93528091273356], [150.5251329136047, -34.93600472032097], [150.5248859731133, -34.93622575243137], [150.5247639870638, -34.93633433220987], [150.5243141279482, -34.93673581597358], [150.524113406085, -34.93690107682801], [150.5236913791857, -34.93724483647304], [150.5234638284386, -34.93743412108404], [150.5230710923255, -34.93775390577878], [150.5228144211974, -34.93796129800086], [150.5224288847035, -34.93826252340961], [150.5221655628515, -34.93846987598056], [150.521782222543, -34.93877104551734], [150.5215165999673, -34.93898173695311], [150.5211398891522, -34.93927965333864], [150.5208675384885, -34.93949652082108], [150.5204983762794, -34.93978827529781], [150.5202184840052, -34.94001083941708], [150.5200259614827, -34.94014514270731], [150.5198530078014, -34.94029681390327], [150.5195695619391, -34.94052053030595], [150.5191999165717, -34.94080519106603], [150.5189209690344, -34.94101894923784], [150.5185227271487, -34.94131307196506], [150.5182729491776, -34.94149817522668], [150.5178142206162, -34.94182030810236], [150.5176257103968, -34.94195116574974], [150.5170772382013, -34.94232695801406], [150.5170231457142, -34.94236158583794], [150.5169787459653, -34.94239490229626], [150.5163970776491, -34.94283476561537], [150.5163302789316, -34.94288808885921], [150.5160871365466, -34.94311452476364], [150.5158496581419, -34.94334528581419], [150.515677541041, -34.94352269064029], [150.5154024647836, -34.9438578535549], [150.5150306655358, -34.94437196370018], [150.5150177205358, -34.94439148556228], [150.5147067925603, -34.94488705319043], [150.5143784780626, -34.94540205050396], [150.5143525733962, -34.94543611503184], [150.5139588976811, -34.94591517843457], [150.5138008152327, -34.94607869402881], [150.5136964232398, -34.94618247579456], [150.5134408369686, -34.94642628747499], [150.513370407116, -34.94648723180876], [150.5131399774862, -34.94668098425467], [150.5130444473201, -34.94679012221582], [150.5129158418993, -34.9469372519398], [150.5128737090195, -34.94719724810625], [150.5129627252189, -34.94745993119147], [150.5130200884633, -34.94759628274795], [150.5130574143328, -34.94768967409993], [150.5130753305765, -34.94774772360586], [150.5131529628131, -34.94798554697121], [150.5131979759817, -34.94816699427815], [150.5132309403563, -34.94834411146167], [150.5132709152887, -34.94850968176701], [150.5133050417114, -34.948770665746], [150.5133301450446, -34.94903261359525], [150.5133591942305, -34.94955492731805], [150.5133731867571, -34.95007693246646], [150.5133885199565, -34.9505989649162], [150.5134133540614, -34.95112119206971], [150.5134658336599, -34.95164398571148], [150.5135227252196, -34.95193197832606], [150.5135667049329, -34.95214698984489], [150.5135719935663, -34.95216787831873], [150.5135798690034, -34.95219483415491], [150.5137045902202, -34.95260902277164], [150.5137323879826, -34.95269288188018], [150.5139427131039, -34.95321890830604], [150.5141076267031, -34.95354588425425], [150.5142107994666, -34.95374611621992], [150.5144994546756, -34.95427374572472], [150.5147091208895, -34.95461129913031], [150.5148242973486, -34.95480211495203], [150.51518707002, -34.95533125979142], [150.5153160286983, -34.95549785198915], [150.5155923490528, -34.95586127308542], [150.5159271976619, -34.95624360209609], [150.5160587180242, -34.95639253569396], [150.5165406988638, -34.95691260270956], [150.5165514693899, -34.95692433636202], [150.5169962209579, -34.95745515327189], [150.5171519770753, -34.95765547036564], [150.5174186829746, -34.95798551375782], [150.517588213917, -34.95820310535794], [150.517762683246, -34.95841773381153], [150.5178624575456, -34.95851630767419], [150.5183803253485, -34.95895034286571], [150.518465464167, -34.95901451200302], [150.5185169327488, -34.95905140668509], [150.5190005463692, -34.95939773752224], [150.519078326803, -34.95945375125945], [150.5192519522358, -34.95958814944777], [150.5196197043349, -34.95988061353955], [150.5198158127413, -34.96003870395685], [150.5199060886357, -34.96012323631396], [150.5201710641512, -34.96036157401403], [150.5202134841272, -34.96040036687663], [150.5202371066235, -34.96042197344667], [150.5204903076932, -34.96065688958851], [150.5205452852665, -34.96071008918], [150.5207686029556, -34.9609234335515], [150.5208532383176, -34.96100580111903], [150.5209574761193, -34.96109999869986], [150.5210617463201, -34.96119028113964], [150.5211621495545, -34.96126970660015], [150.5214734804766, -34.96145340694937], [150.5214891723595, -34.96145986912194], [150.5217870606523, -34.96156253091124], [150.5221018448401, -34.96163167165645], [150.5224172962703, -34.96167863647844], [150.5227329603285, -34.96171859335573], [150.5229777267388, -34.96175111409207], [150.523048571053, -34.96176033254], [150.5233640802653, -34.96180549496535], [150.5236795284899, -34.9618526156886], [150.5239948994913, -34.96190239491199], [150.5243103301109, -34.96195012662253], [150.5246255297071, -34.96200558872073], [150.5248646111247, -34.96205046630661], [150.5249406511191, -34.96206370433612], [150.5252558391895, -34.96211953972801], [150.5255710067806, -34.96217615106593], [150.5258861021935, -34.96223513742217], [150.5262012608734, -34.96229199573241], [150.526485477586, -34.96234436765661], [150.5265164126072, -34.96234918047298], [150.5268116362292, -34.96238488510335], [150.5268564269975, -34.96239216241713], [150.5271477313703, -34.96242974175129], [150.5273923668127, -34.9624793239243], [150.5275488865382, -34.96250871530873], [150.5277783335914, -34.96253416957995], [150.5279807982834, -34.96256182933854], [150.5282233509674, -34.96259370439037], [150.52840972688, -34.96261234556886], [150.5285793531172, -34.96262864826093], [150.5288911385894, -34.96266697978518], [150.5290413557423, -34.96268272248682], [150.5291764917371, -34.96269766046294], [150.5295635816703, -34.96274841257565], [150.5296727497679, -34.96276095862856], [150.5297700336141, -34.96277224473891], [150.5302388477245, -34.96283478902637], [150.5303040486372, -34.96284242763051], [150.5303620510251, -34.96284919032644], [150.530914045924, -34.962921040955], [150.5309353597512, -34.96292349358578], [150.5309543802729, -34.96292565277889], [150.5309948137796, -34.96293330365268], [150.531226164112, -34.96296260338653], [150.5315667117102, -34.96300328338037], [150.5318823274984, -34.96304519090415], [150.5321979020966, -34.96308848295934], [150.5325144215365, -34.96310027851365], [150.5328311629548, -34.96310468713131], [150.5331569052261, -34.96312834501435], [150.5334635257638, -34.9631508631378], [150.5340953608556, -34.96321468024638], [150.5347278123804, -34.96325794976696], [150.5350438023364, -34.96329353183233], [150.5353596691598, -34.96332110498292], [150.535677243184, -34.96329477440167], [150.5359950468869, -34.96326674800429], [150.5362743086713, -34.96328100951166], [150.536553779432, -34.96330125618408], [150.5366276558384, -34.96330482038019], [150.5369438029295, -34.9633291251846], [150.5371021857212, -34.96334283740759], [150.5372598777565, -34.96335585078526], [150.5375759725899, -34.96338191322582], [150.5378931201845, -34.96337280834933], [150.5379323979732, -34.96337588586056], [150.5385257656511, -34.96340973517135], [150.5389613529835, -34.96346147776524], [150.539157378513, -34.96348119076526], [150.5394731675325, -34.9635175284717], [150.5397890839686, -34.963549605921], [150.5401049726559, -34.96358262036614], [150.5404208183202, -34.96361708298787], [150.5407365705811, -34.96365467946492], [150.5409148525804, -34.96368100183287], [150.5410432215701, -34.96369829124569], [150.5410621667182, -34.96370060256606], [150.5413816491358, -34.96373572945726], [150.5416837488975, -34.9637701472036], [150.5422460917811, -34.96382294364122], [150.5423939948316, -34.96384035251759], [150.5429471739428, -34.96390683889666], [150.5431966930563, -34.96394523864353], [150.5434382899151, -34.96396413170743], [150.5439145562707, -34.96401914778124], [150.5440680098844, -34.96403118490537], [150.5442106454093, -34.96404215016355], [150.5448428531406, -34.96409403951299], [150.5452379618581, -34.96412719319443], [150.5454751060491, -34.96414442487202], [150.5457923196146, -34.96413322291289], [150.5459095227613, -34.9640429503246], [150.546116189292, -34.96389885992409], [150.5463953021757, -34.96379191019224], [150.5464368509764, -34.96377202500975], [150.5467537787841, -34.96377031400436], [150.5470704078076, -34.96377868351942], [150.5473883894545, -34.963741610157], [150.5477049490488, -34.96375226833845], [150.5480213321987, -34.96376888977619], [150.5483378600501, -34.96378058058338], [150.5486543649433, -34.96379308607982], [150.5489709222456, -34.96380387724315], [150.5492870130539, -34.96383028929949], [150.5496037601813, -34.96383467713883], [150.5499205006791, -34.96383924911464], [150.5502372365027, -34.96384406098599], [150.5505540854922, -34.96384503419205], [150.5508711149273, -34.96383994802346], [150.5511881741978, -34.96383381875785], [150.5515052946513, -34.96382567379703], [150.5518225327681, -34.96381361464], [150.5521399249246, -34.96379633642727], [150.5524574326212, -34.96377513102647], [150.5527751656721, -34.9637464272152], [150.5530930571877, -34.96371234919701], [150.5534110363797, -34.96367527483363], [150.5534289232128, -34.96367302819164], [150.5537292657356, -34.96362986070847], [150.5540475303732, -34.96358320852244], [150.5543657858875, -34.9635368518546], [150.5546839846031, -34.96349235405796], [150.554959754605, -34.96344301333585], [150.5550025889584, -34.96343427935858], [150.555321336859, -34.96337131973092], [150.5556399339647, -34.96331337853519], [150.5559584868342, -34.96325699293732], [150.5562257372319, -34.96320764592861], [150.5562771473675, -34.96319692874971], [150.5565961604419, -34.96312494045759], [150.5567566703896, -34.96308712423752], [150.5569154048612, -34.96304518516041], [150.5571832011511, -34.96296605841906], [150.5572351330994, -34.96294919857911], [150.5575554337029, -34.96283382896883], [150.5578480948448, -34.96271857608275], [150.5578760813997, -34.96270665652645], [150.5581973624826, -34.96255819464437], [150.5583844719005, -34.96246850391117], [150.5585188176492, -34.96240391001743], [150.5588404632418, -34.96224300489354], [150.5588873440487, -34.96221775745033], [150.5591625092763, -34.96206864310881], [150.5593528966382, -34.96196625744619], [150.559484588818, -34.96189318748526], [150.5598067542768, -34.96171470755667], [150.5598070691088, -34.96171452581297], [150.5601293496882, -34.96152160229866], [150.5602278703042, -34.96146212264387], [150.5604524135942, -34.96131281069313], [150.5606037202529, -34.96120881557272], [150.5607763456244, -34.96107460326664], [150.5609237663971, -34.96095438497105], [150.5611016444193, -34.96079014778036], [150.5612000411799, -34.960699074037], [150.5614280357042, -34.96046892209762], [150.5614533810825, -34.96044330068543], [150.5616817543026, -34.96018702722529], [150.5617556689671, -34.96010562128453], [150.5619149992854, -34.95993084916518], [150.5620830455761, -34.95975079966018], [150.5624249828949, -34.95941936797311], [150.5627348649228, -34.95914014394867], [150.5629624930087, -34.95890843612017], [150.563112292772, -34.95876070713274], [150.5632550462643, -34.95860012595], [150.5633878198478, -34.95849064818793], [150.5634993851675, -34.95839748831116], [150.5637133301852, -34.95819854996438], [150.5637664817658, -34.95814198785177], [150.5639766175043, -34.95788534169048], [150.5640421530013, -34.9577944095538], [150.5641558466732, -34.95762807642927], [150.5643191051628, -34.95737048942487], [150.5643743665288, -34.95727553368221], [150.564482493017, -34.95711290575696], [150.5646359768417, -34.956855122148], [150.5647097502692, -34.95664956379449], [150.5647276790091, -34.95659609988144], [150.5648162543481, -34.9563370143016], [150.5649101417288, -34.95607803470017], [150.5650168280275, -34.95581931273085], [150.5650323862706, -34.95578712396718], [150.5651599508928, -34.9555435806422], [150.5652955029865, -34.95530317721153], [150.5653872745741, -34.95516855165027], [150.5656243669716, -34.95478804693596], [150.5660057890154, -34.95427397046353], [150.5660491484663, -34.95421569832911], [150.5663438558604, -34.95375902250316], [150.5666595185429, -34.95324362488418], [150.5667138454882, -34.95316691421135], [150.5668751186677, -34.95294652604406], [150.567042383315, -34.95272957342945], [150.5673703136838, -34.95239598708991], [150.5675479550135, -34.95221797889667], [150.5680220276994, -34.95178542553765], [150.5681024211723, -34.95170736208252], [150.5681696061264, -34.95164960457873], [150.5684773261305, -34.9513755952064], [150.5686721380468, -34.95122873014327], [150.5687125041361, -34.95119785604487], [150.5689966582898, -34.95096850106887], [150.5690281420636, -34.95094331405579], [150.5692170315773, -34.95068623323726], [150.5692082708042, -34.95042519473998], [150.5690360133278, -34.9501608825085], [150.5690209487688, -34.95014617271733], [150.5687673753968, -34.94989463987389], [150.5687130353792, -34.94984437363524], [150.5684794639104, -34.94962801067072], [150.5684332574572, -34.94957899170532], [150.5682899183554, -34.949428966688], [150.5680976559092, -34.94922610820868], [150.5680512688365, -34.94917650888783], [150.5679685307018, -34.94909605013851], [150.5674815987903, -34.94863099631698], [150.567404748129, -34.94856302872074], [150.5668651915678, -34.94804794193914], [150.5668455843762, -34.94803009742935], [150.5664742054016, -34.94764279574832], [150.566333282441, -34.94749810257241], [150.566250721717, -34.94739973920355], [150.5661513827361, -34.94727599739923], [150.5660664347698, -34.94715301570858], [150.5659298563457, -34.94696828921292], [150.5658530930282, -34.94687596647208], [150.5657537885575, -34.94677030500804], [150.5656398119856, -34.94663156452202], [150.5654704163828, -34.94643735084799], [150.5653334227685, -34.94627916550502], [150.5652247939895, -34.94617156225132], [150.5650252868319, -34.94598589964392], [150.564863935308, -34.94590346184947], [150.564712939323, -34.94583497707481], [150.5643994355826, -34.94572333300181], [150.5641589320275, -34.94562845639445], [150.5640863200988, -34.94559851665991], [150.5637736846542, -34.94545743184176], [150.5636071247947, -34.9453565211133], [150.5635040340846, -34.94528518841594], [150.5633428729401, -34.94514840639204], [150.5631539656935, -34.94498807666662], [150.5630919750753, -34.94492940096711], [150.5629802400385, -34.94482221307709], [150.5625393518183, -34.94434638783474], [150.5624866914737, -34.94429057998593], [150.5620533089234, -34.94376015216426], [150.5619281834703, -34.94358884406438], [150.5616326472817, -34.94322997885314], [150.5613173163774, -34.94282141847589], [150.5612078700398, -34.94269972198379], [150.5607766100966, -34.94216933247105], [150.5607060234952, -34.94206865485137], [150.5605445235452, -34.94185476314613], [150.5603858007183, -34.94163975530074], [150.5602406189479, -34.9413871299609], [150.5601001852466, -34.94113237182], [150.5600887726522, -34.94111206110443], [150.5599679930538, -34.94085081807702], [150.5598600673738, -34.94058573937377], [150.5597860908626, -34.94032455015167], [150.5597243888437, -34.94006128599631], [150.559697705732, -34.93980037554087], [150.5596834718806, -34.93953873809812], [150.5597022683804, -34.93924321420565], [150.5597277785814, -34.9390179040409], [150.5597781497868, -34.93875805262411], [150.5598482858672, -34.93849860037534], [150.55986272513, -34.93845567083105], [150.5599353752058, -34.93823948678636], [150.5600429343782, -34.93798078545996], [150.5602031976335, -34.93765622570248], [150.5602986240729, -34.93746419866102], [150.5606209020519, -34.93694894704595], [150.5606754722371, -34.93687409733764], [150.5608672601256, -34.93662630798337], [150.5609957377463, -34.93648593981715], [150.5610329181146, -34.93643549903595], [150.5611106500436, -34.93634033141967], [150.5613560825451, -34.93604783555111], [150.5614605658658, -34.93592236143485], [150.5615242339727, -34.93583534267481], [150.5616236669632, -34.93566477490026], [150.5617001850552, -34.93540544747157], [150.5617485834924, -34.93514555630628], [150.5618015030399, -34.93488575589112], [150.561813549611, -34.93483909807406], [150.5618864778879, -34.93449380017063], [150.5619234340617, -34.93436647805567], [150.5619505652724, -34.93426253089473], [150.5620459782261, -34.9339166344642], [150.5620681852704, -34.93384765920092], [150.5622302679798, -34.93338660811855], [150.5622514265441, -34.93332961085315], [150.5624719953116, -34.93281231345145], [150.5626844774508, -34.93229485025256], [150.5628889864041, -34.93177723054725], [150.5629133533554, -34.93171173953766], [150.5630843028139, -34.93125942393169], [150.5632521414901, -34.93074106352191], [150.5633984271651, -34.93022227430481], [150.5634589668472, -34.92999505849696], [150.5635322752762, -34.9297032312964], [150.5636066118445, -34.92944386142284], [150.5636146868419, -34.92941914954389], [150.5636931662118, -34.92918473262887], [150.5637897113572, -34.92892580618343], [150.563893793397, -34.92866703283232], [150.5639219306329, -34.92861265699685], [150.5640585636576, -34.9283179819268], [150.5641252976209, -34.92814994800767], [150.5642302341791, -34.92791687336825], [150.5642588169519, -34.92786261385822], [150.5642965801173, -34.92778236694147], [150.5643700116459, -34.92763313158014], [150.5644435930986, -34.92748764279708], [150.5645348446058, -34.92728352985392]], [[150.5601609541839, -34.92750546057732], [150.560277843599, -34.92747699633196], [150.5605060256618, -34.92743385283046], [150.5608239609448, -34.92739335362114], [150.5611400550829, -34.92741510876488], [150.5614076059343, -34.927573677797], [150.5614496103194, -34.92765782234477], [150.5614772624029, -34.92783593790381], [150.5614376194585, -34.92806284192835], [150.5614316003013, -34.92809588424024], [150.5613324889068, -34.92835475915547], [150.5612202942667, -34.92861336722694], [150.5611020150968, -34.92887185495852], [150.5610965791604, -34.92888339856717], [150.5609792695567, -34.92913025284037], [150.5608614814414, -34.92938875214276], [150.5607580006179, -34.92962075023019], [150.560746057032, -34.92964729679477], [150.5607399265388, -34.92966107340271], [150.5606038482589, -34.92997659719913], [150.5605195121503, -34.9301644721607], [150.560418675132, -34.93038301931472], [150.5604006800526, -34.93042294795157], [150.5602961281832, -34.93068170852206], [150.560216362073, -34.93089351001186], [150.5601017500367, -34.93119953118742], [150.5598865840274, -34.93171693372568], [150.5597354559472, -34.9320609683914], [150.5596609983249, -34.93223412438977], [150.5596228877877, -34.9323197482492], [150.5594269126916, -34.93275114767988], [150.5591769292517, -34.93326784786723], [150.5591264378354, -34.93337113469619], [150.5590598126798, -34.93348240238146], [150.5588807770043, -34.93378362124855], [150.5587865227466, -34.93393558771038], [150.5585939599496, -34.934221517867], [150.5585465995606, -34.934298627244], [150.5585158752333, -34.93434543355829], [150.5583959748802, -34.93450492650197], [150.5582566795412, -34.93470468960464], [150.5581806251784, -34.93481299474178], [150.5578022869984, -34.9353271103418], [150.5577659204904, -34.93537459009536], [150.5577354918768, -34.93541359647145], [150.5574073373701, -34.93584089144969], [150.5574059985219, -34.93584256018062], [150.5572056380504, -34.93609769647787], [150.5570769319504, -34.93625705957265], [150.5569997359308, -34.93635441756538], [150.5567936804005, -34.93661113319661], [150.5567479673771, -34.93666796567391], [150.5565897091784, -34.93686789137701], [150.5564188702413, -34.93708318392345], [150.5563862788734, -34.93712466105615], [150.5561717789033, -34.93738120557259], [150.5561396218495, -34.93741968513683], [150.5560905770019, -34.93747128366277], [150.5559411440314, -34.93763742588112], [150.5557629486915, -34.93783683661627], [150.5557126054661, -34.93789368791238], [150.5554952209338, -34.93815017403938], [150.5554349162144, -34.93821586125631], [150.5552400219457, -34.93840589933268], [150.5551087533404, -34.93853190115959], [150.5549830654138, -34.93866158667055], [150.5548247791876, -34.93891926254628], [150.554775081024, -34.93910066657384], [150.5547464798082, -34.93917854712481], [150.5544579423564, -34.93943359819986], [150.5544481359268, -34.93944279153641], [150.5542451510544, -34.93969017537029], [150.5541187774511, -34.93986601923677], [150.5540525298113, -34.93994715648302], [150.5539698053135, -34.94020635328837], [150.5538270236077, -34.94046433904202], [150.5537831010602, -34.94050184448867], [150.5535285209676, -34.94071918593806], [150.5534578128683, -34.94078787764965], [150.5532631361239, -34.94097470143527], [150.5531316770488, -34.94110231214802], [150.5530027980082, -34.94123031653402], [150.5528048922386, -34.94143857480697], [150.5527587325423, -34.94148626002277], [150.5525317177295, -34.94174254570288], [150.5524768893264, -34.94181567715339], [150.5523576274283, -34.94199989838108], [150.5522290489582, -34.94225816835262], [150.5521412119683, -34.94245073249931], [150.5521128612086, -34.94251668798489], [150.552032027424, -34.94277592081795], [150.5519634893518, -34.9430354005101], [150.5519048303047, -34.94329508033798], [150.551864119565, -34.94355512104727], [150.5518409514222, -34.9438155164616], [150.5518241879569, -34.94407604001731], [150.5518292320262, -34.94433700429937], [150.5518777962789, -34.94459884515425], [150.551986560655, -34.94486190085246], [150.5520659833361, -34.94498055356883], [150.5521757225317, -34.94512657698272], [150.5523729481399, -34.94531153570244], [150.5524695872381, -34.94539336367598], [150.5526831717647, -34.94553295128242], [150.5528991190903, -34.94566288432543], [150.5529946661528, -34.94571163606292], [150.5533069946777, -34.94586238524175], [150.5534649198521, -34.94593514939191], [150.5536198217791, -34.94599635741378], [150.5539333142763, -34.94610793282249], [150.5542471023253, -34.9462096717541], [150.5542539824778, -34.94621191003768], [150.5545611564636, -34.94630244059726], [150.5548752257193, -34.94639468451601], [150.554959680617, -34.94641690386521], [150.5553576479938, -34.94651263461839], [150.5555042426489, -34.94654978935154], [150.5556147419907, -34.94657770473816], [150.5558149332896, -34.94663610438596], [150.5561325740051, -34.94672798611788], [150.5563145877688, -34.94677512904479], [150.5564470585059, -34.94680644141454], [150.556761853952, -34.94687440175687], [150.5570768229416, -34.94693649262985], [150.5573919445733, -34.94699349726545], [150.5577071759321, -34.94704690099468], [150.5578369737601, -34.94706662500573], [150.5580226179194, -34.94709313838382], [150.5583381151109, -34.94713744604366], [150.5586535893202, -34.94718262239797], [150.5587981836716, -34.9472055737902], [150.5590378483341, -34.94723787425988], [150.559284155779, -34.94728589348654], [150.5595918007573, -34.94735084508824], [150.5596046891114, -34.9473536051272], [150.5596377724992, -34.94736369933133], [150.5599126869602, -34.94745795588341], [150.5601303017147, -34.94754382219799], [150.5605374632222, -34.94775663697811], [150.5608170380158, -34.94790912357115], [150.5611605741385, -34.94811183790881], [150.5616917380363, -34.94844841967785], [150.5617824747053, -34.94850799591859], [150.562402289705, -34.94897469150789], [150.5624152038407, -34.94898467323372], [150.5628392628208, -34.94930113692158], [150.5630223553831, -34.94943332029811], [150.563142631263, -34.94952100224231], [150.5633323098036, -34.9496652477352], [150.563490555617, -34.94978884825406], [150.5636407381257, -34.94994886722122], [150.5637391778197, -34.95005470065462], [150.5637827565315, -34.95031643785575], [150.5636233830925, -34.95053511213337], [150.5635936171437, -34.95057350467158], [150.5633941429846, -34.95072288361405], [150.5630267101011, -34.95100027033618], [150.5629748157046, -34.95103877083551], [150.5629561510976, -34.95105236366129], [150.562919560694, -34.95108170014822], [150.5626314522666, -34.95133210126863], [150.5623592123553, -34.95159217471274], [150.5623231131243, -34.95164783807854], [150.5620354953886, -34.95210739905741], [150.5617270688167, -34.95262292978236], [150.5617131354742, -34.95264455704262], [150.561657828122, -34.95271513571316], [150.5614092739532, -34.95303991238194], [150.5613106284245, -34.95313628926488], [150.5610721145003, -34.95336469185281], [150.5610314128531, -34.95340292226172], [150.5610028573858, -34.95343375299893], [150.5607700995921, -34.95364715411182], [150.560677233616, -34.95373011380451], [150.5603562137279, -34.95387102616951], [150.5602498586676, -34.95389756182379], [150.5600368709254, -34.95395550530014], [150.559718560046, -34.95400508440167], [150.5593612191498, -34.95402654077549], [150.5590834936061, -34.95405169219572], [150.5589910560857, -34.95405714554391], [150.5584498110877, -34.95405171849995], [150.5581322031476, -34.95404905829048], [150.5578159774109, -34.95405692296845], [150.5575799613607, -34.95410473577613], [150.5571780662079, -34.95419931796732], [150.5570345591127, -34.95421161343199], [150.5565433574483, -34.95423391707101], [150.5562268552203, -34.95422530544272], [150.5559102734687, -34.95421371799864], [150.5552771004003, -34.95419661259604], [150.554988715846, -34.9541715943999], [150.5546446699669, -34.95415444857565], [150.5543277190354, -34.95415819067449], [150.5540104582055, -34.9541723176157], [150.5536927022447, -34.95420305604796], [150.5533747582368, -34.95424019288589], [150.5532983859958, -34.95424803400147], [150.5530185495144, -34.95428703356629], [150.5527385789219, -34.95432411320405], [150.5524217772835, -34.95433663215783], [150.5521044021668, -34.95434075791343], [150.5517878476492, -34.95432688990854], [150.5514717069306, -34.9543075279683], [150.5508400492155, -34.95423954111641], [150.550521853851, -34.95420314527797], [150.5502089386594, -34.95415313313015], [150.5499707060155, -34.95405072547641], [150.5497247391106, -34.95394643474691], [150.5495828552639, -34.9538979968313], [150.5492665665813, -34.95387954219285], [150.5489502790348, -34.9538610146102], [150.5486346386923, -34.95382072682338], [150.5483177738103, -34.95382163133712], [150.548207385357, -34.95391579792192], [150.5479925397365, -34.95410331916457], [150.54767433227, -34.95414919808843], [150.5476408442577, -34.95416521549441], [150.5473525650406, -34.95431453655056], [150.5472899110637, -34.95441898637], [150.5472043525482, -34.95456217112866], [150.547082931953, -34.95467566558978], [150.5470229313897, -34.95474363102261], [150.5469655904434, -34.95493415631938], [150.5468963615393, -34.95519361820521], [150.5468321668159, -34.95545318276021], [150.5468105277046, -34.95555873928248], [150.5467679475072, -34.95571274577514], [150.5466964492286, -34.95597216262064], [150.5466665688663, -34.95606912945885], [150.5463510051775, -34.95602605281942], [150.5460325189538, -34.95608102036721], [150.545717262782, -34.95602764545504], [150.5451332665058, -34.9559405603157], [150.5450981198144, -34.95593499739596], [150.5450901175128, -34.95593352750143], [150.5450863961751, -34.95593287358429], [150.5450820752143, -34.95593238566983], [150.5444913778711, -34.95586712444072], [150.5444547847884, -34.95586308991591], [150.5441391378433, -34.95578760221633], [150.5438258816338, -34.95570262001161], [150.5433453732841, -34.95558195366226], [150.5431974368521, -34.95552686337595], [150.5428819333113, -34.95548195247972], [150.5427403128618, -34.95548689736137], [150.5425648381449, -34.95549032631158], [150.5422509177475, -34.9553923912635], [150.542217233301, -34.95538768106923], [150.5421318301342, -34.95535810284986], [150.5419376158299, -34.95527379859823], [150.5416596759437, -34.9550876804027], [150.54162696371, -34.95506654611336], [150.5413134501805, -34.95495510786805], [150.5409969072687, -34.95494507937178], [150.5408545394799, -34.95507137249666], [150.5409880086842, -34.95524284467939], [150.5410322144802, -34.95533583318786], [150.5409836840065, -34.95538755587432], [150.5408854248832, -34.95559372006164], [150.5406590222108, -34.95564909793569], [150.5403401304172, -34.95571755031199], [150.540022215968, -34.95575328517469], [150.5397043707605, -34.95578671643415], [150.5393866774347, -34.95581504056742], [150.5393180801929, -34.9558228199387], [150.5390686195706, -34.95585556192748], [150.5387502462555, -34.95590661421227], [150.5384316589691, -34.95596480119434], [150.5381125730491, -34.95603964421321], [150.5379878918746, -34.95605670910078], [150.5377943184459, -34.95608668559566], [150.5374755118429, -34.9561521646803], [150.537155986271, -34.95624164466329], [150.5370067210062, -34.9562976656282], [150.5368353818159, -34.95636714109344], [150.5365138307972, -34.95652421997363], [150.5364727096224, -34.95654768985958], [150.5361915860193, -34.95670442601579], [150.5360117510461, -34.95679919405109], [150.5358696387091, -34.95687464985394], [150.5355489162878, -34.95700394068177], [150.5354602920042, -34.95704886000078], [150.5352272420018, -34.95716497005935], [150.534968499985, -34.95729973405821], [150.5349052366106, -34.95733700363348], [150.534588468975, -34.95733420746421], [150.534271529349, -34.95733714674122], [150.5339542519908, -34.95735134388218], [150.5336364507696, -34.9573830344201], [150.533317835402, -34.95744185298986], [150.5330857652228, -34.9575223475718], [150.53299756143, -34.95755598265453], [150.5326807397851, -34.95755496162531], [150.532584812379, -34.95751216574212], [150.5323679828123, -34.9574184276554], [150.532055586663, -34.95726988935678], [150.5319972804899, -34.95723936030186], [150.5317437662385, -34.95710219777703], [150.5315271900234, -34.95696894186875], [150.5314328305816, -34.95690505941405], [150.5311351326619, -34.95670010779662], [150.5311224682791, -34.95668884288546], [150.530812398346, -34.95646295814203], [150.5307503919382, -34.95643142232655], [150.5305005933777, -34.95629495829172], [150.5301869799749, -34.95618722756944], [150.5299934203472, -34.95615516109854], [150.5298716219299, -34.95613761881435], [150.5295550195075, -34.95612950856588], [150.5292379069432, -34.95613834961023], [150.5292234036513, -34.9561394903422], [150.5289556759034, -34.95616315283212], [150.528898779508, -34.95616809956311], [150.5286021146707, -34.95620824217087], [150.5283546396948, -34.95623747775363], [150.5280861898169, -34.95627850157689], [150.5279659457356, -34.95629065899988], [150.5276492872107, -34.95628436763565], [150.5273327879396, -34.95627281957093], [150.5270178116849, -34.95621056245909], [150.5267269653442, -34.95608865173784], [150.5267051164277, -34.95607247947981], [150.5265501893942, -34.95595465665997], [150.5264231757548, -34.95570094215572], [150.5263435966604, -34.95555912013538], [150.526306025935, -34.95546924563934], [150.5262195669407, -34.95508361725661], [150.5262031772937, -34.9550345386931], [150.5261762532404, -34.954774112211], [150.5261771557191, -34.95451228846423], [150.5262431491963, -34.95425281315596], [150.5263098367517, -34.95399327182497], [150.526315357899, -34.9537312520867], [150.5262932649498, -34.95347121460065], [150.5261581714938, -34.9531871686691], [150.526074198423, -34.95298213613637], [150.5260549737138, -34.95294463798325], [150.5260105805085, -34.95287916357023], [150.5258091792792, -34.9525692252007], [150.5256920976099, -34.95241552238269], [150.5255521793642, -34.9522666904486], [150.5254453865846, -34.952149633533], [150.5252445194706, -34.95196175988275], [150.5251520461351, -34.95188279358763], [150.524934770699, -34.95172627668626], [150.5247572300386, -34.95161388391381], [150.5246235185386, -34.9515408721673], [150.524311443237, -34.95138291638978], [150.5242099410997, -34.95134186323861], [150.5239302055807, -34.95123408729148], [150.5236846642856, -34.95115439268307], [150.5234123846626, -34.95108858730191], [150.5231393495452, -34.95102440756938], [150.5230555531326, -34.95100343340528], [150.5227401559117, -34.95095596340747], [150.5224242518227, -34.95092538255284], [150.5221080900101, -34.95090332986177], [150.521791488969, -34.95089582944007], [150.5214744550128, -34.9509027460827], [150.5211576226585, -34.95090300877996], [150.5208411250226, -34.95089208136199], [150.5205255667119, -34.95085002066446], [150.5202115321334, -34.95075744389368], [150.520173969879, -34.95073776519928], [150.5199009896919, -34.95054893279934], [150.5198223204885, -34.95046972165323], [150.5196156116823, -34.95020463877643], [150.5195954871756, -34.95017329389083], [150.519456794861, -34.94994053391542], [150.5193338612592, -34.94967716223766], [150.5192966405529, -34.94957693088969], [150.5192481678379, -34.94943625279183], [150.519246736543, -34.94939167891437], [150.5191868397321, -34.94915243851619], [150.5191614566979, -34.94895443814215], [150.5191564802161, -34.94875515832405], [150.5191452561683, -34.94862986933919], [150.5190986143057, -34.94836805651045], [150.5190222009278, -34.94817108292563], [150.5189917682984, -34.94810501323997], [150.5187914038684, -34.94784005852659], [150.5187178727234, -34.94775685825488], [150.518527881234, -34.94757381266578], [150.5185159550101, -34.94731270906163], [150.5187356811739, -34.94716613612758], [150.5189044506069, -34.94705978970853], [150.5190574851352, -34.94700053195879], [150.5193779524573, -34.946879155212], [150.5195572902783, -34.94681227033146], [150.5196984850346, -34.9467556220518], [150.5200192092551, -34.94662569691019], [150.5201725362565, -34.94656397956714], [150.5203400203879, -34.9464928935983], [150.5206606854543, -34.9463648254748], [150.5207031194113, -34.94634849050135], [150.520801910944, -34.94631597373944], [150.5209807861825, -34.9462555021239], [150.521300104415, -34.94617217538428], [150.5216187557151, -34.9461108975666], [150.5218352531751, -34.94607621179961], [150.5219371216746, -34.94605912252325], [150.5222554993236, -34.9460069866405], [150.5225738970563, -34.94595413086671], [150.5228923794431, -34.94589840933088], [150.5231300932521, -34.94584177575695], [150.5232114692191, -34.94582252886789], [150.5235300933194, -34.94576210740985], [150.5238489246459, -34.94569482263512], [150.5241679520586, -34.94562092207957], [150.5242382287045, -34.94560351868449], [150.5244871576519, -34.94554115867106], [150.5248063181372, -34.9454627953404], [150.5251251556598, -34.94539519407135], [150.5252968432241, -34.94536424190966], [150.5254437657263, -34.94533518218668], [150.5257622473581, -34.94527934826289], [150.526080517349, -34.94523062267194], [150.5263986748366, -34.9451855890066], [150.526716757724, -34.9451429872571], [150.5268377683328, -34.94513478195194], [150.5270342716918, -34.94511939223355], [150.5273513374133, -34.94511065383904], [150.5276684518674, -34.94510033165687], [150.5279878082251, -34.94501531603692], [150.5283040627974, -34.94503361698389], [150.528621091897, -34.94502608630114], [150.5287230845815, -34.94491231323553], [150.5289477622488, -34.94465602597097], [150.5289490451397, -34.94465467535196], [150.5289701590772, -34.94465648182666], [150.5292650079332, -34.94468266089598], [150.529351975804, -34.94466425252995], [150.5295840513113, -34.9446079682815], [150.5298993231617, -34.94465898223177], [150.530028950557, -34.9446780273118], [150.5302147792872, -34.94470382822288], [150.5304796504789, -34.94472932682908], [150.5305305821353, -34.94473716933953], [150.530846842801, -34.94475523737981], [150.5311014451635, -34.94475115950684], [150.5311637310571, -34.94475238608118], [150.5314813294394, -34.94472583505456], [150.5315763559254, -34.94470949904519], [150.5317999278053, -34.94466596851146], [150.5319005065267, -34.94463405829589], [150.5321196994813, -34.94456693177671], [150.5323408018227, -34.944464178619], [150.5324411430531, -34.9444120968115], [150.5327634751711, -34.94422756618729], [150.5327850619566, -34.94421234640294], [150.5330872671163, -34.94399428527663], [150.5331321994906, -34.94395853959315], [150.533412119479, -34.94372555298065], [150.5334363287856, -34.94370385846463], [150.5335461785369, -34.94355131797539], [150.5337757399759, -34.94330536761976], [150.5338691993143, -34.9431909298026], [150.5339316720689, -34.9431379978729], [150.5340665646538, -34.94302963325151], [150.5343535908966, -34.94279431779785], [150.5344912876762, -34.9426818426187], [150.5347166672659, -34.94247833424356], [150.534838474386, -34.94236203769429], [150.535027711955, -34.94217101284289], [150.5353714982289, -34.94176879770328], [150.5354379710068, -34.94168394204593], [150.5354559763659, -34.94165798549676], [150.5357959222283, -34.94114316348436], [150.536035856702, -34.94074054847744], [150.5360973477519, -34.94062755867839], [150.5362278723353, -34.94036934529129], [150.5363498899061, -34.94011096110097], [150.5363730369053, -34.94005908023189], [150.5364596636025, -34.93985232733718], [150.5365646546275, -34.93959359542038], [150.5366642655201, -34.93933475621714], [150.5367158696415, -34.93918849158092], [150.5367534824427, -34.9390757040552], [150.5368285863289, -34.9388163664853], [150.5368468372402, -34.93872042036003], [150.5368981991045, -34.93855691844595], [150.5369611433674, -34.9382973330878], [150.537066446975, -34.93805873993978], [150.53712711293, -34.93803983952523], [150.5373846944351, -34.93800958959946], [150.5375379758468, -34.93778731066652], [150.5376548859794, -34.93752882032709], [150.5376978114913, -34.93726882949278], [150.53768241529, -34.9370076568888], [150.5376004624927, -34.93674513351561], [150.5374770928669, -34.93648176912001], [150.5374327760334, -34.93640195134265], [150.537305392353, -34.93621742533253], [150.5371576257104, -34.93595356777814], [150.5371320782257, -34.93586457261159], [150.5370582987482, -34.93569069065478], [150.5371390689281, -34.93563084730602], [150.5374108156381, -34.93569784076584], [150.5374535808854, -34.93570628982127], [150.5377672953407, -34.93580842006872], [150.5380802111728, -34.93593728877153], [150.5382522099645, -34.93597576509501], [150.5383951163649, -34.93599964821522], [150.5387110632893, -34.93602716835551], [150.5390273224693, -34.93604425631844], [150.5393444618418, -34.93603189018785], [150.5395481616973, -34.93600203322234], [150.5396627944122, -34.93597958288331], [150.5399809964964, -34.93593163563349], [150.5402974489704, -34.93594225798398], [150.5406140236998, -34.93594877020325], [150.5409305800458, -34.93595592107567], [150.541247968217, -34.93593520701978], [150.541566063369, -34.93589080894452], [150.5418845698462, -34.93583261122279], [150.5420812494662, -34.93579247465618], [150.5422033546082, -34.93576508615769], [150.542522435284, -34.93568762907358], [150.5428417102619, -34.9356036411869], [150.5430457983027, -34.93555113449145], [150.5431610240475, -34.93551835162941], [150.5434809207308, -34.93541348130555], [150.5437778250088, -34.93530508405149], [150.5438011969632, -34.9352958395998], [150.5441222308688, -34.93515278333314], [150.544311511494, -34.93505501593359], [150.5444439676594, -34.93498613940454], [150.5447660946151, -34.93480334688013], [150.5447661850128, -34.93480329397107], [150.5450890955788, -34.9345971880511], [150.5451565895519, -34.93455038037354], [150.545412518797, -34.93437378862177], [150.5454632531593, -34.93433658609013], [150.5455186381828, -34.93429683851991], [150.5457365202276, -34.93413096946392], [150.5458456616851, -34.93404258563663], [150.5460608930679, -34.93387560159681], [150.5463794736836, -34.93381454630565], [150.5464290168189, -34.93379351270431], [150.5467026579928, -34.93359898488558], [150.5467847382068, -34.93353983903546], [150.5470261454943, -34.93337314720713], [150.5471568641565, -34.9332864936668], [150.5473500950629, -34.93313177533787], [150.5476695665504, -34.93304067724392], [150.5476796943012, -34.93303619183837], [150.547993746818, -34.93279146974754], [150.5480050529582, -34.93278190119577], [150.5482831427215, -34.93252665423427], [150.5483193910515, -34.93249293937907], [150.5485152631225, -34.93232394581133], [150.5488832060903, -34.9320170421168], [150.548936732674, -34.93196563647598], [150.5489695130206, -34.93193495217128], [150.5492484805745, -34.93172122862325], [150.5495285864711, -34.93150834535163], [150.5495559462078, -34.93148398587846], [150.5496181419967, -34.93142676229968], [150.5498503814994, -34.93121422783184], [150.550076278565, -34.93099767203984], [150.5501856902705, -34.93086364875217], [150.550271088959, -34.93077317259127], [150.5505852803096, -34.93048621364045], [150.5506716524787, -34.93038731230445], [150.550924483947, -34.93010415991881], [150.5510500250999, -34.93002458520044], [150.5511392696518, -34.92997566418717], [150.5514476973656, -34.92977051812863], [150.5515329408207, -34.92970757262719], [150.5515706157042, -34.92967914963327], [150.5518931889259, -34.92948311425732], [150.5519095523844, -34.92946946879584], [150.5522199665354, -34.9291455164979], [150.5522865707662, -34.92906090727132], [150.5523673061099, -34.92895697116967], [150.5525866407799, -34.92869688125552], [150.5528172616577, -34.92844431649627], [150.5528756544614, -34.92839838265377], [150.5531997774895, -34.92819480399646], [150.5535213176512, -34.9279882686638], [150.5535657979663, -34.92795558969931], [150.553604938635, -34.92793846023858], [150.5538831216375, -34.92782140066447], [150.5541630849382, -34.9277092205009], [150.5542297723484, -34.9276901857466], [150.554482186276, -34.92762961177624], [150.5548003925907, -34.92758021370713], [150.5551180022563, -34.92755086425723], [150.5554352328244, -34.9275342816029], [150.5558800731275, -34.92754015692577], [150.5560684817174, -34.927541962671], [150.5567012920593, -34.92756439510674], [150.5573330030304, -34.92762399549787], [150.5579649405697, -34.92767590693319], [150.5582809509208, -34.92770016559513], [150.5585971381198, -34.92771919866027], [150.5590334407968, -34.9277054761161], [150.5592312814383, -34.92769668946488], [150.5595495694073, -34.92764450215378], [150.5598685525613, -34.92756867212148], [150.5599764191672, -34.92754492879328], [150.5601609541839, -34.92750546057732]]]}}]}